county_fips,county_name,state_abbr,year,num_establishments,total_employment,total_wages,taxable_wages,avg_weekly_wage,avg_annual_pay,employment_yoy_pct_change,wage_yoy_pct_change,location_quotient_employment,unemployment_rate,median_household_income
01001,"County 001, AL",AL,2023,761,2975,173239733,116791229,1125.43,58522.2,2.9,3.92,1.4837,5.51,66810.96
01002,"County 002, AL",AL,2023,1543,4518,254570861,202164802,1099.57,57177.71,0.57,3.03,0.884,5.64,72329.62
01003,"County 003, AL",AL,2023,15775,36077,1942815306,1348141227,1049.21,54558.66,3.78,3.59,0.7452,4.69,72576.8
01004,"County 004, AL",AL,2023,7953,39693,2315242544,1705174051,1145.96,59590.09,1.52,5.02,1.0239,5.31,74744.42
01005,"County 005, AL",AL,2023,2519,10764,584262153,428661802,1085.68,56455.47,3.38,0.77,0.8894,5.38,73108.51
01006,"County 006, AL",AL,2023,12414,48225,3130819464,2412861868,1260.01,65520.41,-1.87,2.14,1.1901,4.88,77709.05
01007,"County 007, AL",AL,2023,6837,19554,1177848648,712059465,1198.28,62310.81,0.01,1.65,1.1858,4.56,72874.77
01008,"County 008, AL",AL,2023,10355,28920,1619239279,1088715805,1062.89,55270.22,-2.66,1.42,0.7054,5.63,65116.64
01009,"County 009, AL",AL,2023,25149,110463,5525560444,3421859083,984.38,51187.66,0.11,5.31,0.5463,5.88,68995.56
01010,"County 010, AL",AL,2023,612,2368,145131079,104032801,1163.81,60518.01,0.36,1.96,1.0648,5.21,78801.48
01011,"County 011, AL",AL,2023,11604,27982,1561804864,1118583741,1029.59,53538.59,-2.48,4.94,0.9252,4.23,63786.91
01012,"County 012, AL",AL,2023,26714,52613,3283913666,2281327862,1191.77,61971.88,1.63,2.34,0.8647,4.46,71955.83
01013,"County 013, AL",AL,2023,5392,20849,959860549,629905372,870.37,45259.14,1.66,6.98,1.0467,6.63,62642.57
01014,"County 014, AL",AL,2023,945,3988,214119927,142053107,1001.64,52085.51,3.29,4.49,0.9467,5.45,64936.98
01015,"County 015, AL",AL,2023,1662,10534,648155797,504367941,1154.56,60037.31,0.66,4.31,1.5795,5.23,69734.59
01016,"County 016, AL",AL,2023,13115,26640,1267936470,791891733,939.63,48860.85,5.27,3.48,0.8745,6.82,61224.59
01017,"County 017, AL",AL,2023,9925,40234,2195228677,1417966706,1102.87,57349.06,1.19,4.96,0.4879,5.16,66363.36
01018,"County 018, AL",AL,2023,1200,5237,242330984,151396466,923.95,48045.46,2.18,2.93,0.8916,6.5,69083.47
01019,"County 019, AL",AL,2023,2967,10383,637603652,396066305,1165.32,60596.58,1.19,4.21,2.4136,6.53,67774.68
01020,"County 020, AL",AL,2023,490,1654,116695562,88614340,1313.53,68303.43,-4.41,3.51,0.6895,4.19,71124.68
01021,"County 021, AL",AL,2023,249,1238,61339038,46820931,929.95,48357.22,8.22,1.69,0.8791,5.95,75176.67
01022,"County 022, AL",AL,2023,4065,9869,530160770,330342122,1070.14,55647.36,0.36,3.32,1.0847,4.85,72171.44
01023,"County 023, AL",AL,2023,6270,20355,1235892961,752281881,1128.02,58657.28,0.72,7.57,1.7344,5.44,67352.92
01024,"County 024, AL",AL,2023,4686,27046,1713090351,1061812163,1168.43,60758.6,3.28,4.62,0.678,4.64,73432.39
01025,"County 025, AL",AL,2023,2923,11029,683998105,473709640,1151.48,59877.11,0.37,4.12,1.1092,4.77,62933.52
01026,"County 026, AL",AL,2023,32166,172571,9552332858,7041489452,1077.47,56028.4,0.12,6.14,1.2262,6.66,75872.27
01027,"County 027, AL",AL,2023,59501,213178,12157999973,7995479173,1082.39,56284.04,3.43,1.68,1.315,5.1,75956.49
01028,"County 028, AL",AL,2023,72308,249570,15170870272,11532544150,1117.71,58120.98,4.74,4.95,0.783,4.35,71090.79
01029,"County 029, AL",AL,2023,1948,6570,415950718,293048243,1221.67,63526.7,1.14,4.55,1.7606,3.22,70403.93
01030,"County 030, AL",AL,2023,772,1910,128398111,94275835,1258.26,65429.28,3.63,4.22,1.0855,4.99,69898.88
01031,"County 031, AL",AL,2023,4113,15758,781639632,583054032,965.16,50188.32,-0.9,2.32,1.0734,6.26,67414.31
01032,"County 032, AL",AL,2023,19392,45035,3527911613,2202772748,1486.11,77277.83,4.97,2.98,1.0385,5.19,71536.16
01033,"County 033, AL",AL,2023,380,1583,102290363,63636643,1208.66,62850.11,-4.82,3.9,0.8478,5.27,76564.75
01034,"County 034, AL",AL,2023,1871,5288,304806665,197565198,1163.27,60490.3,0.51,4.15,1.3327,4.72,74598.9
01035,"County 035, AL",AL,2023,4938,14514,682483594,525431676,928.55,48284.83,-0.74,5.15,0.9051,5.84,71946.69
01036,"County 036, AL",AL,2023,6184,15691,787154625,587944853,999.18,51957.42,-1.26,3.16,1.3248,6.86,61242.36
01037,"County 037, AL",AL,2023,1219,4457,189738122,117323467,846.33,44009.36,-0.37,1.87,0.7953,6.25,63630.42
01038,"County 038, AL",AL,2023,11197,24729,1181490483,862306848,900.8,46841.74,3.75,4.49,0.9551,6.04,75606.28
01039,"County 039, AL",AL,2023,5248,16445,862823855,627208941,997.91,51891.32,1.74,2.3,0.5733,3.83,62536.61
01040,"County 040, AL",AL,2023,5384,9518,488226274,361482946,980.0,50959.88,0.25,4.13,1.242,5.27,73023.64
01041,"County 041, AL",AL,2023,9983,16581,1207625198,947033494,1348.51,70122.32,0.82,3.49,0.7612,4.86,72069.79
01042,"County 042, AL",AL,2023,13065,44376,2673106717,1782497081,1184.4,61588.86,0.19,5.48,0.5268,4.71,62533.36
01043,"County 043, AL",AL,2023,40075,115236,5301617415,4197215416,896.86,46636.58,7.01,4.58,0.8221,6.14,57954.1
01044,"County 044, AL",AL,2023,5084,16355,970648591,614596608,1181.03,61413.77,3.2,6.73,0.7121,4.27,79087.55
01045,"County 045, AL",AL,2023,28371,94869,5626974109,3904362566,1148.24,59708.49,0.06,2.11,0.8547,5.44,63812.46
01046,"County 046, AL",AL,2023,3012,7663,390980183,300553378,1007.0,52364.08,1.58,3.48,0.9151,5.34,69353.21
01047,"County 047, AL",AL,2023,14897,50692,3285052018,2530814269,1213.63,63108.87,0.74,3.25,0.7682,4.07,66949.07
01048,"County 048, AL",AL,2023,1693,7601,472275766,300131871,1179.44,61330.97,3.21,5.13,0.9457,4.47,75113.51
01049,"County 049, AL",AL,2023,585,1939,101113834,80523133,989.6,51459.05,4.3,6.05,0.9154,5.81,55879.39
01050,"County 050, AL",AL,2023,2181,8973,665687392,473051280,1435.29,74634.98,1.55,6.7,0.6519,4.48,87464.67
01051,"County 051, AL",AL,2023,1527,7185,396689776,316204607,1062.84,55267.75,1.56,0.61,1.1977,4.85,76015.16
01052,"County 052, AL",AL,2023,2189,7663,470884310,287116855,1196.95,62241.4,-1.63,4.22,0.6076,5.3,68748.07
01053,"County 053, AL",AL,2023,13258,39155,2849796449,1712442757,1351.27,70266.04,1.63,2.68,1.1793,4.08,74333.96
01054,"County 054, AL",AL,2023,512,3550,274989579,197460130,1520.22,79051.23,0.18,3.28,0.9357,3.15,83243.29
01055,"County 055, AL",AL,2023,691,2463,146498358,91907833,1154.47,60032.29,2.5,0.68,1.0592,4.74,81026.09
01056,"County 056, AL",AL,2023,33673,146451,8922647996,6485944682,1177.15,61211.81,3.99,3.22,0.5531,4.98,67805.63
01057,"County 057, AL",AL,2023,2427,13446,843034838,630980881,1202.18,62513.14,2.92,4.29,0.7789,3.87,77082.39
01058,"County 058, AL",AL,2023,144676,518733,29551183759,20545503703,1102.33,57321.18,4.09,2.86,0.8587,4.82,74520.97
01059,"County 059, AL",AL,2023,2102,8645,467341625,370113491,1090.2,56690.51,-1.11,2.39,0.4439,4.46,65707.38
01060,"County 060, AL",AL,2023,20034,64225,3573684625,2643232752,1119.25,58200.97,-1.32,4.81,0.9254,5.67,70894.64
01061,"County 061, AL",AL,2023,1061,3850,185234341,127119919,940.95,48929.48,0.08,1.96,0.9669,6.55,55387.01
01062,"County 062, AL",AL,2023,1933,4151,256822748,177760872,1246.06,64795.14,2.08,3.9,1.2117,4.65,75320.97
01063,"County 063, AL",AL,2023,17180,40148,1590964206,1135697723,782.28,40678.46,-1.59,0.45,1.0353,6.83,72065.71
01064,"County 064, AL",AL,2023,2063,8651,484510099,349179107,1081.97,56262.49,5.42,5.84,0.7245,5.94,73288.69
01065,"County 065, AL",AL,2023,31593,86378,5247849148,3512363032,1226.0,63751.86,1.17,2.8,0.6389,6.2,82105.75
01066,"County 066, AL",AL,2023,9730,19477,1196724196,759427756,1159.21,60278.98,1.11,1.46,0.9822,4.98,80885.78
01067,"County 067, AL",AL,2023,4970,19413,1120671977,733633832,1096.79,57033.29,-0.91,1.55,1.1959,5.53,61503.88
02001,"County 001, AK",AK,2023,1004,4775,276181336,197024329,1087.73,56562.02,2.67,1.56,0.8943,5.88,72716.71
02002,"County 002, AK",AK,2023,5560,19083,1057794425,779082856,1077.3,56019.41,3.68,1.75,0.845,6.88,67672.55
02003,"County 003, AK",AK,2023,337,1140,61398130,45816954,1011.29,52586.9,3.99,6.61,0.6739,5.61,68173.86
02004,"County 004, AK",AK,2023,4411,11470,611083308,412743348,977.7,50840.27,7.38,3.63,1.0469,6.3,87046.6
02005,"County 005, AK",AK,2023,2255,7246,348571202,235439349,954.03,49609.78,3.69,3.83,1.125,6.42,60913.78
02006,"County 006, AK",AK,2023,744,4598,243680274,156057141,1042.3,54199.63,-0.36,3.07,0.8149,5.79,74058.37
02007,"County 007, AK",AK,2023,12752,44958,1659930287,1093819013,728.06,37859.05,2.74,3.75,1.0821,7.46,59755.26
02008,"County 008, AK",AK,2023,1071,3228,155133975,119322753,963.02,50077.07,0.91,2.8,0.8668,6.08,69250.16
02009,"County 009, AK",AK,2023,1360,5767,235583359,177159391,793.13,41242.65,2.63,6.66,0.8043,8.17,65706.25
02010,"County 010, AK",AK,2023,3624,15455,871966968,565951725,1090.46,56704.05,5.46,5.88,1.6532,6.12,80608.18
02011,"County 011, AK",AK,2023,2242,12277,602096671,420336681,941.47,48956.19,2.57,4.54,0.9219,6.17,70334.58
02012,"County 012, AK",AK,2023,38032,71037,4016558649,2613321353,1120.08,58244.16,5.35,5.36,1.0769,6.32,76937.92
02013,"County 013, AK",AK,2023,6117,21097,654863450,490049333,578.52,30083.03,-1.31,4.61,1.1819,6.19,58251.07
02014,"County 014, AK",AK,2023,4517,9223,508705671,399210164,1092.16,56792.07,0.49,3.6,0.9876,4.6,72551.49
02015,"County 015, AK",AK,2023,16731,50399,2626508015,2060155378,1013.04,52678.33,0.5,1.93,1.472,5.58,64895.25
02016,"County 016, AK",AK,2023,5486,26778,1645994515,1000848196,1142.55,59412.45,-0.51,4.4,0.8995,5.17,79362.59
02017,"County 017, AK",AK,2023,83043,192838,11105156721,7793452735,1083.65,56349.55,3.32,5.28,0.9795,5.13,71559.14
02018,"County 018, AK",AK,2023,5048,17632,905442343,546844881,971.71,50529.05,-0.09,6.4,0.8392,4.7,65787.07
02019,"County 019, AK",AK,2023,4498,14756,878090512,686724191,1124.72,58485.4,4.02,4.91,0.4782,5.31,63691.59
02020,"County 020, AK",AK,2023,6171,19672,1105027747,668150072,1060.58,55149.98,1.68,3.8,1.4122,5.33,77120.1
02021,"County 021, AK",AK,2023,1597,4273,228356380,148166981,1045.06,54343.19,1.65,4.78,0.7157,6.17,66519.87
02022,"County 022, AK",AK,2023,11021,18684,1237808025,814309372,1255.84,65303.9,3.29,4.6,0.9476,6.4,75378.61
02023,"County 023, AK",AK,2023,1808,6147,363330497,228050132,1099.38,57167.97,2.5,1.79,0.9229,4.4,69435.41
02024,"County 024, AK",AK,2023,66832,123510,7683854931,4822383539,1250.2,65010.19,4.08,3.91,1.0394,4.93,70538.25
02025,"County 025, AK",AK,2023,10426,41729,2278135706,1664263214,1030.69,53595.83,1.36,6.01,1.738,6.26,77260.65
02026,"County 026, AK",AK,2023,26553,63657,3618203177,2740762764,1109.33,57685.07,-0.39,2.37,1.5781,6.32,81669.49
02027,"County 027, AK",AK,2023,841,2740,142403713,89814748,1041.53,54159.69,3.88,2.02,1.1707,5.84,68897.01
02028,"County 028, AK",AK,2023,3234,14441,734725848,567326053,1014.23,52740.22,0.76,3.33,0.7866,7.01,71182.62
02029,"County 029, AK",AK,2023,5004,17849,952583013,641641692,1029.96,53558.15,-2.01,2.82,1.0051,6.42,74740.82
02030,"County 030, AK",AK,2023,25752,64990,3834911989,2802200735,1177.48,61229.04,4.74,4.0,1.0005,6.63,63572.92
04001,"County 001, AZ",AZ,2023,882,4715,235377096,143554567,1007.73,52401.73,-2.06,0.37,0.9599,3.0,60497.5
04002,"County 002, AZ",AZ,2023,1633,5050,204837953,146012390,794.76,41327.57,-1.19,4.94,0.9963,3.28,54357.4
04003,"County 003, AZ",AZ,2023,10264,38032,1827568972,1118284589,885.54,46047.88,5.65,7.33,0.6506,3.39,65487.12
04004,"County 004, AZ",AZ,2023,615,2196,84562984,56156539,714.78,37168.62,-0.97,2.22,2.2224,4.84,58500.65
04005,"County 005, AZ",AZ,2023,2824,10355,268468833,194348306,518.53,26963.72,-2.18,6.18,0.9846,6.18,51529.57
04006,"County 006, AZ",AZ,2023,1504,4267,143504040,109240756,641.82,33374.61,-0.56,1.78,0.6607,4.88,53994.6
04007,"County 007, AZ",AZ,2023,5591,14648,765333148,549406824,969.29,50402.83,5.02,2.84,1.4415,3.95,57961.51
04008,"County 008, AZ",AZ,2023,2236,12572,627729444,459341448,963.89,50122.13,-1.0,2.67,1.3114,3.88,68594.18
04009,"County 009, AZ",AZ,2023,18936,57808,2040035867,1329051690,661.74,34410.53,-1.28,4.99,1.2556,5.23,60510.55
04010,"County 010, AZ",AZ,2023,3003,10007,364385226,268218047,734.13,38174.63,1.72,3.41,1.5186,2.82,44449.05
04011,"County 011, AZ",AZ,2023,5325,16447,613836001,437674633,726.96,37801.92,1.24,3.01,0.871,2.87,55640.05
04012,"County 012, AZ",AZ,2023,410,1550,48684636,32856909,582.02,30264.98,-5.55,4.91,1.3019,4.77,38556.68
04013,"County 013, AZ",AZ,2023,11083,88455,2599624450,1995324515,549.0,28547.78,1.82,4.82,1.9016,4.9,52067.7
04014,"County 014, AZ",AZ,2023,19129,92987,3557558565,2163063208,727.11,37809.81,3.23,4.33,0.5734,4.47,58065.54
04015,"County 015, AZ",AZ,2023,1311,3476,150309628,92612834,793.91,41283.56,2.46,8.68,0.9279,3.75,58057.57
05001,"County 001, AR",AR,2023,2143,6912,420136122,322452435,1120.09,58244.84,2.35,7.24,1.1772,2.18,86891.92
05002,"County 002, AR",AR,2023,2840,9228,420091900,267965153,892.35,46402.22,2.42,1.77,1.592,4.11,88896.22
05003,"County 003, AR",AR,2023,16363,62450,3862558673,2739076080,1155.26,60073.51,1.92,4.32,1.6749,3.36,75915.08
05004,"County 004, AR",AR,2023,2131,12351,831087759,628280711,1351.11,70257.95,-0.82,2.59,1.6771,1.4,97144.41
05005,"County 005, AR",AR,2023,73761,223175,15168740931,9818302600,1247.54,64872.26,0.66,3.43,0.8419,1.66,95883.14
05006,"County 006, AR",AR,2023,11275,35305,2033127490,1571256562,1094.56,56917.1,4.63,6.26,0.7421,4.33,93807.42
05007,"County 007, AR",AR,2023,4423,17301,1077086426,786960678,1219.08,63392.14,-0.81,5.28,1.3804,2.73,95471.23
05008,"County 008, AR",AR,2023,952,4446,276605272,190120069,1195.45,62163.48,-5.92,1.55,1.4804,1.74,92993.8
05009,"County 009, AR",AR,2023,32582,98027,7707829773,6007105414,1516.81,78874.13,-0.01,3.21,1.1954,1.29,96734.41
05010,"County 010, AR",AR,2023,7712,14738,1116581900,819985185,1433.66,74550.44,-0.34,2.26,1.1746,2.4,96966.25
05011,"County 011, AR",AR,2023,440,2698,159993563,116053730,1175.84,61143.78,-4.18,3.46,0.9446,4.0,83446.28
05012,"County 012, AR",AR,2023,56598,180351,11322202663,8396902266,1176.63,61184.57,-0.55,5.38,0.6184,2.58,91644.03
05013,"County 013, AR",AR,2023,3648,17273,990270546,749082469,1104.6,57438.97,-1.4,5.08,0.6613,2.07,85941.79
05014,"County 014, AR",AR,2023,6764,24704,1099410573,728655635,834.81,43410.35,1.8,3.92,1.2115,3.99,72764.6
05015,"County 015, AR",AR,2023,4917,21916,1312040537,1049325316,1110.51,57746.5,-5.4,3.38,0.9362,2.17,94597.59
05016,"County 016, AR",AR,2023,1884,12841,836615424,594358821,1244.44,64710.77,-1.44,7.42,0.7148,2.73,83900.38
05017,"County 017, AR",AR,2023,35073,125278,7607114490,5486706481,1195.45,62163.54,0.88,0.59,0.7549,2.71,93168.41
05018,"County 018, AR",AR,2023,1382,5671,284422331,181570731,947.32,49260.58,3.4,5.26,0.9502,2.64,86084.15
05019,"County 019, AR",AR,2023,687,2954,146992484,100835581,980.0,50960.1,-2.49,3.85,0.9259,3.14,86084.62
05020,"County 020, AR",AR,2023,782,2879,116861840,74978511,818.35,42554.39,1.09,4.79,0.7819,3.22,74262.18
05021,"County 021, AR",AR,2023,12643,58721,2992165298,2179644258,945.7,49176.35,-0.35,4.48,1.1716,3.22,86539.63
05022,"County 022, AR",AR,2023,1001,3010,205512696,130927012,1353.54,70384.21,4.87,4.71,1.0707,1.66,92971.16
05023,"County 023, AR",AR,2023,3147,9616,522207628,336791488,1054.68,54843.32,-2.97,4.38,0.7664,3.12,88129.55
05024,"County 024, AR",AR,2023,24934,97945,3955306573,2413161009,798.34,41513.51,4.17,1.6,0.7477,3.49,81813.16
05025,"County 025, AR",AR,2023,12201,72645,4395008763,3291660208,1160.27,60334.15,2.73,-0.55,1.2548,1.17,90634.93
05026,"County 026, AR",AR,2023,22121,94736,5190707069,3879039495,1081.06,56215.07,0.51,3.37,0.5778,2.9,79714.97
05027,"County 027, AR",AR,2023,11122,18279,1083791789,864135100,1143.2,59446.6,-0.27,4.2,1.0007,2.64,86474.84
05028,"County 028, AR",AR,2023,504,1590,91417029,65936595,1124.01,58448.54,2.38,2.49,0.9065,1.27,84392.06
05029,"County 029, AR",AR,2023,20920,85090,4538375140,3082860355,1076.18,55961.36,3.66,2.84,0.5767,1.49,85740.5
05030,"County 030, AR",AR,2023,7010,25741,1137080359,900229998,891.66,46366.18,0.24,4.05,0.4431,3.3,93596.59
05031,"County 031, AR",AR,2023,8881,27565,1510106639,1080816331,1069.62,55620.21,1.19,1.98,1.0453,2.15,85604.23
05032,"County 032, AR",AR,2023,954,2085,120218298,73911596,1057.04,54966.28,1.72,2.11,0.8309,2.71,88139.71
05033,"County 033, AR",AR,2023,4076,17131,946859034,656675610,1079.53,56135.81,1.0,2.32,1.0397,2.28,95865.35
05034,"County 034, AR",AR,2023,884,3016,172294528,113978532,1070.23,55651.92,3.71,2.41,0.8052,2.09,85432.44
05035,"County 035, AR",AR,2023,18285,41343,2072266712,1530800192,1000.43,52022.16,-0.47,2.67,0.6907,1.97,85905.82
05036,"County 036, AR",AR,2023,11206,58864,3421898713,2376546970,1089.55,56656.82,5.74,5.82,1.1095,1.49,89766.17
05037,"County 037, AR",AR,2023,44829,127482,5417524425,3785231445,784.17,40776.89,4.51,5.8,0.5728,3.65,86644.45
05038,"County 038, AR",AR,2023,4873,18096,783994490,559769385,874.05,45450.6,1.1,2.79,0.8564,3.13,85882.31
05039,"County 039, AR",AR,2023,2630,8107,519541285,390289092,1232.39,64084.17,3.88,0.28,0.5012,2.39,92019.56
05040,"County 040, AR",AR,2023,2901,10421,677692925,523174945,1233.46,64139.75,3.4,6.0,1.2531,1.46,95449.13
05041,"County 041, AR",AR,2023,30948,171059,11070365276,7352604669,1273.96,66246.07,2.51,4.84,1.0313,2.23,91734.47
05042,"County 042, AR",AR,2023,1078,3863,269090837,185472599,1294.22,67299.52,-3.62,3.86,0.6761,1.69,96808.95
05043,"County 043, AR",AR,2023,5736,18222,1177005169,711316825,1232.09,64068.92,4.08,4.51,0.6133,2.69,86625.23
05044,"County 044, AR",AR,2023,20769,53647,3270446467,2321685769,1126.84,58595.63,2.06,5.37,0.8215,1.97,83613.48
05045,"County 045, AR",AR,2023,436,1250,87119247,53072404,1378.28,71670.52,5.03,2.98,1.0361,1.0,96802.69
05046,"County 046, AR",AR,2023,3758,23644,1614719394,1163697896,1316.62,68463.99,-3.92,3.32,0.8158,1.0,96291.16
05047,"County 047, AR",AR,2023,852,3143,194718524,152852579,1251.76,65091.39,-1.43,3.86,1.0529,1.74,94685.69
05048,"County 048, AR",AR,2023,10936,38551,2721357095,1859913471,1342.12,69790.34,4.04,3.23,0.5986,1.0,99757.45
05049,"County 049, AR",AR,2023,21690,72760,4139986747,2789513592,1069.29,55602.97,3.3,0.71,0.8683,1.93,94706.16
05050,"County 050, AR",AR,2023,42467,178555,9909900484,7782582754,1054.8,54849.7,1.71,1.59,0.4662,2.36,78885.35
05051,"County 051, AR",AR,2023,978,4526,268909871,179365405,1167.68,60719.18,-0.16,4.19,0.6987,3.07,84527.42
05052,"County 052, AR",AR,2023,2099,7159,401497103,296106838,1117.32,58100.74,2.69,4.23,0.9695,2.14,93345.33
05053,"County 053, AR",AR,2023,3049,11178,562195638,349535802,952.79,49545.04,2.02,6.64,1.1865,3.08,82710.29
05054,"County 054, AR",AR,2023,2519,9042,550613912,376760887,1189.52,61854.94,-1.93,4.5,1.2103,2.47,95877.85
05055,"County 055, AR",AR,2023,8608,29955,1758836883,1070198111,1077.33,56021.32,-0.19,4.58,1.0922,1.47,94040.25
05056,"County 056, AR",AR,2023,1369,3180,167105916,116134495,964.45,50151.56,1.45,6.66,1.0573,2.89,82483.97
05057,"County 057, AR",AR,2023,8885,38517,2362447776,1823587987,1178.99,61307.33,-2.21,4.82,0.4023,2.48,88415.15
05058,"County 058, AR",AR,2023,2772,6482,384665626,283116588,1176.5,61177.88,3.96,2.01,1.1086,3.06,94047.5
05059,"County 059, AR",AR,2023,1030,6491,413318013,322395595,1260.6,65551.43,-1.33,5.18,0.6514,3.02,107002.61
05060,"County 060, AR",AR,2023,5830,21041,983652869,730576024,880.5,45786.19,-2.14,6.9,1.1002,3.45,82275.94
05061,"County 061, AR",AR,2023,17347,75047,4202413082,2612429622,1128.84,58699.86,-3.47,3.33,1.02,1.43,89459.83
05062,"County 062, AR",AR,2023,168,653,40144368,30161663,1218.55,63364.36,4.03,5.2,0.9672,1.83,88584.51
05063,"County 063, AR",AR,2023,7204,25249,1732112032,1318621807,1284.96,66818.0,3.65,2.35,0.5311,3.26,94568.67
05064,"County 064, AR",AR,2023,2106,6738,382358952,294941019,1080.22,56171.4,-0.52,4.18,1.1464,2.99,93050.59
05065,"County 065, AR",AR,2023,8332,37890,2407342867,1649497352,1175.54,61128.17,2.86,3.88,0.7534,2.38,90584.86
05066,"County 066, AR",AR,2023,85183,345028,23165682062,18392493250,1323.38,68815.59,0.53,4.38,0.7561,1.63,95428.95
05067,"County 067, AR",AR,2023,10352,22860,1266297925,902582313,1107.9,57610.54,-0.33,2.55,0.719,3.26,87320.13
05068,"County 068, AR",AR,2023,5172,12417,666825342,424897696,993.53,51663.31,2.3,2.34,1.2676,2.23,83858.07
05069,"County 069, AR",AR,2023,33935,119987,8103230734,6368543263,1350.88,70245.58,-0.37,2.69,0.7425,1.0,93329.52
05070,"County 070, AR",AR,2023,7369,28505,1749138638,1278176228,1237.11,64329.72,6.78,4.22,0.5211,1.35,83463.13
05071,"County 071, AR",AR,2023,3325,12973,821791704,503040190,1243.46,64659.76,-1.02,3.87,1.0624,1.0,91412.63
05072,"County 072, AR",AR,2023,2631,12274,713611834,512019272,1131.79,58853.02,4.18,3.27,0.8524,2.8,92755.35
05073,"County 073, AR",AR,2023,18416,48502,3635535002,2273346420,1432.59,74494.46,1.5,3.62,0.7967,1.0,97203.17
05074,"County 074, AR",AR,2023,4034,21456,1340816734,862485542,1195.04,62142.28,6.94,4.3,1.185,1.41,84746.76
05075,"County 075, AR",AR,2023,910,5259,303753220,200010046,1145.12,59546.35,4.55,2.35,0.614,3.16,92474.61
06001,"County 001, CA",CA,2023,1036,3780,107055660,71184384,548.15,28503.64,1.25,4.24,1.4617,4.94,36775.12
06002,"County 002, CA",CA,2023,5195,18527,965543545,726875867,1035.94,53868.71,-4.2,2.98,1.1569,2.27,63232.23
06003,"County 003, CA",CA,2023,2162,16993,1072336454,750206216,1204.68,62643.29,3.51,3.82,1.4722,2.9,66317.21
06004,"County 004, CA",CA,2023,23867,44696,1508941918,926230245,671.37,34911.06,3.42,3.03,1.5034,4.9,64407.5
06005,"County 005, CA",CA,2023,2035,6447,253759857,180081865,777.57,40433.61,1.34,2.91,1.9687,3.87,60485.21
06006,"County 006, CA",CA,2023,15698,51455,2510712750,1850503066,923.1,48001.29,-0.3,4.53,2.1859,3.24,59532.84
06007,"County 007, CA",CA,2023,22481,75810,4064227884,2927966814,993.99,51687.4,0.84,5.6,0.7292,2.02,60398.04
06008,"County 008, CA",CA,2023,2339,9989,555141364,341063550,1042.88,54229.98,4.12,3.46,0.4872,2.97,64297.11
06009,"County 009, CA",CA,2023,2881,10632,574828550,435981109,1029.8,53549.43,0.32,4.16,0.6605,1.41,60682.59
06010,"County 010, CA",CA,2023,39534,96009,3767471324,2665438923,760.95,39569.59,6.75,6.46,1.4796,3.6,49225.25
06011,"County 011, CA",CA,2023,905,3912,245323996,182800770,1159.56,60297.07,1.68,2.54,1.015,2.73,61600.1
06012,"County 012, CA",CA,2023,454,2078,89383717,65506552,820.02,42641.1,3.23,3.72,0.5034,4.31,46723.99
06013,"County 013, CA",CA,2023,925,3772,175284165,125685454,886.3,46087.4,-0.7,5.56,1.1034,3.0,52244.57
06014,"County 014, CA",CA,2023,6131,28621,1187652233,853274673,832.08,43268.06,-3.84,1.21,1.4748,4.79,51580.65
06015,"County 015, CA",CA,2023,5351,42567,1903208788,1161101904,871.31,45307.91,0.67,5.84,2.0905,3.14,56139.31
06016,"County 016, CA",CA,2023,733,2212,109918179,83597281,930.26,48373.56,-2.04,4.3,1.4169,3.33,57953.6
06017,"County 017, CA",CA,2023,1454,4788,312155160,229934424,1315.05,68382.79,2.34,5.27,0.8292,2.05,69312.85
06018,"County 018, CA",CA,2023,2624,9045,371671586,230195012,821.48,42716.99,-2.73,1.44,0.9473,2.79,51543.81
06019,"County 019, CA",CA,2023,3643,8302,412180376,259755506,916.98,47682.81,1.24,4.85,0.7278,3.5,47134.11
06020,"County 020, CA",CA,2023,12131,57171,2380824237,1608142891,778.92,40503.87,0.17,3.59,1.0382,4.53,60950.36
06021,"County 021, CA",CA,2023,6257,27252,1122327968,739380792,806.53,41939.64,3.14,7.78,0.9582,2.03,51967.41
06022,"County 022, CA",CA,2023,10609,34875,1814705666,1335010220,989.03,51429.4,4.22,4.45,1.3728,3.03,55970.87
06023,"County 023, CA",CA,2023,7822,17358,762667408,583711287,824.26,42861.65,1.81,0.72,0.9274,5.16,54053.7
06024,"County 024, CA",CA,2023,78869,180352,7907347274,5006921083,857.35,44582.43,3.29,4.78,1.0894,3.76,55022.19
06025,"County 025, CA",CA,2023,1035,3950,216424798,171004368,1009.02,52469.3,1.44,3.22,1.3173,3.18,57010.55
06026,"County 026, CA",CA,2023,45659,297031,10526826850,8040936449,656.17,34120.89,-4.79,4.5,0.8755,2.52,55387.18
06027,"County 027, CA",CA,2023,40717,153700,8699191921,6840738821,1118.83,58179.03,-1.94,4.16,1.1663,1.47,64362.31
06028,"County 028, CA",CA,2023,17300,46929,2208786048,1514605640,903.23,46968.03,-1.99,6.08,1.6166,2.72,61810.55
06029,"County 029, CA",CA,2023,8386,23855,1176567642,893897225,927.22,48215.52,1.98,2.3,2.1287,3.82,61096.91
06030,"County 030, CA",CA,2023,2080,4922,152448896,98353173,620.07,32243.54,3.95,3.64,1.0743,5.24,45857.07
06031,"County 031, CA",CA,2023,4418,12824,443716199,305922412,657.87,34209.5,-0.56,0.46,0.7885,4.19,55881.1
06032,"County 032, CA",CA,2023,37628,188566,10895097673,7806735070,1151.01,59852.64,0.03,6.24,1.6706,2.17,62556.46
06033,"County 033, CA",CA,2023,1122,4794,281886895,178483229,1089.91,56675.45,3.44,3.21,0.9279,3.53,58412.95
06034,"County 034, CA",CA,2023,3000,15795,970618792,627009648,1137.12,59130.25,-0.87,4.32,2.3104,2.02,52954.48
06035,"County 035, CA",CA,2023,1417,6256,312673688,219640073,955.75,49699.08,1.54,1.99,0.7827,3.09,51055.45
06036,"County 036, CA",CA,2023,4755,22669,1052766281,748525729,911.43,47394.56,4.01,2.96,1.1851,3.3,58989.93
06037,"County 037, CA",CA,2023,5435,38408,2263658028,1521434038,1104.17,57416.69,-1.31,1.13,1.0507,1.55,60473.59
06038,"County 038, CA",CA,2023,213,917,44425856,34382807,904.75,47047.22,2.8,4.69,1.0523,3.82,52696.27
06039,"County 039, CA",CA,2023,1229,4125,206679419,158776092,946.94,49240.69,-6.74,4.34,0.9611,3.35,61525.91
06040,"County 040, CA",CA,2023,881,3332,155621217,97012624,932.18,48473.25,-2.3,4.12,1.5706,2.04,58546.13
06041,"County 041, CA",CA,2023,2059,9230,550455300,411721969,1197.77,62283.82,-2.84,6.91,0.8506,2.67,61848.74
06042,"County 042, CA",CA,2023,6828,11718,481852433,300581875,783.27,40730.27,-4.02,5.64,1.5009,4.68,51814.24
06043,"County 043, CA",CA,2023,14583,36897,1248917139,898402636,665.41,34601.2,-2.58,4.95,1.123,4.77,55765.36
06044,"County 044, CA",CA,2023,402,1672,74518315,55685362,831.11,43217.75,4.8,5.29,1.3093,4.49,58166.47
06045,"County 045, CA",CA,2023,3174,12252,655398655,449996482,1000.02,52001.07,-2.11,6.51,0.7934,3.64,64565.31
06046,"County 046, CA",CA,2023,5198,17659,782170035,519491822,825.77,42940.19,0.15,2.39,0.8347,4.61,58536.06
06047,"County 047, CA",CA,2023,3759,9391,411009166,280344541,874.56,45476.86,-2.04,2.26,1.0388,4.97,46721.7
06048,"County 048, CA",CA,2023,546,2141,94884910,56949733,849.8,44189.71,-0.92,1.17,1.3138,4.26,59936.18
06049,"County 049, CA",CA,2023,8449,20510,942306627,750316650,915.91,47627.16,5.23,0.8,2.3938,2.74,62170.53
06050,"County 050, CA",CA,2023,1305,3845,192883683,154193878,999.78,51988.42,0.61,3.5,1.4676,3.71,62888.79
06051,"County 051, CA",CA,2023,886,3838,205746703,129825559,1035.45,53843.37,4.0,6.26,1.0889,2.49,67941.34
06052,"County 052, CA",CA,2023,4891,15685,571929483,410433337,688.55,35804.66,8.07,1.85,0.644,4.51,59593.6
06053,"County 053, CA",CA,2023,5817,33523,1272861409,766564682,749.32,38964.85,-5.19,1.42,0.8286,3.27,55351.16
06054,"County 054, CA",CA,2023,19882,68732,3154220966,2382502120,914.2,47538.43,0.77,3.09,0.8902,2.83,59335.32
06055,"County 055, CA",CA,2023,1470,5311,287003769,203367524,1065.09,55384.51,2.44,2.79,0.6112,3.88,58072.48
06056,"County 056, CA",CA,2023,6774,17355,668949819,496360891,730.02,37960.84,5.14,3.8,0.4574,4.28,62640.31
06057,"County 057, CA",CA,2023,43389,170691,6888881704,4974333785,803.42,41777.82,-1.19,2.58,1.3696,4.43,56019.06
06058,"County 058, CA",CA,2023,2345,12813,754110818,542069332,1095.75,56979.26,-6.43,0.62,1.6447,2.66,57721.98
08001,"County 001, CO",CO,2023,10082,20250,1703605120,1053359432,1548.46,80520.16,5.15,3.27,0.4145,1.17,51415.47
08002,"County 002, CO",CO,2023,5626,22228,1417513149,1074448312,1241.52,64559.21,1.42,3.85,0.5712,4.85,45915.56
08003,"County 003, CO",CO,2023,5904,16556,1285166420,967659429,1432.04,74465.97,4.06,2.39,0.9572,2.71,65280.0
08004,"County 004, CO",CO,2023,37242,160047,10260992598,7423514363,1233.48,64141.01,3.79,6.65,1.0808,4.86,52339.09
08005,"County 005, CO",CO,2023,8560,14684,975002715,727669294,1318.85,68580.23,5.31,3.2,1.5483,4.06,60963.73
08006,"County 006, CO",CO,2023,2725,11826,960964220,619236166,1599.9,83194.54,9.16,3.16,0.8629,2.83,62645.77
08007,"County 007, CO",CO,2023,2576,8014,489375864,339186411,1122.19,58354.1,4.27,2.43,0.9421,4.07,50210.0
08008,"County 008, CO",CO,2023,1517,5350,417035768,304138100,1524.75,79286.8,5.99,4.68,1.0499,2.86,51776.79
08009,"County 009, CO",CO,2023,25551,80901,5594342025,3661872769,1361.04,70773.95,4.48,4.74,1.365,4.53,57099.56
08010,"County 010, CO",CO,2023,1252,4999,325560125,254008866,1261.64,65605.31,1.59,3.23,1.5105,3.83,62153.43
08011,"County 011, CO",CO,2023,3028,9936,815472345,499666586,1503.73,78193.96,5.41,4.17,0.577,3.62,61797.39
08012,"County 012, CO",CO,2023,2671,15090,1214565334,809325443,1598.0,83096.16,3.84,2.86,0.8481,3.33,51856.6
08013,"County 013, CO",CO,2023,7533,21184,1410628607,899574812,1334.45,69391.43,7.83,1.76,1.592,2.94,61564.37
08014,"County 014, CO",CO,2023,935,4583,362115208,254004566,1598.71,83133.08,5.16,4.04,0.6359,2.09,58857.48
08015,"County 015, CO",CO,2023,55093,132092,10335042952,6256536892,1551.97,80702.43,1.2,1.55,1.1238,3.01,60026.35
08016,"County 016, CO",CO,2023,7534,25620,2082029493,1519628612,1500.29,78015.05,4.94,2.59,1.0183,2.51,52746.23
08017,"County 017, CO",CO,2023,36766,108560,9476214349,7103183788,1740.18,90489.49,1.28,3.39,1.0934,2.03,62853.89
08018,"County 018, CO",CO,2023,6595,11697,915148261,584750030,1478.38,76875.81,2.93,2.71,0.762,5.21,53548.72
08019,"County 019, CO",CO,2023,1681,7389,576373282,382951700,1522.12,79150.3,4.12,2.22,0.805,2.21,49947.68
08020,"County 020, CO",CO,2023,15956,50080,4243825439,3015673396,1556.28,80926.39,3.71,4.93,1.1423,2.06,49198.67
08021,"County 021, CO",CO,2023,12313,29301,1875260960,1304087550,1285.83,66863.13,-0.14,1.24,0.75,3.67,44457.43
08022,"County 022, CO",CO,2023,13520,76460,6468693895,4941837759,1594.42,82909.98,6.17,3.25,1.4719,3.09,55867.26
08023,"County 023, CO",CO,2023,9657,22076,1677901411,1148038573,1443.11,75041.57,0.7,5.63,1.1773,2.11,60082.01
08024,"County 024, CO",CO,2023,28317,74008,4536118295,2745693444,1181.15,61419.88,1.79,2.15,0.9783,4.39,40647.15
08025,"County 025, CO",CO,2023,27222,161371,11483208313,8306123648,1362.19,70834.08,5.12,5.44,0.6683,4.28,47883.86
08026,"County 026, CO",CO,2023,7537,25625,1759677236,1353851392,1306.95,67961.44,3.73,5.87,0.9845,2.42,55685.29
08027,"County 027, CO",CO,2023,6033,24815,1684104778,1307918507,1301.91,67699.4,0.53,4.39,1.758,3.17,52712.44
08028,"County 028, CO",CO,2023,3913,17507,1499412146,1017414133,1603.14,83363.53,2.32,0.35,0.6729,3.49,47235.83
08029,"County 029, CO",CO,2023,4376,10076,695005974,465127807,1351.05,70254.56,5.79,1.35,1.4559,3.1,46744.02
08030,"County 030, CO",CO,2023,5769,28300,2052763815,1298651532,1347.08,70047.97,3.11,3.01,1.0545,3.87,62102.57
08031,"County 031, CO",CO,2023,44958,76108,5803421004,4277408470,1511.33,78589.07,2.16,2.89,1.2544,2.84,56328.19
08032,"County 032, CO",CO,2023,14478,60562,4858952280,3022433566,1611.43,83794.12,2.48,4.1,1.3134,3.43,59398.88
08033,"County 033, CO",CO,2023,4056,18003,1348579308,836338012,1439.69,74863.85,2.27,3.9,0.9062,2.98,56400.68
08034,"County 034, CO",CO,2023,418,1343,122743168,82048138,1696.39,88212.35,2.68,4.26,1.0641,2.9,55382.3
08035,"County 035, CO",CO,2023,10474,30253,2282209206,1482478227,1383.67,71950.67,6.41,2.86,0.6999,3.47,52370.06
08036,"County 036, CO",CO,2023,4646,17583,1176299842,784985068,1239.56,64457.11,4.02,4.02,0.9146,2.5,41891.65
08037,"County 037, CO",CO,2023,3738,19677,1488556165,1161759498,1393.81,72478.16,3.83,4.38,1.9298,2.77,52519.77
08038,"County 038, CO",CO,2023,3780,16656,1154026419,915550082,1358.18,70625.25,1.28,1.92,1.2267,3.88,47533.96
08039,"County 039, CO",CO,2023,290,1444,116734444,86505827,1563.68,81311.43,-0.52,1.55,1.2819,4.17,59329.29
08040,"County 040, CO",CO,2023,515,2174,122530107,93523728,1125.62,58532.35,0.5,3.92,1.0411,4.8,47294.56
08041,"County 041, CO",CO,2023,4434,18128,1212063102,923576684,1286.24,66884.4,4.22,4.75,1.929,4.24,42344.69
08042,"County 042, CO",CO,2023,2908,10633,842810664,634699897,1517.72,78921.54,2.55,7.27,2.0013,3.0,56106.57
08043,"County 043, CO",CO,2023,19346,88407,6967867658,4203702376,1587.32,82540.67,-0.69,5.07,1.9725,3.34,64724.29
08044,"County 044, CO",CO,2023,4762,26681,2241498935,1445877903,1555.57,80889.62,-0.02,1.31,1.1877,4.51,63484.61
08045,"County 045, CO",CO,2023,43957,111208,7871984633,5981303090,1390.12,72286.31,-0.01,4.9,0.4733,3.14,58490.61
08046,"County 046, CO",CO,2023,2947,9837,868266832,604818669,1638.31,85192.24,5.1,4.28,1.0318,2.44,52546.66
08047,"County 047, CO",CO,2023,3288,12577,958391131,589163677,1430.34,74377.55,2.69,4.87,0.9183,4.26,56921.1
08048,"County 048, CO",CO,2023,9331,23032,1858057137,1236749267,1505.65,78293.64,4.54,1.29,0.8033,3.85,57287.91
08049,"County 049, CO",CO,2023,8329,30548,2549212829,1531568680,1537.82,79966.47,2.48,0.95,0.7246,4.16,58180.52
08050,"County 050, CO",CO,2023,507,1977,142804843,90245191,1408.04,73217.86,4.44,1.4,1.3884,3.0,57535.49
08051,"County 051, CO",CO,2023,6464,24523,1938808950,1236870202,1499.01,77948.29,7.28,5.69,0.7662,3.47,51635.33
08052,"County 052, CO",CO,2023,11575,78886,5606115927,3397541650,1397.89,72690.15,4.72,2.31,1.2856,3.38,46702.28
08053,"County 053, CO",CO,2023,51913,102835,6575855062,4212689469,1253.64,65189.18,5.08,5.21,1.1356,3.64,46565.28
08054,"County 054, CO",CO,2023,7722,28388,1802588853,1157702233,1230.99,64011.57,3.46,3.69,1.1142,5.38,43958.96
08055,"County 055, CO",CO,2023,1257,6231,536500949,351747435,1644.05,85490.51,2.32,8.29,0.861,2.15,49868.01
08056,"County 056, CO",CO,2023,36367,76130,6497919601,3949319637,1661.1,86377.29,-0.85,6.44,1.3169,2.53,62367.34
08057,"County 057, CO",CO,2023,1755,7035,519428896,371293541,1457.2,75774.3,6.24,2.54,1.1296,2.92,56011.8
08058,"County 058, CO",CO,2023,1806,5289,492938249,379777293,1747.86,90888.8,6.33,4.94,1.2897,3.28,57907.97
08059,"County 059, CO",CO,2023,2424,12462,1096151735,868565664,1642.36,85402.96,-0.62,6.8,0.9689,2.1,57333.36
08060,"County 060, CO",CO,2023,29583,145124,11147478188,8462708404,1444.71,75125.14,5.4,5.09,1.2438,3.44,52914.05
08061,"County 061, CO",CO,2023,1276,5358,405041314,249899023,1498.68,77931.45,2.84,0.95,1.0033,2.13,46669.21
08062,"County 062, CO",CO,2023,10526,27538,1603419000,990396716,1139.45,59251.21,0.65,4.9,0.7863,4.07,43768.77
08063,"County 063, CO",CO,2023,4805,23848,1891066827,1434345860,1477.96,76854.12,9.83,6.23,1.2859,3.0,45162.58
08064,"County 064, CO",CO,2023,21580,86477,6617793458,5241591548,1411.28,73386.72,3.14,2.2,0.7715,2.63,55907.82
09001,"County 001, CT",CT,2023,10717,28396,1456959520,965202991,1016.53,52859.35,3.74,4.6,1.1728,5.43,56532.65
09002,"County 002, CT",CT,2023,22094,50766,3073113356,2108699640,1217.51,63310.43,2.53,4.24,0.773,5.21,75231.09
09003,"County 003, CT",CT,2023,4385,14288,926727435,606217092,1241.73,64570.09,-2.15,2.44,0.5499,5.09,75569.95
09004,"County 004, CT",CT,2023,576,1542,92101928,69905868,1204.02,62609.27,1.38,5.16,0.9235,4.29,59694.94
09005,"County 005, CT",CT,2023,4630,25746,1467361965,988046153,1120.95,58289.57,1.66,5.91,1.3822,5.28,63382.96
09006,"County 006, CT",CT,2023,1639,6980,388778092,307076594,1088.14,56583.21,-0.44,4.63,0.9754,3.5,59852.91
09007,"County 007, CT",CT,2023,1812,3615,152251710,91409786,817.1,42489.24,6.27,2.91,0.8463,7.0,49761.14
09008,"County 008, CT",CT,2023,545,2513,114714660,74674022,841.75,43771.02,1.02,2.45,0.9257,5.94,57126.46
10001,"County 001, DE",DE,2023,6024,25930,563293187,413287568,423.08,22000.0,-0.66,3.69,1.0663,7.45,54440.17
10002,"County 002, DE",DE,2023,24989,87456,1927630272,1366632046,423.08,22000.0,1.75,4.22,0.6745,5.42,66658.94
10003,"County 003, DE",DE,2023,2357,5613,152156101,118984159,540.84,28123.48,0.74,1.31,0.9697,6.11,67949.59
11001,"County 001, DC",DC,2023,1741,4529,198122014,153810813,869.26,45201.53,-5.01,1.73,1.0036,4.26,93453.41
12001,"County 001, FL",FL,2023,1114,2920,123084305,77044081,825.85,42944.32,0.15,2.92,0.6543,2.04,84141.18
12002,"County 002, FL",FL,2023,4804,21528,762264627,469000356,702.2,36514.52,5.8,2.44,1.0198,2.63,77171.0
12003,"County 003, FL",FL,2023,1141,5216,109838719,70739014,423.08,22000.0,-1.28,1.34,1.8716,3.68,74312.72
12004,"County 004, FL",FL,2023,7269,32394,885961062,591762180,528.43,27478.16,0.09,1.93,0.5922,4.97,87284.9
12005,"County 005, FL",FL,2023,365,2175,83342314,54402296,728.71,37893.06,3.7,4.38,0.8953,2.46,83188.53
12006,"County 006, FL",FL,2023,19955,62255,1747033852,1158240983,556.73,28950.2,4.6,4.43,1.4692,4.13,76878.33
12007,"County 007, FL",FL,2023,8942,29511,1225774587,765868819,795.1,41345.43,3.21,5.07,1.5418,3.11,87952.51
12008,"County 008, FL",FL,2023,4150,17975,1043732596,676649672,1144.13,59494.87,2.78,0.19,0.7665,2.97,86435.45
12009,"County 009, FL",FL,2023,42445,92812,3378100992,2567409499,707.37,36783.04,0.23,1.92,0.8055,2.57,71541.33
12010,"County 010, FL",FL,2023,10501,26832,1135913767,828562488,822.94,42792.78,4.57,5.2,1.1214,2.87,80276.59
12011,"County 011, FL",FL,2023,1218,4981,223900268,148206395,845.06,43943.37,3.42,1.94,0.8988,2.46,85591.48
12012,"County 012, FL",FL,2023,17381,77417,2287222805,1520183099,584.57,30397.54,3.4,7.83,1.6494,3.49,74896.24
12013,"County 013, FL",FL,2023,1992,5971,258998929,193103059,816.84,42475.65,3.14,3.6,1.6956,3.87,80316.63
12014,"County 014, FL",FL,2023,6651,22337,615896515,429101258,540.08,28084.1,1.1,4.94,0.9426,4.02,69323.82
12015,"County 015, FL",FL,2023,12347,42116,1797575307,1303895061,802.26,41717.28,0.98,3.49,1.0328,3.01,81423.49
12016,"County 016, FL",FL,2023,1127,4039,138214297,93515736,690.28,35894.47,4.94,3.62,1.1499,3.01,81820.48
12017,"County 017, FL",FL,2023,18896,56894,2347026016,1441584403,762.24,39636.64,1.08,2.67,1.0656,3.58,76523.45
12018,"County 018, FL",FL,2023,2047,11266,442847739,306410526,753.18,39165.44,-0.33,2.32,0.4008,2.88,78453.72
12019,"County 019, FL",FL,2023,27708,82325,3153435675,1972402193,720.37,37459.08,0.67,0.71,0.8569,3.96,91046.77
12020,"County 020, FL",FL,2023,1089,4554,120429581,92390805,505.9,26307.05,3.8,3.4,1.2186,4.09,70755.04
12021,"County 021, FL",FL,2023,3501,8238,427406424,320647236,973.76,50635.75,4.11,4.81,0.7985,3.09,81550.42
12022,"County 022, FL",FL,2023,29456,81535,2867900747,1761561472,664.53,34555.37,0.21,4.44,1.2987,3.44,83407.72
12023,"County 023, FL",FL,2023,2509,12669,436904551,284493076,659.46,34291.82,0.08,2.7,1.6226,3.69,73193.05
12024,"County 024, FL",FL,2023,10427,14238,549664693,382158175,718.83,37378.98,2.95,7.39,0.9601,1.98,77648.44
12025,"County 025, FL",FL,2023,5975,23361,842326082,647947803,691.28,35946.38,5.35,4.62,0.6275,2.38,81649.62
12026,"County 026, FL",FL,2023,3626,13595,438683253,300315197,619.81,32229.88,5.37,4.89,1.0261,3.04,71956.4
12027,"County 027, FL",FL,2023,8914,33609,1170311417,703906772,656.51,34138.56,-0.83,8.04,0.9899,3.84,80167.47
12028,"County 028, FL",FL,2023,3097,6175,277605173,170722833,903.84,46999.48,5.91,2.28,1.1042,1.54,73752.96
12029,"County 029, FL",FL,2023,805,5764,325813362,196284009,1103.55,57384.63,2.74,5.4,1.481,2.02,88801.46
12030,"County 030, FL",FL,2023,9471,40529,1674691054,1317900520,785.23,40832.14,3.91,6.89,0.8735,4.48,83894.53
12031,"County 031, FL",FL,2023,695,3147,140528042,107927138,838.5,43601.85,4.98,5.89,1.2797,2.26,89467.12
12032,"County 032, FL",FL,2023,11173,29844,1224620628,765982242,765.27,39794.09,0.59,1.91,0.7686,3.41,80580.05
12033,"County 033, FL",FL,2023,7581,26625,973598102,757942504,736.2,38282.29,-1.88,2.38,1.4097,1.93,85622.39
12034,"County 034, FL",FL,2023,2953,11815,432419144,310370637,705.57,36689.67,1.52,2.36,1.1274,4.33,78397.27
12035,"County 035, FL",FL,2023,1122,3945,178710646,108163165,837.96,43573.78,2.12,3.12,0.715,4.16,69719.65
12036,"County 036, FL",FL,2023,2096,9373,315618252,237363596,667.52,34710.93,3.75,3.0,0.5765,2.81,84834.08
12037,"County 037, FL",FL,2023,7892,34800,1783739771,1167683577,1035.47,53844.54,5.45,2.5,0.8121,2.49,87038.88
12038,"County 038, FL",FL,2023,93879,338466,14211754958,10730537977,827.58,43034.37,3.64,4.24,0.99,3.02,85238.18
12039,"County 039, FL",FL,2023,2983,4513,180220927,113110428,792.79,41225.12,0.38,3.0,1.4416,3.54,84200.84
12040,"County 040, FL",FL,2023,41549,245122,11669486016,7706027789,934.54,48596.33,3.09,2.95,1.0102,2.57,74482.79
12041,"County 041, FL",FL,2023,3503,14942,669002350,531678120,832.53,43291.66,3.73,4.73,0.9325,2.13,82733.41
12042,"County 042, FL",FL,2023,860,3742,137984693,109542015,721.6,37523.09,3.6,4.41,0.8786,2.88,68760.85
12043,"County 043, FL",FL,2023,8058,32623,1510216746,1103838552,890.64,46313.13,-0.13,6.99,1.3586,1.13,76079.59
12044,"County 044, FL",FL,2023,1574,9800,432261181,269047937,825.47,42924.3,4.52,3.12,0.9056,3.56,73978.44
12045,"County 045, FL",FL,2023,8605,20898,715035096,539216446,635.36,33038.66,2.88,2.96,0.7012,2.58,77432.47
12046,"County 046, FL",FL,2023,2765,6971,355761218,250152090,972.78,50584.32,2.58,0.74,1.6486,2.55,89302.53
12047,"County 047, FL",FL,2023,2778,10579,466411913,359189592,825.29,42915.25,5.6,5.18,0.608,2.51,77099.91
12048,"County 048, FL",FL,2023,3798,22172,631460222,390249368,547.52,28471.08,4.04,4.48,1.9499,4.52,73504.9
12049,"County 049, FL",FL,2023,480,2078,46930062,34969545,445.35,23157.98,2.97,1.86,1.1601,4.14,80230.41
12050,"County 050, FL",FL,2023,1437,6126,272992072,217855623,839.87,43673.08,1.16,3.32,0.8175,3.2,84368.83
12051,"County 051, FL",FL,2023,17263,77305,3588144544,2269680629,860.23,44731.96,8.78,2.33,1.1099,2.37,91864.98
12052,"County 052, FL",FL,2023,2048,7138,271511888,199399184,697.9,36290.98,3.25,3.72,1.1628,3.61,79433.9
12053,"County 053, FL",FL,2023,35479,151912,6026656228,4139843184,728.12,37862.05,0.88,2.05,1.1199,2.24,77452.77
12054,"County 054, FL",FL,2023,5470,21069,1005475786,624678104,944.4,49108.86,0.96,6.68,1.3,1.93,80321.06
12055,"County 055, FL",FL,2023,2988,11566,398754416,256427573,662.2,34434.47,4.74,3.51,0.9038,2.13,73021.78
12056,"County 056, FL",FL,2023,3827,13157,397578900,290114301,594.72,30925.4,0.95,6.38,1.3744,3.94,85695.08
12057,"County 057, FL",FL,2023,5012,12853,577728525,452753852,823.65,42829.7,5.36,4.29,0.5228,2.3,84904.4
12058,"County 058, FL",FL,2023,151,439,14980013,9454411,651.37,33871.38,0.99,4.45,1.8652,4.85,79848.17
12059,"County 059, FL",FL,2023,9429,57739,2117281101,1400149682,730.2,37970.28,3.51,3.39,1.1918,3.43,64528.96
12060,"County 060, FL",FL,2023,12750,44796,2518555821,1686359828,1030.02,53561.27,3.49,4.59,1.4413,2.79,82419.97
12061,"County 061, FL",FL,2023,2924,8006,371206723,258248030,900.64,46833.41,1.98,4.64,1.1937,4.06,75349.34
12062,"County 062, FL",FL,2023,4551,10368,424424359,284059307,814.32,42344.55,3.62,5.16,1.3553,2.81,83514.07
12063,"County 063, FL",FL,2023,80016,231207,9197093061,6517182822,769.06,39991.38,3.19,1.9,1.5746,2.31,78643.05
12064,"County 064, FL",FL,2023,64934,243721,8640619529,5593377000,692.64,36017.44,0.21,8.72,1.2297,2.55,78805.75
12065,"County 065, FL",FL,2023,25770,60055,2075432381,1260381837,694.34,36105.67,0.13,0.63,0.5782,2.71,73166.09
12066,"County 066, FL",FL,2023,329,3622,131616335,105015091,704.79,36649.1,1.18,5.39,0.9934,3.37,75122.68
12067,"County 067, FL",FL,2023,1636,5994,191377013,141979272,632.06,32866.96,1.59,4.06,0.9711,2.91,77950.1
13001,"County 001, GA",GA,2023,3656,7322,444372006,343767720,1115.05,57982.5,-0.91,-0.81,0.8554,2.05,58432.67
13002,"County 002, GA",GA,2023,32352,89153,3561496960,2737116717,769.83,40031.36,1.31,2.68,0.8045,2.04,46052.28
13003,"County 003, GA",GA,2023,523,2084,118477118,83348776,1084.71,56405.13,-0.8,3.58,1.1347,2.26,56495.81
13004,"County 004, GA",GA,2023,5823,16910,546234062,400379044,635.52,33047.15,2.49,4.56,0.8851,2.29,49212.82
13005,"County 005, GA",GA,2023,2887,6787,298013172,198608659,824.61,42879.67,0.16,4.32,1.0557,1.0,46346.44
13006,"County 006, GA",GA,2023,2967,9606,423457793,265753606,864.91,44975.57,0.24,3.52,0.9029,4.09,40618.45
13007,"County 007, GA",GA,2023,3572,19506,1068107485,645833421,1039.5,54053.92,0.78,3.61,0.9729,1.67,57169.47
13008,"County 008, GA",GA,2023,591,2579,142402904,97785788,1047.67,54479.04,-2.52,7.01,0.8081,1.93,60370.45
13009,"County 009, GA",GA,2023,2229,7144,360347830,259642460,960.71,49956.86,1.98,2.02,1.4491,1.0,62067.92
13010,"County 010, GA",GA,2023,100,389,18099450,12600504,877.92,45651.67,-2.21,3.67,1.0111,1.99,58262.67
13011,"County 011, GA",GA,2023,7182,27700,1063662254,664084825,711.45,36995.62,2.5,0.69,0.3367,3.31,47749.92
13012,"County 012, GA",GA,2023,1469,5288,281892290,192133533,983.79,51157.27,1.12,4.78,0.995,2.75,52294.06
13013,"County 013, GA",GA,2023,60290,235544,11219364225,8498808782,904.26,47021.43,1.01,3.73,1.0631,1.0,62146.99
13014,"County 014, GA",GA,2023,6768,29527,1305375995,921988300,810.95,42169.33,2.95,2.63,0.8535,2.25,56978.39
13015,"County 015, GA",GA,2023,401,3143,125638323,96959443,789.52,41055.06,-3.98,1.97,1.5222,2.83,50995.08
13016,"County 016, GA",GA,2023,375,1487,79558754,48230995,1047.95,54493.27,-0.79,3.84,0.8936,1.63,66290.57
13017,"County 017, GA",GA,2023,4701,10240,452128478,353624516,815.34,42397.88,-2.93,4.87,1.2626,2.84,46310.14
13018,"County 018, GA",GA,2023,1166,3820,191108042,141564039,929.1,48313.42,-2.32,1.64,0.6946,1.77,58008.85
13019,"County 019, GA",GA,2023,6789,36446,1751822684,1066459997,956.23,49723.87,2.16,3.17,1.0823,3.32,53099.41
13020,"County 020, GA",GA,2023,6396,39356,1575255190,1104740572,786.14,40879.09,2.59,6.06,1.1139,2.16,39567.35
13021,"County 021, GA",GA,2023,4971,17764,1002781844,720399055,1105.24,57472.63,-0.23,3.63,0.7623,2.03,59230.19
13022,"County 022, GA",GA,2023,25004,75270,3641319956,2360116397,906.48,47137.12,0.21,5.29,1.0677,1.13,45718.83
13023,"County 023, GA",GA,2023,26683,105802,5878590600,4183868254,1076.94,56000.74,5.38,4.77,0.8737,1.18,58067.21
13024,"County 024, GA",GA,2023,9081,36968,1546545747,1213086147,834.13,43374.9,0.65,7.2,1.6238,2.67,50975.19
13025,"County 025, GA",GA,2023,17215,79697,2555080002,1782411629,634.08,32972.19,1.26,-0.03,1.2375,2.22,43103.7
13026,"County 026, GA",GA,2023,5599,22442,1080542158,850896763,933.74,48554.55,0.22,4.41,0.9396,1.0,58377.83
13027,"County 027, GA",GA,2023,2017,9305,501764057,357582770,1000.79,52041.15,2.52,4.15,0.5493,3.44,47807.6
13028,"County 028, GA",GA,2023,8511,32431,1776354508,1333462651,1041.65,54165.88,-0.35,2.58,1.1619,2.67,54241.33
13029,"County 029, GA",GA,2023,3723,16016,727080571,516597716,868.31,45151.97,1.64,0.94,0.561,2.63,47824.92
13030,"County 030, GA",GA,2023,9251,48284,2811757146,1709484013,1171.99,60943.31,-1.28,2.88,0.6592,2.16,55123.7
13031,"County 031, GA",GA,2023,1894,10967,302706101,198381669,510.66,26554.52,3.12,0.4,1.5018,3.94,49792.71
13032,"County 032, GA",GA,2023,12071,66227,2874985044,2265215114,795.74,41378.56,1.07,2.32,1.1407,1.05,39567.82
13033,"County 033, GA",GA,2023,11743,61155,3252206486,2064755466,1071.23,55703.92,3.79,2.48,1.011,1.71,55285.91
13034,"County 034, GA",GA,2023,5079,19495,1090514495,659249597,1037.74,53962.23,0.32,4.44,0.4763,2.53,52481.01
13035,"County 035, GA",GA,2023,2290,10130,452044229,339332390,871.71,45329.15,2.09,3.93,1.3455,1.73,47060.84
13036,"County 036, GA",GA,2023,4884,22380,1242331040,857503706,1115.11,57985.71,-2.54,7.45,1.1125,1.99,50975.49
13037,"County 037, GA",GA,2023,8584,27746,1843567794,1142556618,1270.05,66042.51,-1.14,6.69,1.4403,1.07,61484.89
13038,"County 038, GA",GA,2023,14081,67303,3494394947,2594575167,1008.04,52418.18,1.08,5.23,1.7794,2.37,59187.71
13039,"County 039, GA",GA,2023,2050,5423,199134795,139768327,695.52,36166.83,-0.22,6.47,1.1829,3.87,49175.16
13040,"County 040, GA",GA,2023,1227,5139,186693185,127945880,704.06,36610.95,2.09,4.63,0.8159,3.12,47147.49
13041,"County 041, GA",GA,2023,3183,9653,467232898,369706435,931.72,48449.39,1.06,1.45,1.7674,2.05,53618.32
13042,"County 042, GA",GA,2023,8812,45499,2297284605,1831469408,990.53,51507.31,0.92,1.14,1.7607,2.09,50235.37
13043,"County 043, GA",GA,2023,231,1133,75346758,56696956,1257.73,65402.15,-0.02,2.08,2.0563,1.06,71592.08
13044,"County 044, GA",GA,2023,324,1324,62928878,50326684,902.1,46909.09,2.02,1.86,1.0834,2.69,52684.19
13045,"County 045, GA",GA,2023,1085,3011,149651285,99612190,964.78,50168.66,3.4,3.93,0.6636,1.54,53060.7
13046,"County 046, GA",GA,2023,1754,8133,286698759,214597981,660.35,34338.44,-1.45,3.09,0.6265,3.17,50736.37
13047,"County 047, GA",GA,2023,2892,8231,352355866,252458026,793.96,41285.99,2.56,5.47,0.5006,3.58,52121.97
13048,"County 048, GA",GA,2023,7920,30070,1579469280,1240928087,970.87,50485.01,-2.91,2.83,2.0456,1.51,53107.8
13049,"County 049, GA",GA,2023,5824,30620,1651849243,1250139629,1044.98,54338.79,3.11,5.7,1.0504,4.39,61308.09
13050,"County 050, GA",GA,2023,1293,5266,333014700,214402634,1177.39,61224.14,-2.08,4.68,0.6476,1.0,60329.62
13051,"County 051, GA",GA,2023,18665,68952,2704645586,2152016292,762.9,39670.64,-3.95,5.13,0.7683,3.28,54976.49
13052,"County 052, GA",GA,2023,8507,32384,1516181140,1077322825,933.35,48534.33,5.99,1.05,1.1434,1.31,57964.72
13053,"County 053, GA",GA,2023,5814,23948,1312181998,795517488,1057.04,54965.86,-1.19,4.41,2.3387,1.85,63626.8
13054,"County 054, GA",GA,2023,5153,16406,701049277,550721628,796.48,41416.75,4.03,6.52,1.8802,2.6,48664.5
13055,"County 055, GA",GA,2023,9173,38516,1914627919,1198237026,990.06,51483.3,3.74,5.17,1.5927,1.0,56017.44
13056,"County 056, GA",GA,2023,440,1881,90432439,67779219,917.72,47721.44,-0.98,4.75,1.216,2.46,55052.51
13057,"County 057, GA",GA,2023,67097,143502,7922350844,4840876798,1036.8,53913.63,3.88,4.14,1.0727,1.92,45752.87
13058,"County 058, GA",GA,2023,1247,5579,277076514,177860759,991.95,51581.52,1.8,5.58,0.7487,1.94,59134.98
13059,"County 059, GA",GA,2023,3681,17626,760600331,569824298,837.21,43534.83,0.25,4.33,2.0101,1.94,60247.01
13060,"County 060, GA",GA,2023,68890,156089,7098416781,4978583877,904.28,47022.81,3.3,3.78,0.8951,1.99,57705.61
13061,"County 061, GA",GA,2023,1459,6330,363583292,289493156,1149.39,59768.12,0.39,2.12,0.9106,2.8,51365.61
13062,"County 062, GA",GA,2023,1446,6030,310526585,198623922,1009.88,52513.9,2.52,5.92,0.5395,2.85,53653.74
13063,"County 063, GA",GA,2023,712,2332,130713459,78455576,1092.19,56793.87,-1.66,4.71,1.3126,2.7,54465.05
13064,"County 064, GA",GA,2023,18635,118180,6386991485,3914394171,1061.85,55215.95,3.41,1.64,0.9395,1.72,60007.83
13065,"County 065, GA",GA,2023,1793,7463,471821745,299576989,1266.3,65847.46,-1.66,5.63,0.72,1.0,58267.96
13066,"County 066, GA",GA,2023,8251,25706,932266283,583256042,709.78,36908.73,3.96,2.53,0.5708,2.7,54671.65
13067,"County 067, GA",GA,2023,2643,13546,536163508,353291121,755.98,39311.04,-3.58,6.09,1.2442,3.32,52063.51
13068,"County 068, GA",GA,2023,982,4369,226402198,157349412,989.18,51437.1,1.98,5.46,0.9012,1.57,57098.02
13069,"County 069, GA",GA,2023,4812,23071,1159262390,860378504,1012.14,52631.13,2.73,2.84,1.0058,3.03,59304.41
13070,"County 070, GA",GA,2023,53194,230521,9765456756,7059573572,803.29,41770.88,0.54,2.82,1.3156,2.75,47376.37
13071,"County 071, GA",GA,2023,9922,43399,1240971405,910549058,572.02,29744.95,1.24,2.1,0.8355,2.13,45823.76
13072,"County 072, GA",GA,2023,8003,30269,1769202572,1090276284,1115.06,57983.1,0.04,3.07,1.0266,2.75,61735.84
13073,"County 073, GA",GA,2023,14220,49978,2616146983,1960396596,1044.98,54338.79,2.19,4.19,0.9234,1.77,52439.99
13074,"County 074, GA",GA,2023,4490,16451,637517026,493291497,736.75,38311.17,2.47,1.62,1.0475,2.95,51834.75
13075,"County 075, GA",GA,2023,6839,17354,930782778,667194096,1066.28,55446.44,2.85,3.52,1.2168,1.24,55669.19
13076,"County 076, GA",GA,2023,7431,23422,883470825,581517841,707.72,36801.58,7.28,4.61,0.6291,2.12,50689.26
13077,"County 077, GA",GA,2023,800,3039,172202203,132227306,1047.39,54464.49,2.61,5.82,0.9715,2.12,53719.52
13078,"County 078, GA",GA,2023,21456,78738,4501632305,2791308522,1145.48,59564.78,1.45,2.78,1.3153,1.37,53424.45
13079,"County 079, GA",GA,2023,7626,24488,1226525908,953354160,985.33,51237.03,-0.74,4.32,0.8899,3.32,61350.54
13080,"County 080, GA",GA,2023,7510,30468,1436167691,1119332666,881.12,45818.48,2.23,5.46,0.7849,1.71,59455.56
13081,"County 081, GA",GA,2023,2543,10547,483274907,348875081,919.24,47800.45,1.53,4.99,0.5542,1.76,59237.24
13082,"County 082, GA",GA,2023,11,50,1555590,1165533,607.32,31580.6,3.4,3.78,0.4393,3.37,51548.43
13083,"County 083, GA",GA,2023,9098,40746,2270088474,1813504928,1020.82,53082.77,-3.91,1.07,0.7437,1.0,55691.16
13084,"County 084, GA",GA,2023,773,2520,104771900,65255803,830.05,43162.59,0.22,3.81,1.0608,2.7,52227.33
13085,"County 085, GA",GA,2023,9153,27217,1364456255,1017038595,963.24,50088.62,2.36,2.8,1.1447,2.05,52603.17
13086,"County 086, GA",GA,2023,1360,8107,392487875,251341952,950.0,49400.23,5.79,3.12,0.7362,1.27,45143.45
13087,"County 087, GA",GA,2023,37059,120657,7504321942,5691022378,1193.04,62038.0,4.65,4.99,2.1606,1.59,57514.91
13088,"County 088, GA",GA,2023,314,1216,62860799,41900806,1006.51,52338.53,1.62,5.62,1.1627,2.04,51150.51
13089,"County 089, GA",GA,2023,63,248,8380145,5449211,682.32,35480.87,-0.1,5.67,1.1798,2.93,51535.72
13090,"County 090, GA",GA,2023,407490,1492820,51427727622,34272646427,651.23,33864.11,-2.28,-0.08,1.0114,3.99,47033.72
13091,"County 091, GA",GA,2023,385,1031,34694725,22040880,640.27,33294.0,3.89,4.85,1.2571,3.34,50907.62
13092,"County 092, GA",GA,2023,445,1785,93514626,57695793,974.1,50652.95,3.93,2.23,1.0871,1.32,53435.55
13093,"County 093, GA",GA,2023,79,140,6189110,3747276,822.74,42782.23,1.39,2.92,1.7828,2.33,51582.39
13094,"County 094, GA",GA,2023,10131,44673,3040112830,1989795552,1304.92,67855.72,1.48,6.16,0.8108,1.0,54430.82
13095,"County 095, GA",GA,2023,2162,8783,458073483,290354483,996.84,51835.8,4.49,5.83,1.0099,1.58,60533.74
13096,"County 096, GA",GA,2023,15540,28954,1184328683,865887945,795.06,41342.98,-2.43,5.06,1.4788,2.25,48301.12
13097,"County 097, GA",GA,2023,3108,14233,905764332,606324252,1205.48,62685.21,3.26,5.19,0.8654,1.57,58446.15
13098,"County 098, GA",GA,2023,6529,24126,1134884488,793865240,936.88,48717.76,2.32,5.54,2.4228,1.79,50812.39
13099,"County 099, GA",GA,2023,6459,17477,846492455,671944333,887.47,46148.42,-0.87,3.74,0.6069,1.77,50951.79
13100,"County 100, GA",GA,2023,13682,29664,1616864432,983934408,1062.41,55245.18,0.96,5.62,1.4558,2.27,49170.15
13101,"County 101, GA",GA,2023,3903,10510,614123791,474255542,1089.28,56642.81,4.07,1.93,1.184,1.19,48826.89
13102,"County 102, GA",GA,2023,33303,120992,6044866313,3639175837,941.65,48965.7,1.11,1.5,1.4751,1.69,50382.29
13103,"County 103, GA",GA,2023,32263,97158,4753333724,3649264669,906.54,47140.05,4.94,4.46,1.9961,2.9,51621.99
13104,"County 104, GA",GA,2023,90071,217146,10796999073,7092684882,918.33,47753.25,5.24,4.58,1.1724,2.19,51432.47
13105,"County 105, GA",GA,2023,1992,7171,429251775,300659343,1178.7,61292.66,-1.11,5.09,1.6134,2.73,60181.48
13106,"County 106, GA",GA,2023,4289,14986,729259315,496354783,923.35,48013.97,0.32,3.36,1.8177,4.31,47167.41
13107,"County 107, GA",GA,2023,1152,5075,252385565,160668092,1005.34,52277.88,-0.68,3.36,0.993,1.0,49301.46
13108,"County 108, GA",GA,2023,14241,49170,1549026119,1177376656,631.36,32830.62,-5.89,6.0,0.5283,3.62,41913.82
13109,"County 109, GA",GA,2023,204849,1764757,58601828039,42642754841,636.2,33082.56,1.38,2.16,1.3141,1.78,52678.3
13110,"County 110, GA",GA,2023,1027,1915,121485790,74952791,1207.86,62808.95,0.84,4.02,1.7061,1.7,60728.45
13111,"County 111, GA",GA,2023,6255,11844,518600340,382405337,853.61,44387.88,-2.45,2.45,1.6895,2.17,55079.57
13112,"County 112, GA",GA,2023,9583,39834,1918352213,1245743104,942.22,48995.54,3.36,4.24,0.8959,1.31,46281.67
13113,"County 113, GA",GA,2023,46181,164213,8325187796,5538511026,949.02,49348.79,2.57,-1.57,1.2103,1.26,46681.27
13114,"County 114, GA",GA,2023,4932,28423,1449374411,1139642791,1031.82,53654.57,-1.39,5.65,0.5892,2.69,54901.52
13115,"County 115, GA",GA,2023,397,1627,59514457,40377050,708.78,36856.58,-0.55,5.34,0.4626,3.01,56265.6
13116,"County 116, GA",GA,2023,7156,28552,1309080818,837398275,867.78,45124.45,2.95,7.64,0.9786,1.22,45165.24
13117,"County 117, GA",GA,2023,5431,14936,802592356,608079129,1042.17,54192.85,0.05,1.65,2.0063,1.73,59192.31
13118,"County 118, GA",GA,2023,970,3397,152468369,92466847,834.27,43382.0,2.3,6.76,1.1318,2.9,54701.24
13119,"County 119, GA",GA,2023,851,3706,192722090,135281239,1036.76,53911.54,-5.43,7.5,0.7313,3.47,48596.95
13120,"County 120, GA",GA,2023,231,656,24474206,16744017,749.3,38963.86,2.83,7.06,0.7866,2.8,42670.02
13121,"County 121, GA",GA,2023,2523,6467,375395392,271505264,1066.85,55476.39,0.94,3.22,0.7804,1.29,65258.91
13122,"County 122, GA",GA,2023,5357,17257,975212992,757724045,1115.15,57987.94,0.52,4.06,0.7824,1.96,64937.98
13123,"County 123, GA",GA,2023,809,2661,164356116,118129929,1221.84,63535.59,0.39,3.28,0.6016,1.94,62629.25
13124,"County 124, GA",GA,2023,7565,26026,1220269321,936832480,940.54,48908.22,2.9,3.76,0.6904,1.0,52909.29
13125,"County 125, GA",GA,2023,52666,207617,10090529979,7677872868,907.78,47204.33,-0.23,2.58,0.4862,3.21,49616.75
13126,"County 126, GA",GA,2023,818,3617,237436610,149906743,1236.5,64298.09,-1.53,5.58,1.1055,1.0,60879.97
13127,"County 127, GA",GA,2023,51256,163580,4235749402,3274437900,504.09,26212.52,4.37,0.48,0.8961,2.34,51934.1
13128,"County 128, GA",GA,2023,1565,5502,211266052,144819665,747.46,38868.17,-3.8,3.11,1.4239,1.47,50219.55
13129,"County 129, GA",GA,2023,46707,191208,10635449679,7433857202,1045.91,54387.54,2.39,3.4,0.8526,1.69,60299.38
13130,"County 130, GA",GA,2023,1658,5658,234620654,165175346,786.48,40896.93,0.9,0.86,1.6385,1.9,55116.94
13131,"County 131, GA",GA,2023,2721,7424,354590240,233752121,946.48,49217.19,1.03,2.61,1.3722,1.52,61156.48
13132,"County 132, GA",GA,2023,5865,19638,853981554,679127855,868.55,45164.59,-0.6,3.57,1.0036,2.98,51407.8
13133,"County 133, GA",GA,2023,3395,11116,424362186,268289158,711.82,37014.73,3.89,3.74,0.844,3.71,55995.47
13134,"County 134, GA",GA,2023,1185,4316,219063864,150453266,951.48,49476.98,3.57,2.77,1.0798,2.8,48046.16
13135,"County 135, GA",GA,2023,710,3475,183541537,113066990,987.78,51364.82,1.18,1.74,1.1619,2.86,54301.11
13136,"County 136, GA",GA,2023,4166,32669,2337674582,1639601556,1391.6,72362.95,2.91,6.76,1.4067,1.0,66963.28
13137,"County 137, GA",GA,2023,7674,33040,1228605257,905165760,717.35,37302.36,1.24,2.26,0.8259,3.9,48886.31
13138,"County 138, GA",GA,2023,520,3615,178851252,115357921,931.61,48443.53,4.98,2.51,0.9201,1.25,58336.36
13139,"County 139, GA",GA,2023,884,1972,89250004,71253100,861.13,44778.56,2.47,6.0,1.0278,2.75,60537.83
13140,"County 140, GA",GA,2023,3547,17438,1011192717,786405337,1064.68,55363.57,1.31,2.89,1.1029,3.8,55888.58
13141,"County 141, GA",GA,2023,20209,78176,3797933071,2637313302,939.72,48865.36,-2.99,0.5,1.142,1.0,59850.26
13142,"County 142, GA",GA,2023,2503,13894,576278369,412079790,790.61,41111.88,1.94,3.38,1.2517,2.51,51998.37
13143,"County 143, GA",GA,2023,69232,258428,12455176144,8590760007,885.33,46036.91,3.92,2.29,1.4571,3.72,51006.1
13144,"County 144, GA",GA,2023,1966,9571,361195065,249129724,759.88,39513.98,2.62,7.62,0.8541,2.69,46060.87
13145,"County 145, GA",GA,2023,465,1374,66935286,40636812,905.53,47087.42,2.87,1.69,1.1962,3.85,60199.91
13146,"County 146, GA",GA,2023,2429,7300,255942293,198377709,699.09,36352.61,5.84,3.34,1.505,1.75,42801.59
13147,"County 147, GA",GA,2023,15530,74568,2829779897,2093647958,701.83,36495.23,-0.03,3.35,0.6734,2.23,56796.37
13148,"County 148, GA",GA,2023,1015,4589,185477337,117891186,758.36,39434.58,5.78,3.63,0.9875,3.11,35965.58
13149,"County 149, GA",GA,2023,6619,14816,598572141,400933509,739.97,38478.33,4.16,3.33,0.7287,2.8,47884.36
13150,"County 150, GA",GA,2023,7778,29043,1694689346,1091757686,1082.52,56290.83,2.58,4.1,1.543,1.62,57080.07
13151,"County 151, GA",GA,2023,43861,152094,8782153842,5738209763,1139.49,59253.25,0.25,4.4,0.9924,1.01,58892.13
13152,"County 152, GA",GA,2023,3519,8380,471688273,288716955,1063.6,55307.04,1.25,1.58,1.2655,1.87,69438.87
13153,"County 153, GA",GA,2023,13238,34864,1337274107,893040191,759.97,39518.34,0.94,0.01,0.8265,2.39,48289.08
13154,"County 154, GA",GA,2023,4720,10894,470136511,317522409,828.18,43065.45,-0.86,2.42,1.4243,2.07,45488.93
13155,"County 155, GA",GA,2023,2963,17179,964778590,670906359,1047.92,54491.7,4.18,6.41,2.6645,2.4,56919.58
13156,"County 156, GA",GA,2023,2142,7255,350983122,242693480,975.61,50731.74,2.09,3.55,0.5093,1.0,48675.91
13157,"County 157, GA",GA,2023,8659,29944,1596258950,976524074,1030.2,53570.27,1.58,5.78,1.3796,2.14,62044.94
13158,"County 158, GA",GA,2023,2757,9595,604485997,377488827,1156.13,60119.02,-1.87,1.75,0.9213,1.24,50844.43
13159,"County 159, GA",GA,2023,16121,38758,1853793653,1423406120,908.29,47231.2,-6.03,2.08,1.0019,1.31,51545.4
15001,"County 001, HI",HI,2023,2290,9634,392834775,278338212,760.86,39564.54,4.5,4.86,1.5061,4.31,58672.01
15002,"County 002, HI",HI,2023,2462,6355,269168964,161956894,851.96,44302.03,2.81,0.63,0.5706,5.26,52915.62
15003,"County 003, HI",HI,2023,6452,23032,1157341030,713265568,972.33,50561.04,-0.28,3.87,1.1435,5.91,69408.98
15004,"County 004, HI",HI,2023,1649,6386,345332586,240063476,1006.51,52338.51,3.55,3.25,1.2518,4.62,69876.37
15005,"County 005, HI",HI,2023,3638,12704,606698606,451736449,931.92,48459.59,1.19,3.91,1.8027,5.11,64939.37
16001,"County 001, ID",ID,2023,37226,123460,6666074367,5029810451,1032.61,53695.66,1.77,2.62,1.126,3.1,53355.2
16002,"County 002, ID",ID,2023,4792,20427,1199694766,821638622,1080.8,56201.47,4.49,3.37,0.82,2.42,53785.82
16003,"County 003, ID",ID,2023,1553,4686,202724766,148323181,794.68,41323.37,1.01,1.83,1.1596,5.14,48041.09
16004,"County 004, ID",ID,2023,11821,81227,6095455070,3971152275,1426.23,74164.11,1.31,3.32,0.8638,2.94,64271.94
16005,"County 005, ID",ID,2023,4162,15641,637765978,459346880,796.95,41441.44,2.76,3.08,1.2115,5.46,53009.25
16006,"County 006, ID",ID,2023,580,1976,78539873,52277368,785.3,40835.69,6.84,7.08,0.9168,4.42,43677.27
16007,"County 007, ID",ID,2023,1630,8199,423407198,301760514,978.56,50885.32,1.14,6.92,0.6289,4.83,49276.78
16008,"County 008, ID",ID,2023,2061,8877,565450174,413025005,1280.96,66609.92,3.56,2.39,0.7068,1.78,59247.54
16009,"County 009, ID",ID,2023,308,1185,72062977,46264500,1222.82,63586.59,4.25,-0.37,1.4748,2.69,69231.41
16010,"County 010, ID",ID,2023,15927,64236,2797799119,2135897398,839.47,43652.56,7.57,5.61,0.8123,3.12,44262.13
16011,"County 011, ID",ID,2023,2380,6107,322441457,235606770,1030.89,53606.4,2.34,4.99,0.9946,3.09,59063.84
16012,"County 012, ID",ID,2023,1777,4775,274107085,217901938,1125.43,58522.58,7.44,6.58,1.3625,2.82,56294.51
16013,"County 013, ID",ID,2023,2287,8045,445363575,311226713,1042.88,54229.88,4.4,7.53,1.0105,3.14,50025.63
16014,"County 014, ID",ID,2023,1501,5795,373850062,271561617,1289.74,67066.46,0.22,6.56,0.8798,1.79,52830.26
16015,"County 015, ID",ID,2023,491,2204,109147833,77818963,992.46,51608.1,3.27,7.26,0.8852,3.8,46856.95
16016,"County 016, ID",ID,2023,3189,6617,381797793,289100062,1144.31,59503.94,5.83,2.43,1.313,2.76,59985.5
16017,"County 017, ID",ID,2023,3526,14056,738418828,461946260,1057.02,54964.81,3.44,2.69,0.9559,2.51,67923.77
16018,"County 018, ID",ID,2023,9457,26529,942342916,678235006,656.73,34149.87,2.51,4.17,1.3801,3.52,48826.53
16019,"County 019, ID",ID,2023,6317,32212,1770259255,1148326355,1034.29,53783.24,4.96,3.69,0.8916,3.89,54167.53
16020,"County 020, ID",ID,2023,91,222,15090379,10901635,1340.58,69710.03,2.06,3.82,0.703,3.85,74027.97
16021,"County 021, ID",ID,2023,3031,17801,1024936216,750289349,1061.96,55221.76,1.64,4.06,0.6036,4.17,55788.68
16022,"County 022, ID",ID,2023,3288,14960,896032128,614565296,1167.1,60689.36,3.11,4.02,0.5504,2.83,62747.3
16023,"County 023, ID",ID,2023,3479,10728,491297243,374389119,891.68,46367.18,0.48,3.13,0.6166,4.53,51864.38
16024,"County 024, ID",ID,2023,3599,18279,823445119,513101632,825.58,42930.24,1.27,4.64,0.7462,4.57,45649.14
16025,"County 025, ID",ID,2023,9827,15810,774863198,539280684,959.0,49868.07,-0.97,2.28,0.9204,3.25,52237.79
16026,"County 026, ID",ID,2023,21148,91267,5607628809,4005980478,1211.11,62977.95,-0.27,3.39,0.7672,3.05,52793.76
16027,"County 027, ID",ID,2023,5649,19932,1021896914,777976915,982.86,51108.94,2.62,3.64,0.7477,1.9,51655.32
16028,"County 028, ID",ID,2023,7872,23015,1466208863,972720399,1167.04,60685.97,7.38,7.13,1.395,3.58,57743.47
16029,"County 029, ID",ID,2023,3408,10983,567422725,421183839,1020.82,53082.46,2.55,4.62,1.6657,3.66,62569.76
16030,"County 030, ID",ID,2023,180415,523706,34919638236,24852175048,1269.46,66011.94,6.71,0.44,1.2167,3.15,71012.44
16031,"County 031, ID",ID,2023,36541,132455,5908543716,4219554225,862.22,44835.27,0.32,5.13,0.7929,2.89,48997.77
16032,"County 032, ID",ID,2023,3110,11306,726031485,487660353,1216.74,63270.68,3.29,4.65,0.5997,2.16,56336.81
16033,"County 033, ID",ID,2023,1933,5272,219133587,142900912,807.18,41973.56,-0.53,2.71,0.869,3.69,51108.45
16034,"County 034, ID",ID,2023,41605,155592,8945454840,6628218740,1064.76,55367.4,1.6,5.18,1.0148,4.49,62830.73
16035,"County 035, ID",ID,2023,3660,9677,659495465,499511734,1308.73,68053.76,1.96,1.62,1.2151,1.96,67575.87
16036,"County 036, ID",ID,2023,7659,17044,1208857727,758105219,1360.72,70757.43,4.53,5.11,1.1006,3.27,65897.14
16037,"County 037, ID",ID,2023,17004,29377,1192425619,901937687,772.41,40165.3,6.84,3.85,1.4497,3.56,52664.05
16038,"County 038, ID",ID,2023,47228,146769,5681820067,3632904239,717.28,37298.69,3.66,5.53,0.8798,4.3,54151.48
16039,"County 039, ID",ID,2023,9372,36436,2132124952,1301003020,1101.99,57303.66,2.77,5.38,1.355,3.12,53782.18
16040,"County 040, ID",ID,2023,14485,62503,2663456982,2087277198,791.01,41132.4,3.93,6.03,0.6325,4.02,49117.05
16041,"County 041, ID",ID,2023,17266,101626,6170236419,3865933426,1208.91,62863.49,4.15,4.42,1.2261,3.34,54839.65
16042,"County 042, ID",ID,2023,24584,95935,5226368399,4164260235,1032.56,53693.34,2.2,1.26,1.2368,3.52,47394.03
16043,"County 043, ID",ID,2023,4896,15309,706347811,534997738,926.91,48199.47,3.15,4.07,0.9354,3.34,51393.68
16044,"County 044, ID",ID,2023,1305,6467,373399940,248461792,1114.99,57979.41,0.83,5.44,0.9288,2.8,65597.5
17001,"County 001, IL",IL,2023,25690,83341,5653817580,4411935536,1319.24,68600.71,3.32,1.55,0.969,4.3,52759.1
17002,"County 002, IL",IL,2023,5898,15445,959485498,667175219,1214.12,63134.04,2.62,3.65,0.887,4.03,60099.82
17003,"County 003, IL",IL,2023,8188,33264,2028788963,1483410774,1199.75,62387.19,1.87,4.25,1.0741,4.94,48947.76
17004,"County 004, IL",IL,2023,1074,5439,283624804,217843214,1023.47,53220.4,1.23,6.06,0.819,4.8,42858.25
17005,"County 005, IL",IL,2023,18539,50057,3261797483,1997984422,1199.72,62385.53,6.2,5.18,0.7845,4.49,50542.12
17006,"County 006, IL",IL,2023,5139,18312,947456214,738681552,960.84,49963.76,2.76,2.22,1.2558,5.07,49337.33
17007,"County 007, IL",IL,2023,1560,6537,436029472,280059212,1271.39,66112.32,2.13,5.71,0.6751,3.72,55624.43
17008,"County 008, IL",IL,2023,47392,165624,9462720969,6051986251,1143.84,59479.5,4.02,-0.42,0.6753,4.99,44172.79
17009,"County 009, IL",IL,2023,13893,66726,3953732646,2478362221,1115.45,58003.32,3.23,3.25,1.7968,4.12,57027.87
17010,"County 010, IL",IL,2023,7167,19815,1105590790,807940952,1123.75,58434.75,1.62,4.91,1.9191,5.05,53096.63
17011,"County 011, IL",IL,2023,674,2330,127851091,93411194,1097.65,57077.72,1.12,5.87,0.7177,4.38,55899.44
17012,"County 012, IL",IL,2023,600,2065,148110403,112977755,1425.3,74115.63,7.41,2.27,0.9346,4.14,53034.51
17013,"County 013, IL",IL,2023,3078,11942,764807058,503792375,1199.36,62366.93,1.59,3.59,0.9845,4.11,53654.03
17014,"County 014, IL",IL,2023,1501,6513,487481416,357007925,1439.05,74830.4,1.76,3.77,0.6535,3.66,52957.85
17015,"County 015, IL",IL,2023,89,524,36162515,26060058,1316.15,68440.0,4.66,2.98,0.6956,5.05,55090.05
17016,"County 016, IL",IL,2023,4921,7709,550507103,381182714,1393.95,72485.21,1.76,1.94,0.6502,4.45,55604.41
17017,"County 017, IL",IL,2023,5665,29071,1637353683,1091667921,1134.69,59004.06,6.4,3.61,0.4756,4.68,51524.57
17018,"County 018, IL",IL,2023,5007,24341,1603128187,1132433224,1291.71,67168.7,1.82,6.02,0.9858,4.27,51991.94
17019,"County 019, IL",IL,2023,36459,128220,8392948979,6469689151,1281.67,66646.66,2.46,2.49,0.6889,2.73,47227.56
17020,"County 020, IL",IL,2023,3246,15710,959981256,700811391,1121.66,58326.15,4.71,4.17,0.6122,4.6,44037.86
17021,"County 021, IL",IL,2023,1793,5417,324003442,245636694,1190.66,61914.43,1.06,3.83,1.0666,5.72,44424.05
17022,"County 022, IL",IL,2023,212113,947118,54743734372,42568252482,1098.78,57136.42,5.0,2.16,0.8481,5.48,40929.52
17023,"County 023, IL",IL,2023,2631,13971,742235202,455017561,993.98,51686.81,4.35,4.16,1.075,3.87,49691.23
17024,"County 024, IL",IL,2023,4923,11756,872867800,671157825,1396.27,72606.29,0.52,-0.14,1.4588,4.0,52916.05
17025,"County 025, IL",IL,2023,1196,3911,207028500,153282364,1017.08,52887.99,3.5,6.05,1.487,4.97,36085.1
17026,"County 026, IL",IL,2023,8301,37660,2387257647,1768851636,1240.47,64504.66,1.36,3.71,1.1307,4.22,58242.65
17027,"County 027, IL",IL,2023,6138,15387,1081828306,820761135,1317.59,68514.5,3.46,4.48,0.8014,3.63,60922.71
17028,"County 028, IL",IL,2023,1144,3817,215467249,156537322,1100.1,57205.29,3.27,-1.63,0.8717,5.01,52038.04
17029,"County 029, IL",IL,2023,3217,14683,925112273,739519870,1156.94,60160.64,0.26,6.52,0.9096,4.75,48474.02
17030,"County 030, IL",IL,2023,8773,57061,3469169540,2237469412,1180.0,61359.9,-1.62,2.36,0.7695,3.89,56431.46
17031,"County 031, IL",IL,2023,7254,25487,1536636721,1078557534,1167.92,60731.76,4.06,1.09,0.3972,4.85,53454.42
17032,"County 032, IL",IL,2023,3403,7048,461108173,353290097,1253.15,65163.85,2.18,2.62,0.5919,5.55,55400.0
17033,"County 033, IL",IL,2023,392957,1065281,64803238598,40852426999,1158.26,60229.59,1.97,2.74,0.6141,5.85,52566.76
17034,"County 034, IL",IL,2023,15101,38639,2601506751,1799119962,1293.78,67276.8,4.86,4.09,0.9258,5.42,51854.26
17035,"County 035, IL",IL,2023,6749,33798,2073211834,1595847645,1133.96,58966.0,1.34,4.28,1.5575,5.08,37506.24
17036,"County 036, IL",IL,2023,2380,6665,407016375,244524357,1158.76,60255.32,6.33,3.76,1.4622,5.32,54419.33
17037,"County 037, IL",IL,2023,18891,84406,4422761657,3426437068,1038.78,54016.55,0.58,5.86,1.0423,4.57,48052.51
17038,"County 038, IL",IL,2023,3217,17406,1209371640,783440560,1330.75,69199.21,5.1,3.79,0.8272,4.69,54272.82
17039,"County 039, IL",IL,2023,60012,205542,11668767457,8877998133,1126.08,58555.97,-0.89,2.58,1.591,5.33,49044.32
17040,"County 040, IL",IL,2023,11940,38968,2561329614,1665214121,1239.06,64431.36,3.74,0.76,0.9359,4.11,58103.66
17041,"County 041, IL",IL,2023,2302,8802,567256626,363821650,1181.7,61448.44,1.95,4.23,0.8834,5.2,44960.02
17042,"County 042, IL",IL,2023,12409,32353,2298710460,1709670861,1399.86,72792.59,-4.53,1.05,0.9931,3.85,59891.88
17043,"County 043, IL",IL,2023,850,3475,214856295,159130539,1223.9,63643.0,1.42,2.23,0.8271,5.25,51944.58
17044,"County 044, IL",IL,2023,31569,68829,4988484511,3031921599,1378.22,71667.56,3.04,1.49,0.9308,3.46,54205.18
17045,"County 045, IL",IL,2023,3562,9773,460098007,287441811,901.57,46881.83,3.58,4.71,1.0939,4.66,46300.3
17046,"County 046, IL",IL,2023,1152,2671,181592162,116921586,1334.38,69387.98,1.74,4.98,0.8363,3.91,43087.91
17047,"County 047, IL",IL,2023,4559,19258,1057335151,698912241,1009.56,52497.09,1.56,5.66,1.6775,4.43,43977.86
17048,"County 048, IL",IL,2023,39563,102159,5422830522,3406608403,973.62,50628.02,4.35,0.08,0.8936,6.38,45664.27
17049,"County 049, IL",IL,2023,8135,43276,2712251347,1939758374,1168.6,60767.26,6.74,2.04,1.4586,4.2,51186.28
17050,"County 050, IL",IL,2023,2328,5718,378056568,249945493,1256.05,65314.48,5.11,4.92,0.6348,3.37,49917.36
17051,"County 051, IL",IL,2023,29742,105634,6798656015,4641958137,1186.37,61691.03,4.29,4.2,0.8273,2.95,52397.24
17052,"County 052, IL",IL,2023,2332,6819,402745103,317449664,1182.54,61492.34,3.59,3.69,1.5376,4.07,50432.57
17053,"County 053, IL",IL,2023,2861,11731,632258968,398326159,1022.46,53168.07,3.64,3.46,0.9374,4.76,42315.17
17054,"County 054, IL",IL,2023,3990,11467,704943947,560125330,1133.82,58958.71,2.57,3.07,1.5069,3.68,47614.89
17055,"County 055, IL",IL,2023,8294,32042,1679124537,1121355316,1054.65,54841.55,2.61,1.32,0.6204,5.55,42344.94
17056,"County 056, IL",IL,2023,5965,21528,1174881869,896515399,1044.76,54327.45,1.4,-1.15,1.2549,4.06,50752.24
17057,"County 057, IL",IL,2023,6265,18692,1368954026,992651281,1432.62,74496.25,4.66,3.46,1.4967,3.47,67839.38
17058,"County 058, IL",IL,2023,7952,29237,1543009861,1038394364,1005.75,52299.24,3.66,3.39,1.0039,3.09,46551.05
17059,"County 059, IL",IL,2023,22122,50431,3387493990,2342643785,1249.24,64960.49,4.55,6.04,2.0988,2.97,51259.04
17060,"County 060, IL",IL,2023,5802,24587,1796570161,1289453254,1346.49,70017.65,0.41,3.15,0.6505,4.01,54649.7
17061,"County 061, IL",IL,2023,15153,66379,3849490354,2627618639,1158.39,60236.42,2.96,5.08,0.8659,4.99,47011.86
17062,"County 062, IL",IL,2023,2602,5672,439598778,350717840,1422.39,73964.45,1.43,1.31,0.6163,4.34,57232.32
17063,"County 063, IL",IL,2023,2207,9349,514319881,315288142,1075.25,55912.77,2.43,7.47,0.8318,5.48,54540.94
17064,"County 064, IL",IL,2023,2003,5003,258996496,192989657,971.38,50511.94,4.46,3.33,0.9448,3.74,41209.07
17065,"County 065, IL",IL,2023,1834,7640,588053647,463116585,1537.57,79953.72,0.9,0.79,0.884,2.24,60021.75
17066,"County 066, IL",IL,2023,495,1268,61248521,45305706,936.46,48695.86,5.7,2.48,0.8275,5.46,48848.44
17067,"County 067, IL",IL,2023,4691,14757,960856141,638674048,1219.26,63401.37,4.47,3.88,0.8652,5.43,45360.66
17068,"County 068, IL",IL,2023,4839,18137,880050274,619654112,931.93,48460.23,4.66,3.44,0.4642,3.97,56036.41
17069,"County 069, IL",IL,2023,25290,114685,7455867650,4805075838,1284.59,66798.48,3.16,4.63,0.9106,4.75,61922.49
17070,"County 070, IL",IL,2023,42560,191622,12056936922,9388432485,1263.65,65709.73,2.99,2.26,1.1335,4.4,53175.65
17071,"County 071, IL",IL,2023,3583,13761,769668857,525411829,1089.34,56645.5,-0.55,2.75,0.8378,6.4,42859.01
17072,"County 072, IL",IL,2023,7103,24421,1455445514,932272047,1152.11,59909.96,3.46,0.44,1.0353,3.96,49996.78
17073,"County 073, IL",IL,2023,4809,30564,1577523582,1253603321,999.71,51984.77,4.44,5.87,1.7262,4.39,54857.21
17074,"County 074, IL",IL,2023,11126,42535,2788802069,2186912312,1282.93,66712.58,3.51,4.04,1.2025,4.47,56696.65
17075,"County 075, IL",IL,2023,9066,63195,3331849657,2072560556,975.5,50726.04,1.79,4.03,1.3031,3.43,44185.38
17076,"County 076, IL",IL,2023,58,338,22784502,14003864,1342.71,69820.79,3.51,4.8,0.8954,4.15,52226.71
17077,"County 077, IL",IL,2023,57798,153852,8222566386,5070844155,1041.67,54166.62,3.79,2.66,1.1607,4.03,51514.5
17078,"County 078, IL",IL,2023,55082,159435,10583995796,7887484479,1218.76,63375.46,2.83,6.34,1.2411,6.39,48823.82
17079,"County 079, IL",IL,2023,17598,86396,5084901351,3221462354,1178.3,61271.64,4.12,3.08,1.53,7.74,54997.86
17080,"County 080, IL",IL,2023,609,2860,156321494,104563329,1106.15,57520.01,6.09,3.51,0.6551,5.79,49607.94
17081,"County 081, IL",IL,2023,16741,41761,2396211406,1589244792,1061.55,55200.38,1.68,2.3,1.2898,4.47,51519.65
17082,"County 082, IL",IL,2023,857,1953,129202660,101775678,1330.32,69176.46,6.37,1.06,1.5496,5.15,59399.06
17083,"County 083, IL",IL,2023,1358,4238,222702252,164128728,1040.45,54103.26,0.35,5.02,1.1723,6.11,51161.36
17084,"County 084, IL",IL,2023,11878,36571,2252600967,1415026619,1169.67,60822.86,4.08,4.94,1.1472,4.4,47660.85
17085,"County 085, IL",IL,2023,5456,28735,1429367978,903555640,920.2,47850.42,2.48,2.77,1.7413,4.31,49033.86
17086,"County 086, IL",IL,2023,20318,68403,3454553775,2451871530,978.85,50900.32,1.17,3.21,0.9648,5.46,40685.37
17087,"County 087, IL",IL,2023,3423,13049,798097395,528761129,1224.13,63654.79,4.34,3.57,0.654,5.8,47264.44
17088,"County 088, IL",IL,2023,7193,21121,1338625503,947768426,1274.81,66289.93,1.4,4.09,0.636,3.42,54056.61
17089,"County 089, IL",IL,2023,486,1797,125419506,93125886,1385.28,72034.32,3.16,2.15,1.5591,3.94,55626.27
17090,"County 090, IL",IL,2023,755,4790,249650975,154460563,1019.22,52999.45,4.29,1.54,0.8052,4.24,56700.56
17091,"County 091, IL",IL,2023,2993,10936,586600689,354911399,1084.92,56415.65,2.73,4.25,1.0278,4.65,47875.52
17092,"County 092, IL",IL,2023,7104,25265,1299460648,886948126,1007.08,52368.04,6.65,4.07,0.8658,5.17,41850.72
17093,"County 093, IL",IL,2023,4822,18370,1105585128,860725155,1107.32,57580.53,3.36,4.83,0.7716,4.87,51252.62
17094,"County 094, IL",IL,2023,6377,22137,1377395254,925838776,1193.88,62081.85,0.02,3.18,1.2628,4.86,54203.07
17095,"County 095, IL",IL,2023,15057,34840,1786049279,1133873685,1035.64,53853.52,3.99,4.53,0.9277,4.61,47304.01
17096,"County 096, IL",IL,2023,10891,46120,2584975950,2009875943,1088.29,56591.05,6.89,3.05,1.0645,5.25,45065.39
17097,"County 097, IL",IL,2023,2678,9561,688134374,451328837,1359.48,70692.93,3.76,1.29,1.1993,2.88,58921.49
17098,"County 098, IL",IL,2023,3115,15755,1137189623,719343181,1331.01,69212.42,4.11,4.66,0.4266,5.71,57757.57
17099,"County 099, IL",IL,2023,2128,15273,896531046,585383709,1101.45,57275.31,2.43,4.23,0.7624,5.42,43801.2
17100,"County 100, IL",IL,2023,169990,310345,18366426491,11047272636,1175.39,61120.43,-0.91,6.51,1.4845,4.5,45347.48
17101,"County 101, IL",IL,2023,470,1338,88319843,65536704,1232.53,64091.46,3.57,3.2,1.3409,3.35,49023.79
17102,"County 102, IL",IL,2023,25890,208777,16243390741,10941297302,1508.95,78465.6,2.23,5.37,0.8352,3.79,59214.95
18001,"County 001, IN",IN,2023,2437,8901,420326506,282593750,900.55,46828.71,0.3,3.85,1.9604,3.51,43237.03
18002,"County 002, IN",IN,2023,1418,5504,283427857,195934183,954.81,49650.32,4.79,3.15,0.7717,4.74,39192.28
18003,"County 003, IN",IN,2023,2162,8670,343830266,235106608,750.47,39024.52,4.37,3.09,1.2475,5.64,43925.7
18004,"County 004, IN",IN,2023,598,1686,93579562,59479897,1047.89,54490.38,-0.81,4.98,0.8993,5.42,46274.82
18005,"County 005, IN",IN,2023,8951,34886,1809125979,1269521353,962.19,50033.67,2.8,3.88,1.0446,6.28,51168.96
18006,"County 006, IN",IN,2023,4965,17303,919296049,562130987,974.03,50649.43,-1.3,5.56,0.9694,4.08,52119.32
18007,"County 007, IN",IN,2023,8122,28356,1618661199,1082502300,1141.16,59340.43,6.5,5.72,0.8367,3.58,51872.41
18008,"County 008, IN",IN,2023,9005,30822,1228557925,849394876,754.72,39245.38,1.84,1.38,0.9155,6.05,43335.24
18009,"County 009, IN",IN,2023,888,3508,183473327,138566242,988.76,51415.65,5.23,4.17,0.5646,4.99,56001.98
18010,"County 010, IN",IN,2023,4421,15193,780092117,546999209,956.31,49728.27,4.67,3.59,0.8847,4.39,35937.44
18011,"County 011, IN",IN,2023,92376,239974,10820941731,6947058891,862.88,44870.0,6.5,6.48,1.3256,5.21,43885.25
18012,"County 012, IN",IN,2023,426,1799,84241637,50611423,881.51,45838.31,0.68,1.69,0.8785,4.87,40189.21
18013,"County 013, IN",IN,2023,174,1265,64546789,51511445,941.22,48943.27,-0.82,3.79,0.8568,6.2,43048.49
18014,"County 014, IN",IN,2023,136997,470350,24677098853,18680370679,1025.86,53344.72,1.96,3.98,0.8174,4.99,56793.51
18015,"County 015, IN",IN,2023,8980,28972,1341383449,998712109,886.35,46090.15,-0.45,2.93,2.1457,5.19,52502.53
18016,"County 016, IN",IN,2023,5846,19919,1129099484,738412805,1135.32,59036.47,3.76,3.57,0.8414,5.23,54728.83
18017,"County 017, IN",IN,2023,4252,26581,1339918947,985045100,945.53,49167.57,-0.32,1.88,1.1727,3.38,39712.67
18018,"County 018, IN",IN,2023,4752,26145,1559351057,1127739507,1178.66,61290.44,2.22,2.02,0.6586,4.21,56367.31
18019,"County 019, IN",IN,2023,2060,6251,266125630,166895587,810.59,42150.68,0.97,3.55,0.9407,5.34,44313.62
18020,"County 020, IN",IN,2023,3439,12382,562012881,429716946,840.89,43726.04,-1.28,7.05,0.6258,4.96,37570.92
18021,"County 021, IN",IN,2023,1930,9499,460226062,335049387,941.14,48939.07,-7.35,3.9,1.0063,5.79,51213.04
18022,"County 022, IN",IN,2023,10227,52503,2304403293,1562435997,838.35,43594.44,4.97,4.13,1.6884,4.65,47501.91
18023,"County 023, IN",IN,2023,6641,23389,1185036129,902843819,965.0,50180.17,5.8,2.75,0.5261,5.3,43570.33
18024,"County 024, IN",IN,2023,8623,30605,1516081696,986428137,911.02,47373.29,-1.62,1.65,1.0499,4.14,36151.62
18025,"County 025, IN",IN,2023,10597,40831,2058544907,1461342077,955.37,49679.22,-5.04,3.37,1.1987,4.6,45181.82
18026,"County 026, IN",IN,2023,7992,21859,983239229,688208831,908.19,47225.73,3.09,3.21,0.6227,5.23,44661.09
18027,"County 027, IN",IN,2023,31825,102376,4927492646,3191922267,962.19,50033.86,0.54,4.87,0.7178,4.67,44355.19
18028,"County 028, IN",IN,2023,17135,44987,2112292754,1454476786,875.5,45526.05,-2.0,1.62,1.0032,6.11,40121.17
18029,"County 029, IN",IN,2023,3983,10571,475621264,324400240,844.36,43906.91,4.42,3.96,0.7719,6.22,39477.2
18030,"County 030, IN",IN,2023,32938,108861,7079862510,4448065691,1278.66,66490.25,3.86,5.06,1.5822,3.5,54158.14
18031,"County 031, IN",IN,2023,11459,33580,1623505810,1199892899,903.91,47003.45,3.45,6.48,0.823,5.51,45957.63
18032,"County 032, IN",IN,2023,362,1906,60229791,43974313,597.35,31062.21,1.4,-0.14,0.5282,5.91,46475.6
18033,"County 033, IN",IN,2023,13172,54898,3309373796,2339294831,1113.3,57891.72,5.02,3.88,1.4651,3.94,55729.8
18034,"County 034, IN",IN,2023,8679,32932,1591184447,1135963773,926.17,48160.79,0.97,1.11,0.5555,3.62,47407.36
18035,"County 035, IN",IN,2023,7198,29098,1449891402,975901826,993.87,51681.49,0.66,4.57,1.7755,6.17,39086.07
18036,"County 036, IN",IN,2023,799,1815,87982621,65203097,980.36,50978.95,4.5,5.88,1.1733,4.58,49421.31
18037,"County 037, IN",IN,2023,3128,15151,945625262,641498089,1182.45,61487.18,2.35,4.68,0.8329,5.8,52424.86
18038,"County 038, IN",IN,2023,46549,213983,7773761714,4787287736,733.61,38147.67,3.34,4.56,0.9076,5.46,43618.94
18039,"County 039, IN",IN,2023,7452,20400,1051951750,660480598,1031.8,53653.75,-1.43,6.38,0.667,3.39,47456.1
18040,"County 040, IN",IN,2023,646,1625,67531792,51144469,767.01,39884.32,4.71,5.79,0.9478,3.5,42547.36
18041,"County 041, IN",IN,2023,29341,91039,3881084137,2796810312,845.61,43971.79,-1.4,5.5,0.8599,4.28,50072.32
18042,"County 042, IN",IN,2023,1886,10602,524871478,387160717,922.67,47978.63,0.17,2.88,1.659,6.18,34850.96
18043,"County 043, IN",IN,2023,2809,12358,463141234,317205235,718.8,37377.47,0.22,3.67,0.7009,6.84,41931.43
18044,"County 044, IN",IN,2023,3077,15789,688995971,479592183,837.5,43549.77,-1.62,5.08,1.2265,6.27,46692.77
18045,"County 045, IN",IN,2023,3002,13159,472001162,324138660,691.55,35960.68,5.54,4.14,1.4187,4.06,36329.74
18046,"County 046, IN",IN,2023,8509,45454,2485591413,1619212268,1005.51,52286.45,2.9,4.77,0.9274,3.91,48998.51
18047,"County 047, IN",IN,2023,17427,62095,3376075915,2238789356,1032.63,53696.97,0.74,2.56,1.3649,3.57,41841.36
18048,"County 048, IN",IN,2023,59640,153117,8681942518,5809230040,1134.33,58985.02,-4.83,3.67,1.4812,5.7,44834.28
18049,"County 049, IN",IN,2023,179,692,41168841,30289115,1103.71,57392.94,-1.9,5.35,1.195,3.18,38136.91
18050,"County 050, IN",IN,2023,2399,10017,532337073,425608083,982.43,51086.58,6.19,5.61,0.8892,4.61,47431.55
18051,"County 051, IN",IN,2023,4784,28568,1136462933,820096670,746.65,38825.68,1.62,4.17,0.4946,5.03,42422.77
18052,"County 052, IN",IN,2023,236,824,47164194,33005768,1123.93,58444.34,-1.02,1.83,1.2941,2.28,46703.33
18053,"County 053, IN",IN,2023,6000,14640,540705790,365604676,679.97,35358.33,1.73,1.79,1.0359,4.77,44490.76
18054,"County 054, IN",IN,2023,7387,39008,1331000528,981569486,667.28,34698.54,0.55,4.98,1.68,5.56,36236.16
18055,"County 055, IN",IN,2023,1587,7080,338067049,223470640,954.93,49656.58,4.35,1.87,1.2018,4.35,46967.88
18056,"County 056, IN",IN,2023,10022,18254,1037040635,751663223,1107.54,57592.21,-2.12,6.27,0.7069,4.05,51368.61
18057,"County 057, IN",IN,2023,774,3828,177450733,141421950,897.76,46683.32,2.52,2.48,0.6352,4.82,38951.4
18058,"County 058, IN",IN,2023,7438,35864,1555670130,1220120662,813.28,42290.67,3.7,6.1,1.1618,6.16,38350.41
18059,"County 059, IN",IN,2023,25362,70674,2798473325,1952183921,786.86,40916.78,2.7,5.71,0.8173,5.05,35687.02
18060,"County 060, IN",IN,2023,1855,6678,303920867,188514520,884.73,46006.21,0.49,4.42,0.8172,4.65,34826.1
18061,"County 061, IN",IN,2023,885,2969,104898424,70125744,651.56,33880.93,0.81,5.74,0.8552,5.73,45167.72
18062,"County 062, IN",IN,2023,1642,5229,258591875,193445388,991.12,51538.1,1.91,3.59,1.21,5.49,48224.55
18063,"County 063, IN",IN,2023,12904,63078,1408978461,1018085927,434.85,22611.95,2.47,0.25,0.7973,6.74,27671.35
18064,"County 064, IN",IN,2023,2060,8611,486723007,348206260,1073.01,55796.62,0.33,4.95,0.6995,4.46,45824.21
18065,"County 065, IN",IN,2023,633,4306,252275075,184095641,1074.76,55887.3,4.18,4.87,0.8643,3.84,48199.33
18066,"County 066, IN",IN,2023,4917,20366,1077814328,812854495,991.46,51555.75,1.75,6.82,0.8037,5.85,42175.12
18067,"County 067, IN",IN,2023,23373,85162,4406474574,3013038041,998.59,51926.54,4.31,5.46,0.6905,4.69,47029.71
18068,"County 068, IN",IN,2023,132134,469006,27205165340,17472119808,1109.64,57701.06,-2.7,2.98,1.4437,5.75,44744.15
18069,"County 069, IN",IN,2023,8333,36572,2060546152,1487918102,1061.26,55185.49,-1.78,3.82,0.5209,4.39,40518.14
18070,"County 070, IN",IN,2023,68480,323837,13148848372,10455572478,778.67,40491.02,0.31,3.29,0.719,6.33,24549.78
18071,"County 071, IN",IN,2023,3491,16610,959548713,615292109,1111.36,57790.47,-2.08,6.12,1.0538,4.09,46604.03
18072,"County 072, IN",IN,2023,4611,22492,964281879,636195260,807.86,42008.87,-1.4,3.04,1.1634,5.43,51420.87
18073,"County 073, IN",IN,2023,8774,35743,1933047925,1212993321,1036.65,53905.97,-0.39,4.9,0.5181,5.32,46786.97
18074,"County 074, IN",IN,2023,3125,14295,1026819205,743596858,1423.89,74042.2,3.05,5.01,0.7234,2.62,55647.74
18075,"County 075, IN",IN,2023,382,1747,83230832,61912736,932.85,48508.04,7.35,1.03,0.4915,4.94,38801.48
18076,"County 076, IN",IN,2023,3860,17729,905986666,715162273,992.99,51635.5,1.02,2.06,0.5539,4.68,39535.11
18077,"County 077, IN",IN,2023,5573,37099,1858679055,1192046711,951.0,49451.98,3.38,3.79,0.7865,5.1,36484.62
18078,"County 078, IN",IN,2023,1050,3027,165675983,130320123,1087.81,56566.08,1.19,2.1,1.1444,4.5,44954.3
18079,"County 079, IN",IN,2023,3615,11122,420060994,258996674,725.67,37734.66,-1.08,3.37,1.2929,5.71,36970.04
18080,"County 080, IN",IN,2023,5386,46123,1562212928,965013917,638.12,33182.12,6.9,6.82,1.2805,6.09,28265.72
18081,"County 081, IN",IN,2023,1646,7659,354357256,220767765,853.95,44405.37,1.66,2.22,0.8664,5.45,37041.03
18082,"County 082, IN",IN,2023,2765,13083,586904302,425547657,902.65,46937.83,0.78,2.7,1.7445,5.4,41853.62
18083,"County 083, IN",IN,2023,945,3739,136433401,97006412,734.61,38199.9,0.59,2.78,2.817,5.01,29491.72
18084,"County 084, IN",IN,2023,19624,53823,3088910959,2179565243,1123.19,58405.85,0.82,4.13,1.3595,4.78,45543.74
18085,"County 085, IN",IN,2023,78408,243853,12853065996,9072481112,1009.49,52493.33,3.72,5.09,1.0968,4.22,48194.95
18086,"County 086, IN",IN,2023,6585,9983,568340774,412967276,1073.89,55842.35,7.9,2.07,0.7762,4.58,43538.13
18087,"County 087, IN",IN,2023,2613,9277,321723058,238120913,648.45,33719.6,5.27,1.05,0.6955,6.11,34887.15
18088,"County 088, IN",IN,2023,58455,302492,14166269513,10790981215,894.24,46500.71,3.25,4.63,0.7487,4.83,42435.86
18089,"County 089, IN",IN,2023,1620,3082,143812646,99451782,925.08,48104.25,-0.71,2.05,0.865,4.22,47769.83
18090,"County 090, IN",IN,2023,1154,4386,213666787,163871653,959.49,49893.26,-1.38,1.5,1.58,5.34,40789.02
18091,"County 091, IN",IN,2023,1095,5225,230325902,165403206,882.19,45873.96,4.75,5.01,0.8625,5.6,41544.27
18092,"County 092, IN",IN,2023,8649,22455,1445018898,894555307,1194.16,62096.38,1.01,1.27,0.7685,2.94,53856.81
19001,"County 001, IA",IA,2023,651,2184,104155185,68888771,937.77,48763.95,2.06,4.03,0.8636,6.66,46625.08
19002,"County 002, IA",IA,2023,5368,31080,1316998055,859898736,815.89,42426.24,-2.04,5.05,0.9166,8.05,53896.92
19003,"County 003, IA",IA,2023,213,1096,61071024,44058811,1098.97,57146.39,1.46,3.48,0.9886,6.67,56722.54
19004,"County 004, IA",IA,2023,40305,135920,3037938036,2132890877,423.08,22000.0,2.42,3.07,0.8176,7.37,41664.35
19005,"County 005, IA",IA,2023,4366,9898,396069880,263063845,740.51,38506.67,2.75,1.02,0.6979,5.17,45900.96
19006,"County 006, IA",IA,2023,4673,15330,698375777,493193732,880.25,45772.93,2.17,2.66,0.8226,7.18,55177.15
19007,"County 007, IA",IA,2023,1256,5839,290267263,212329881,993.94,51685.09,1.13,4.86,0.7876,5.97,50631.64
19008,"County 008, IA",IA,2023,5107,16954,701496392,547580073,818.93,42584.41,-3.06,1.62,1.2491,6.37,53224.07
19009,"County 009, IA",IA,2023,2803,9352,427940503,308762648,921.59,47922.59,1.25,6.2,0.6939,5.41,54777.44
19010,"County 010, IA",IA,2023,10433,33375,1422112438,869047472,808.94,42064.93,0.51,2.53,1.1806,6.57,46341.2
19011,"County 011, IA",IA,2023,37050,154628,4414828355,2689882580,555.4,28880.93,4.26,3.99,1.3973,7.88,48009.71
19012,"County 012, IA",IA,2023,38856,125625,6221902051,4934113746,920.2,47850.23,5.37,7.3,1.2423,6.47,44056.23
19013,"County 013, IA",IA,2023,2231,7132,322191037,238304828,890.66,46314.35,-4.64,4.14,1.5233,7.86,53949.81
19014,"County 014, IA",IA,2023,5755,17510,711676595,558788316,817.59,42514.93,-0.61,4.75,1.004,6.28,45746.84
19015,"County 015, IA",IA,2023,9643,45650,2373468482,1507287953,964.93,50176.56,6.21,6.71,1.2947,6.73,63287.54
19016,"County 016, IA",IA,2023,3056,10104,530244381,319269192,1008.82,52458.71,1.48,2.86,0.8257,6.25,49182.14
19017,"County 017, IA",IA,2023,15754,35382,1024263236,737297693,556.63,28944.67,5.33,2.8,1.1602,7.87,35631.71
19018,"County 018, IA",IA,2023,3494,11506,583250667,415771837,994.17,51696.81,2.98,0.12,0.9,7.03,55607.58
19019,"County 019, IA",IA,2023,22295,47113,2053784744,1558493695,879.34,45725.54,2.01,6.89,0.8305,7.52,52990.73
19020,"County 020, IA",IA,2023,10491,31396,1310099911,1022702163,786.26,40885.52,-2.04,5.32,0.649,6.48,51087.25
19021,"County 021, IA",IA,2023,368,1391,62706483,47836635,826.09,42956.61,-2.95,5.26,0.8286,5.14,47986.46
19022,"County 022, IA",IA,2023,1560,2726,123478925,74469945,831.47,43236.57,1.83,1.12,2.6887,6.13,46432.69
19023,"County 023, IA",IA,2023,80696,192163,8172523989,6063173299,851.0,44251.76,-1.92,2.35,0.9989,6.83,48057.16
19024,"County 024, IA",IA,2023,15161,54158,3135718083,2094347593,1079.53,56135.43,7.22,4.72,1.4351,3.37,53734.48
19025,"County 025, IA",IA,2023,11486,50755,1127120405,838741777,427.88,22249.56,4.99,5.93,0.847,8.07,38375.35
19026,"County 026, IA",IA,2023,1097,3015,84198892,51259075,536.56,27901.04,2.85,2.63,1.9348,7.48,43168.42
19027,"County 027, IA",IA,2023,21970,60174,3058795489,1966543847,931.31,48428.36,1.98,3.44,1.225,6.27,54150.63
19028,"County 028, IA",IA,2023,2990,13311,380766419,275849212,529.12,27514.2,1.21,5.41,1.0828,6.05,38467.97
19029,"County 029, IA",IA,2023,438,1475,69342269,41623026,885.87,46065.33,1.49,1.87,0.8572,5.32,45952.12
19030,"County 030, IA",IA,2023,9653,16762,695179498,530118480,798.84,41539.69,1.3,5.32,0.8544,6.47,45989.82
19031,"County 031, IA",IA,2023,1624,7745,375037517,237713574,904.08,47012.06,-2.13,4.77,0.7838,6.93,57186.17
19032,"County 032, IA",IA,2023,1078,4693,193604061,143149701,769.54,40016.32,3.41,3.18,0.5605,7.07,43619.26
19033,"County 033, IA",IA,2023,3182,21633,1056807347,663570791,897.25,46656.74,-2.77,6.1,1.1547,5.38,46505.26
19034,"County 034, IA",IA,2023,10156,50741,1410708193,951739196,542.28,28198.35,-0.07,6.51,2.0549,7.52,38945.66
19035,"County 035, IA",IA,2023,5510,29059,1526507493,943521583,1038.84,54019.63,2.2,4.31,0.8035,6.02,56797.08
19036,"County 036, IA",IA,2023,3757,11299,445885761,317199797,733.6,38147.16,4.86,4.45,0.9666,5.64,46322.92
19037,"County 037, IA",IA,2023,749,2927,102861365,62871819,710.75,36958.85,3.25,2.04,0.5621,7.07,43550.43
19038,"County 038, IA",IA,2023,115390,227366,10512891699,7873069284,905.68,47095.44,1.28,6.1,1.0002,6.43,42952.32
19039,"County 039, IA",IA,2023,3624,13330,586577965,389242480,845.92,43987.98,1.67,1.18,1.2203,5.84,42621.83
19040,"County 040, IA",IA,2023,6556,28326,1085938513,662241255,759.06,39471.24,1.75,5.68,1.321,7.55,33347.83
19041,"County 041, IA",IA,2023,23154,36377,982634217,770572553,546.79,28432.88,3.8,5.73,0.9699,7.13,44856.94
19042,"County 042, IA",IA,2023,3849,11062,567163187,363614944,984.85,51212.21,1.8,2.44,0.9556,5.57,52390.34
19043,"County 043, IA",IA,2023,1090,2954,120135828,88863569,818.14,42543.14,4.16,4.35,1.2884,7.66,50718.07
19044,"County 044, IA",IA,2023,2669,6283,349677218,263140432,1067.33,55501.33,4.98,3.47,1.0636,6.59,47062.79
19045,"County 045, IA",IA,2023,14780,46039,1352405721,1023921382,575.64,29933.1,4.33,3.45,1.1504,7.83,38849.12
19046,"County 046, IA",IA,2023,7765,23128,984024618,671252957,787.63,40956.9,2.15,2.82,1.5481,6.22,46418.67
19047,"County 047, IA",IA,2023,1951,5945,289589954,186683824,910.32,47336.62,0.3,0.89,0.6923,5.75,45878.39
19048,"County 048, IA",IA,2023,41613,75359,4573751711,3516467304,1147.51,59670.66,4.8,0.49,0.7678,6.07,55788.44
19049,"County 049, IA",IA,2023,866,2857,126215463,84505158,821.16,42700.23,0.14,4.51,1.1278,5.92,37609.85
19050,"County 050, IA",IA,2023,501,2413,88978884,62425627,701.76,36491.61,8.06,5.15,1.0488,7.18,37114.19
19051,"County 051, IA",IA,2023,226,561,25651028,20388817,878.52,45683.03,1.62,7.03,1.0471,5.95,41215.56
19052,"County 052, IA",IA,2023,2429,12794,429573041,291066069,621.54,32320.18,0.91,5.2,1.028,7.96,42206.66
19053,"County 053, IA",IA,2023,1570,8128,347848589,209973686,785.63,40852.96,-2.59,4.09,0.6232,6.35,50855.08
19054,"County 054, IA",IA,2023,959,3600,131200016,91095722,684.26,35581.52,0.95,7.85,1.1567,6.13,43626.7
19055,"County 055, IA",IA,2023,8510,43833,1646482677,1151893825,727.08,37808.12,5.62,4.75,0.9714,7.45,40739.69
19056,"County 056, IA",IA,2023,6186,26836,1110679976,817860516,836.49,43497.5,4.25,4.15,0.8567,6.6,46041.37
19057,"County 057, IA",IA,2023,187335,551485,21230131607,15184997358,709.55,36896.64,4.09,4.19,1.4362,7.88,47467.53
19058,"County 058, IA",IA,2023,12109,48354,2053638222,1318405143,809.89,42114.08,-0.24,2.95,0.9281,6.62,46681.62
19059,"County 059, IA",IA,2023,3651,18144,890152734,537268123,984.47,51192.28,1.0,4.55,0.6011,5.7,51973.27
19060,"County 060, IA",IA,2023,5067,29310,1470745138,883606716,954.4,49628.9,2.15,3.11,2.569,5.86,54030.37
19061,"County 061, IA",IA,2023,12340,31232,1379302816,998283165,809.67,42102.87,4.76,2.8,0.4297,8.0,44384.36
19062,"County 062, IA",IA,2023,43273,183510,5926750375,4480908081,629.14,32715.1,3.08,4.35,0.845,7.11,34984.29
19063,"County 063, IA",IA,2023,10286,18216,630141617,403242118,673.06,34999.13,3.26,3.85,0.6434,5.66,46512.69
19064,"County 064, IA",IA,2023,6474,18131,785454470,612048885,859.13,44674.82,5.19,4.75,1.2994,6.08,48540.44
19065,"County 065, IA",IA,2023,5997,18544,773821819,533942310,822.78,42784.79,3.85,2.5,0.8825,8.03,53751.57
19066,"County 066, IA",IA,2023,7363,26190,1240025925,896924066,941.5,48957.83,3.59,3.7,0.6065,6.57,50134.43
19067,"County 067, IA",IA,2023,7019,25785,1035872283,657074090,741.49,38557.24,5.0,3.29,1.6166,8.21,43105.71
19068,"County 068, IA",IA,2023,4447,13764,512801770,374600460,684.83,35610.99,5.41,4.09,1.5672,7.33,43927.34
19069,"County 069, IA",IA,2023,12745,38901,1576387297,1247507988,777.85,40448.18,1.21,1.76,0.7541,6.48,50961.26
19070,"County 070, IA",IA,2023,568,2509,127896498,82221155,940.35,48898.22,-1.36,4.67,0.9451,5.7,50155.18
19071,"County 071, IA",IA,2023,863,3711,165072477,105383688,829.74,43146.68,2.08,3.17,1.3378,7.46,54285.49
19072,"County 072, IA",IA,2023,25337,98094,4168547158,3065967142,792.04,41185.86,1.53,5.31,1.0502,6.18,44442.01
19073,"County 073, IA",IA,2023,2676,14113,552087388,438584161,744.2,38698.28,1.72,2.54,0.7108,6.38,55715.61
19074,"County 074, IA",IA,2023,865,4741,173555036,135298685,735.55,38248.78,-3.51,3.63,1.4329,8.09,37188.26
19075,"County 075, IA",IA,2023,1434,4292,249473605,156765018,1076.9,55998.59,6.15,3.77,1.1504,5.25,47795.4
19076,"County 076, IA",IA,2023,117269,412411,14318012913,10546178307,667.87,34729.5,-1.75,2.79,1.9819,8.5,42820.63
19077,"County 077, IA",IA,2023,467,1743,89151459,69409454,939.56,48856.93,3.56,2.54,1.2068,5.82,53731.46
19078,"County 078, IA",IA,2023,6343,17977,597246693,385989578,654.25,34021.15,1.15,3.13,1.5815,7.13,49905.21
19079,"County 079, IA",IA,2023,2232,7568,379694386,281112669,1001.69,52087.7,-2.13,3.21,0.4412,7.49,55872.67
19080,"County 080, IA",IA,2023,1306,2989,100675866,75648650,661.44,34394.67,3.72,5.95,1.4416,7.0,50028.76
19081,"County 081, IA",IA,2023,290,1455,55619276,39273391,720.86,37484.59,3.72,6.89,0.5467,5.81,42359.38
19082,"County 082, IA",IA,2023,2741,12101,630348232,485004284,965.22,50191.61,2.84,3.38,0.9191,5.75,56659.68
19083,"County 083, IA",IA,2023,28895,74173,2949139874,2026047696,740.17,38488.67,8.68,4.36,1.2766,7.01,46272.95
19084,"County 084, IA",IA,2023,8013,21091,905161889,573775379,865.6,45011.29,-1.14,6.79,0.8274,7.21,51086.38
19085,"County 085, IA",IA,2023,3040,15154,833536610,577385069,1084.0,56368.21,5.63,3.06,1.1598,5.86,49028.17
19086,"County 086, IA",IA,2023,8896,41708,1715885980,1316265367,791.41,41153.55,3.42,3.34,0.7991,6.42,51304.52
19087,"County 087, IA",IA,2023,8174,24404,1249011464,974346131,943.68,49071.49,3.42,2.33,0.5774,4.6,51879.99
19088,"County 088, IA",IA,2023,1187,3541,180050346,118915591,1025.69,53336.11,3.31,5.01,0.8256,4.84,53951.27
19089,"County 089, IA",IA,2023,19295,77269,1926506143,1252152741,491.29,25547.22,5.05,6.37,0.7323,7.34,38929.61
19090,"County 090, IA",IA,2023,4334,23252,1046783935,745132300,897.47,46668.44,4.74,5.11,0.6946,5.31,45689.72
19091,"County 091, IA",IA,2023,835,2609,124814006,82205574,939.64,48861.15,4.47,2.8,1.0675,4.99,48587.01
19092,"County 092, IA",IA,2023,2126,6646,247037274,165764318,732.03,38065.35,-0.75,5.01,1.4476,6.23,44710.33
19093,"County 093, IA",IA,2023,497,2155,103307030,62854032,898.49,46721.72,3.62,5.19,0.823,7.57,57055.06
19094,"County 094, IA",IA,2023,1026,5635,236253749,179803058,827.43,43026.61,5.39,4.84,0.7893,5.9,50309.78
19095,"County 095, IA",IA,2023,10110,31826,1107842861,725181709,643.91,33483.5,1.92,5.36,1.4058,8.17,46644.07
19096,"County 096, IA",IA,2023,1893,11703,445882541,272128869,768.56,39965.3,-0.94,2.14,1.7185,6.94,44530.0
19097,"County 097, IA",IA,2023,27490,65888,3604023018,2724260805,1069.51,55614.76,-0.81,5.7,1.1815,4.7,53314.79
19098,"County 098, IA",IA,2023,3718,15175,892535392,618321091,1090.72,56717.28,2.79,6.06,0.7431,5.94,56406.59
19099,"County 099, IA",IA,2023,5879,24435,693644899,425372923,560.18,29129.18,1.23,3.33,1.3375,8.4,45229.12
20001,"County 001, KS",KS,2023,8310,70696,5551891646,4056074726,1506.16,78320.32,7.1,5.79,0.7866,3.03,55062.97
20002,"County 002, KS",KS,2023,1773,10280,858232356,601679212,1570.17,81648.71,1.57,7.38,1.0023,3.81,60248.07
20003,"County 003, KS",KS,2023,514,2543,194982942,148923969,1409.56,73297.09,4.3,6.53,0.9904,4.47,61842.97
20004,"County 004, KS",KS,2023,22538,56016,3943865359,3145343453,1355.06,70463.27,5.33,2.83,0.4735,3.29,60651.59
20005,"County 005, KS",KS,2023,4994,21997,1788262431,1389889452,1555.43,80882.41,3.81,4.63,0.7227,3.57,66558.47
20006,"County 006, KS",KS,2023,6084,27152,1956312377,1228385626,1435.69,74655.69,-0.31,1.77,0.4798,1.11,59140.0
20007,"County 007, KS",KS,2023,41880,173510,11902550165,7973959857,1277.31,66420.24,1.94,3.47,1.0925,4.57,54408.55
20008,"County 008, KS",KS,2023,655,2936,248267852,165784647,1602.52,83330.86,2.34,1.55,1.7881,2.68,67110.27
20009,"County 009, KS",KS,2023,1219,4108,330831476,227003272,1520.41,79061.24,3.89,2.92,1.1301,4.11,65125.45
20010,"County 010, KS",KS,2023,13712,47947,3644951664,2912357449,1497.39,77864.47,1.28,1.4,1.1884,3.27,55205.22
20011,"County 011, KS",KS,2023,20644,111938,6335571322,4575490106,1112.31,57840.33,1.68,3.96,1.306,3.13,52592.47
20012,"County 012, KS",KS,2023,42492,213627,15466793985,9946956512,1359.81,70710.03,2.57,2.8,0.8342,3.36,55654.35
20013,"County 013, KS",KS,2023,2837,10593,835090714,570839454,1526.49,79377.24,2.14,7.69,2.1005,2.51,57351.37
20014,"County 014, KS",KS,2023,17692,72419,6987967547,5111426594,1809.86,94112.61,3.8,2.74,1.4488,1.89,75253.92
20015,"County 015, KS",KS,2023,1677,8701,633083968,465710747,1436.98,74722.76,1.23,5.22,1.1596,3.04,57536.34
20016,"County 016, KS",KS,2023,28401,140574,10071864606,6391071210,1329.0,69108.2,3.01,6.11,1.4398,5.82,56933.18
20017,"County 017, KS",KS,2023,906,2825,232230767,159912326,1602.83,83347.0,3.02,4.05,0.7873,4.09,73961.54
20018,"County 018, KS",KS,2023,5249,39287,2553970321,1655223098,1214.92,63175.64,1.96,5.31,0.522,3.93,52066.04
20019,"County 019, KS",KS,2023,5836,25530,2264654357,1683604668,1742.03,90585.71,1.84,3.38,0.8284,1.39,63579.31
20020,"County 020, KS",KS,2023,2581,8077,793870457,508133125,1843.88,95882.01,1.01,3.33,1.0044,1.85,68332.16
20021,"County 021, KS",KS,2023,1480,6351,458374389,275844044,1375.79,71541.15,2.09,0.19,0.8774,4.07,67124.09
20022,"County 022, KS",KS,2023,15283,79361,7116477169,5580487059,1690.44,87902.85,4.34,4.29,0.8913,2.11,74637.03
20023,"County 023, KS",KS,2023,6461,26346,2074081963,1293102791,1527.97,79454.61,0.55,1.16,1.0299,1.95,60340.12
20024,"County 024, KS",KS,2023,16379,35935,3519853864,2237493882,1852.51,96330.35,-1.03,5.59,1.0146,2.4,59865.58
20025,"County 025, KS",KS,2023,13819,48951,4121668468,2548475958,1676.92,87200.04,2.62,3.89,1.0353,2.99,52293.2
20026,"County 026, KS",KS,2023,1095,1986,165228768,122850358,1633.7,84952.38,0.86,7.3,0.7848,1.17,69583.25
20027,"County 027, KS",KS,2023,63257,162241,13051424966,8188929530,1510.78,78560.35,4.06,3.56,0.9387,2.63,56547.31
20028,"County 028, KS",KS,2023,62557,228265,16494811424,10688935083,1351.73,70290.01,-1.32,4.63,1.2076,4.26,66048.44
20029,"County 029, KS",KS,2023,4006,13767,984645795,602993337,1405.38,73079.95,3.05,2.21,0.8502,3.32,54877.61
20030,"County 030, KS",KS,2023,10935,25480,1845680820,1157035885,1413.79,73517.04,2.58,3.48,1.4867,4.6,64852.56
20031,"County 031, KS",KS,2023,2384,4356,338451866,232455282,1432.38,74483.6,6.03,6.46,0.7243,4.08,63632.42
20032,"County 032, KS",KS,2023,2467,6747,466728302,326726347,1311.65,68205.96,-0.14,4.36,1.3983,4.14,54187.31
20033,"County 033, KS",KS,2023,4814,14271,1156012946,823284518,1544.47,80312.39,2.92,5.82,1.575,4.72,62997.5
20034,"County 034, KS",KS,2023,674,1976,158929525,100106209,1493.01,77636.56,0.34,4.53,0.8345,2.68,71656.0
20035,"County 035, KS",KS,2023,6547,25508,2200667109,1428014787,1739.94,90476.73,8.56,4.13,1.1277,3.63,69245.39
20036,"County 036, KS",KS,2023,1734,9096,778828506,533553926,1722.88,89589.79,5.56,2.98,0.8662,2.51,66194.35
20037,"County 037, KS",KS,2023,2286,9123,766036381,586060202,1680.78,87400.82,4.79,3.53,0.8041,2.94,68462.11
20038,"County 038, KS",KS,2023,10472,44535,3903151587,2442465198,1696.61,88223.85,0.42,2.26,0.7879,3.09,68503.6
20039,"County 039, KS",KS,2023,2411,6966,570386044,380292676,1569.39,81608.11,2.64,4.51,0.7431,3.04,65265.89
20040,"County 040, KS",KS,2023,281,1553,106853684,82031289,1299.8,67589.53,-0.94,3.29,2.1092,4.31,54780.52
20041,"County 041, KS",KS,2023,13772,28699,2042120447,1434730590,1386.08,72075.99,-1.01,2.97,0.7276,4.6,56096.06
20042,"County 042, KS",KS,2023,499,1972,150638690,93564369,1437.15,74731.69,2.18,9.56,0.7259,4.53,52169.74
20043,"County 043, KS",KS,2023,743,2071,160188529,123271978,1455.3,75675.56,3.32,5.28,0.595,2.95,60527.16
20044,"County 044, KS",KS,2023,31117,107183,7459756824,4514124014,1368.39,71156.11,1.82,3.63,1.213,3.34,54363.31
20045,"County 045, KS",KS,2023,54,262,19408828,11852003,1465.2,76190.25,1.1,3.71,0.8119,3.2,60975.01
20046,"County 046, KS",KS,2023,1838,10218,795245356,531442091,1511.96,78621.97,4.4,5.18,1.4066,3.63,64769.15
20047,"County 047, KS",KS,2023,2174,11304,1002840950,741894785,1772.74,92182.27,0.68,3.22,1.5349,1.64,57852.77
20048,"County 048, KS",KS,2023,8056,19999,1669097789,1122737286,1574.29,81863.15,2.77,-0.29,0.8995,2.93,61528.82
20049,"County 049, KS",KS,2023,651,4747,359049730,215691513,1456.46,75735.88,1.77,2.97,0.4701,4.09,54119.74
20050,"County 050, KS",KS,2023,1302,5108,423781806,288575039,1584.42,82389.82,3.49,0.59,0.8948,3.01,69397.59
20051,"County 051, KS",KS,2023,7038,24754,1823679051,1359475645,1482.06,77066.92,-1.53,-0.31,1.3167,4.02,65368.1
20052,"County 052, KS",KS,2023,1988,8569,801055201,575036819,1763.22,91687.5,5.84,3.34,0.8721,2.59,62569.65
20053,"County 053, KS",KS,2023,1291,3314,310532823,231014545,1722.56,89573.37,-1.43,1.64,0.8047,3.86,67639.74
20054,"County 054, KS",KS,2023,990,5946,507273627,388827114,1625.5,84525.99,-4.1,1.56,1.1767,2.78,61446.34
20055,"County 055, KS",KS,2023,19614,63095,4731737922,3154468632,1405.15,73068.06,2.18,-0.75,0.5776,3.43,70960.07
20056,"County 056, KS",KS,2023,849,2530,205223079,140238339,1533.74,79754.25,1.23,3.95,0.7942,3.91,54061.91
20057,"County 057, KS",KS,2023,4497,21054,1421032390,1034058356,1351.9,70298.56,3.2,2.22,0.9899,2.74,58337.62
20058,"County 058, KS",KS,2023,5422,21559,1714392833,1126936483,1585.28,82434.43,7.26,2.09,1.4596,2.27,66573.25
20059,"County 059, KS",KS,2023,1541,9699,722269569,531278532,1408.0,73215.97,2.75,1.14,0.9214,2.76,58761.13
20060,"County 060, KS",KS,2023,703,3733,241755103,164640945,1300.49,67625.48,-3.0,2.68,1.3773,3.37,64124.03
20061,"County 061, KS",KS,2023,12535,33468,2261228215,1453120205,1291.17,67140.92,0.49,5.56,0.8602,4.12,49486.73
20062,"County 062, KS",KS,2023,1426,4559,378898036,280543116,1573.81,81838.07,2.96,1.95,1.4586,3.13,61400.31
20063,"County 063, KS",KS,2023,2480,13356,1157425120,778797075,1665.36,86598.54,3.38,2.79,0.7363,2.05,70172.84
20064,"County 064, KS",KS,2023,1456,5275,422596312,316632980,1587.84,82567.74,-0.89,4.28,1.1862,2.48,66847.3
20065,"County 065, KS",KS,2023,6917,41129,2987673934,2093301103,1439.23,74840.02,5.63,4.71,0.9564,4.23,63852.15
20066,"County 066, KS",KS,2023,136,541,38098643,29486490,1309.41,68089.31,0.69,0.21,0.8195,5.62,52527.65
20067,"County 067, KS",KS,2023,1617,3229,235040313,173576039,1406.34,73129.62,0.2,1.6,1.4998,3.7,51366.86
20068,"County 068, KS",KS,2023,656,3214,224629717,153847955,1333.48,69340.82,6.73,3.32,0.943,4.3,56220.63
20069,"County 069, KS",KS,2023,6975,28077,2427695269,1732057108,1642.81,85425.88,0.52,4.6,0.618,2.14,66365.03
20070,"County 070, KS",KS,2023,11854,26707,2216114992,1359937337,1529.17,79516.84,5.06,3.69,0.9599,4.62,61884.32
20071,"County 071, KS",KS,2023,8683,28275,2180435655,1458934735,1560.78,81160.6,4.47,2.73,1.2907,3.5,69273.25
20072,"County 072, KS",KS,2023,5738,22529,1644485441,1048644091,1366.45,71055.28,5.72,3.78,0.8658,4.43,54207.71
20073,"County 073, KS",KS,2023,30143,63390,4830552163,3293857608,1427.79,74244.9,1.1,6.2,1.2251,2.91,69028.42
20074,"County 074, KS",KS,2023,764,4261,412270791,329651274,1783.4,92736.75,5.54,4.8,1.1221,3.07,71615.47
20075,"County 075, KS",KS,2023,19592,51291,3955038154,2599046115,1454.44,75630.89,-0.79,5.87,0.854,3.57,57187.13
20076,"County 076, KS",KS,2023,13943,62616,4918489884,3575707679,1449.26,75361.44,2.78,4.18,1.3042,3.53,62366.56
20077,"County 077, KS",KS,2023,148864,586957,46379061251,28997916957,1589.78,82668.6,2.49,2.15,1.1659,1.86,72168.26
20078,"County 078, KS",KS,2023,6596,40556,3799000757,2915654054,1716.38,89251.63,5.1,5.95,1.4375,3.25,62129.6
20079,"County 079, KS",KS,2023,675,3666,299418419,210238784,1652.74,85942.66,2.46,1.77,0.7908,2.51,57851.69
20080,"County 080, KS",KS,2023,1188,4314,289451251,230268581,1303.61,67787.76,0.05,4.57,1.0376,4.85,58185.68
20081,"County 081, KS",KS,2023,7059,24602,1576146641,1066490133,1262.87,65669.45,-0.8,6.04,1.4524,3.25,54251.47
20082,"County 082, KS",KS,2023,513,3686,280464187,218402406,1447.8,75285.66,5.41,5.32,0.9566,2.1,63660.91
20083,"County 083, KS",KS,2023,14698,28832,1621354806,1210208056,1060.35,55138.35,2.57,1.61,0.6084,4.36,44785.63
20084,"County 084, KS",KS,2023,2114,9578,778966996,605578178,1543.11,80241.86,2.95,3.67,0.6966,2.72,60339.31
20085,"County 085, KS",KS,2023,605,2617,196774159,138660187,1455.97,75710.21,1.92,5.27,1.8847,4.67,59590.18
20086,"County 086, KS",KS,2023,5064,15180,1258000042,944452328,1646.72,85629.62,-0.68,3.91,0.5155,2.55,61921.69
20087,"County 087, KS",KS,2023,74900,199520,16322802800,10132711586,1601.9,83298.57,0.67,2.37,1.2638,3.14,64789.98
20088,"County 088, KS",KS,2023,3203,6133,502666455,312487775,1608.23,83628.01,0.43,2.61,1.2185,2.83,63408.51
20089,"County 089, KS",KS,2023,120354,481555,35206279494,26892771939,1419.46,73811.87,-2.29,4.3,0.6544,3.33,56228.72
20090,"County 090, KS",KS,2023,2207,20286,1563730582,1237043192,1488.74,77414.55,1.02,3.37,0.8128,3.39,67581.12
20091,"County 091, KS",KS,2023,17869,40594,3236297563,2150701081,1540.92,80127.84,2.86,4.43,0.5286,3.55,54542.64
20092,"County 092, KS",KS,2023,4257,22602,1729012994,1147505540,1523.93,79244.35,4.75,3.64,1.1669,2.4,60972.17
20093,"County 093, KS",KS,2023,13899,50940,3649637003,2631004288,1350.53,70227.38,2.16,4.94,0.7597,3.77,56703.68
20094,"County 094, KS",KS,2023,1622,7119,511559766,346697574,1327.63,69036.8,2.64,6.09,1.594,2.59,60509.58
20095,"County 095, KS",KS,2023,2624,10331,941946679,698030979,1727.65,89838.01,1.04,0.73,0.8959,2.41,60005.4
20096,"County 096, KS",KS,2023,26899,92969,7873657744,5233764512,1569.55,81616.75,0.87,3.27,1.0907,3.24,63983.23
20097,"County 097, KS",KS,2023,11532,36644,2719939981,1901521384,1443.0,75035.8,2.99,3.68,0.7079,4.81,54174.45
20098,"County 098, KS",KS,2023,2210,8797,793248833,586671456,1709.27,88881.89,5.63,2.89,1.1242,3.52,68570.87
20099,"County 099, KS",KS,2023,11659,39543,3122259065,1918033747,1485.85,77264.27,-0.91,3.29,1.0562,4.33,56874.71
20100,"County 100, KS",KS,2023,15022,50120,3342644899,2123541635,1280.51,66586.34,5.5,2.58,0.7296,4.22,52737.47
20101,"County 101, KS",KS,2023,18696,61644,5093581780,3210750108,1534.19,79778.05,2.9,5.41,1.2362,3.17,67265.94
20102,"County 102, KS",KS,2023,5844,26383,2022809135,1255725994,1444.71,75124.96,4.69,6.57,0.5835,2.44,58402.28
20103,"County 103, KS",KS,2023,2101,10017,952105658,760543802,1834.05,95370.46,3.07,2.28,1.0257,4.18,67360.62
20104,"County 104, KS",KS,2023,30421,74938,5603206783,3788522833,1462.4,76045.0,5.26,2.35,1.4643,3.61,72055.06
20105,"County 105, KS",KS,2023,4709,12032,779157679,488742074,1226.44,63774.69,-1.48,3.67,0.4851,3.91,56120.44
21001,"County 001, KY",KY,2023,3758,17881,1032461739,687079375,1120.3,58255.58,1.24,3.3,0.8626,3.12,51393.81
21002,"County 002, KY",KY,2023,1744,6864,294888226,219477038,810.68,42155.29,2.08,6.61,1.3006,5.18,50132.44
21003,"County 003, KY",KY,2023,4941,18719,1096508973,695673212,1080.46,56184.08,-0.45,4.76,1.1559,3.86,49861.21
21004,"County 004, KY",KY,2023,4963,18001,1066783952,823612731,1104.05,57410.55,4.85,3.17,0.7581,4.21,50832.66
21005,"County 005, KY",KY,2023,4894,13250,811385732,601074081,1131.83,58855.12,1.73,2.33,0.9508,4.47,39301.48
21006,"County 006, KY",KY,2023,25904,48676,2681436468,1633816835,1095.53,56967.63,2.35,1.47,0.6787,3.73,46657.87
21007,"County 007, KY",KY,2023,12098,52970,3143258031,1911368300,1123.56,58425.22,-0.74,1.28,0.8972,3.94,41836.89
21008,"County 008, KY",KY,2023,4667,19585,1278300524,823519240,1228.59,63886.68,1.66,4.33,0.9286,1.47,44814.39
21009,"County 009, KY",KY,2023,4421,31812,1526366175,1030754816,907.42,47185.84,3.45,5.72,1.1743,5.18,41231.23
21010,"County 010, KY",KY,2023,6703,37484,2457209360,1736334891,1218.75,63374.82,3.28,0.05,1.7441,3.46,56497.46
21011,"County 011, KY",KY,2023,5490,24318,1388036482,988585118,1128.86,58700.52,1.45,3.48,1.1893,4.67,48916.93
21012,"County 012, KY",KY,2023,11550,20014,672445888,511076206,622.48,32368.76,1.13,2.97,0.9108,5.72,30572.91
21013,"County 013, KY",KY,2023,3170,15912,691999348,545085732,842.36,43802.91,6.95,2.57,0.4704,4.2,43738.38
21014,"County 014, KY",KY,2023,167675,465608,22175563023,15710586302,942.94,49032.63,-0.06,3.05,0.6451,4.02,42648.46
21015,"County 015, KY",KY,2023,1802,11042,622994283,471389584,1112.32,57840.51,0.42,4.5,1.6269,3.3,48222.06
21016,"County 016, KY",KY,2023,1524,6133,280640288,211253581,878.34,45673.59,2.98,1.66,1.0035,5.67,52689.93
21017,"County 017, KY",KY,2023,1000,3355,204576724,152464159,1123.75,58435.16,0.73,5.1,1.1061,4.21,49126.89
21018,"County 018, KY",KY,2023,8773,36281,2648313615,1590372896,1348.27,70110.02,1.85,3.41,0.8587,3.43,50770.25
21019,"County 019, KY",KY,2023,1550,5764,329585647,227318970,1047.47,54468.64,1.89,2.01,1.3108,2.98,51487.24
21020,"County 020, KY",KY,2023,199,695,37169329,27076410,994.41,51709.16,0.38,0.46,1.5608,4.05,41358.77
21021,"County 021, KY",KY,2023,9045,43345,2274671785,1686309350,990.28,51494.76,0.04,3.82,1.0858,3.63,44467.29
21022,"County 022, KY",KY,2023,441,1295,63549095,41790410,918.12,47742.48,-1.45,6.18,1.3799,2.91,35861.29
21023,"County 023, KY",KY,2023,4778,11888,700933037,555990591,1126.15,58559.68,-1.6,6.15,1.1592,3.22,52124.56
21024,"County 024, KY",KY,2023,3948,11715,647008790,388221437,1093.21,56846.77,1.7,7.04,0.5335,3.75,53770.95
21025,"County 025, KY",KY,2023,2781,11245,447699627,290352332,799.18,41557.12,1.88,2.38,0.8455,4.43,40209.2
21026,"County 026, KY",KY,2023,1053,3212,187414688,131539404,1099.84,57191.68,-3.54,3.55,0.8693,3.21,43725.08
21027,"County 027, KY",KY,2023,25276,57988,2911687777,2162657914,1000.37,52019.34,1.95,3.97,1.2065,3.75,51977.45
21028,"County 028, KY",KY,2023,1278,5924,313881191,241961942,1014.67,52762.82,-0.33,4.99,0.7365,4.85,47250.72
21029,"County 029, KY",KY,2023,3483,12812,903071497,638318099,1370.51,71266.34,1.65,3.84,0.9438,2.52,55494.87
21030,"County 030, KY",KY,2023,1733,4105,219483729,164443433,1044.98,54339.16,4.77,2.22,1.0768,3.64,41586.94
21031,"County 031, KY",KY,2023,57119,260150,14360505801,10360846720,1088.84,56619.88,2.53,2.49,0.4384,3.7,56468.51
21032,"County 032, KY",KY,2023,19677,54958,3086020276,1888408743,1098.61,57127.6,3.86,3.91,1.1372,4.06,58416.76
21033,"County 033, KY",KY,2023,44720,171671,7897573623,5762515126,891.62,46364.13,1.94,6.0,1.1418,5.51,39262.07
21034,"County 034, KY",KY,2023,4589,19724,989802071,729241794,932.59,48494.9,5.15,3.82,1.2548,4.86,39450.65
21035,"County 035, KY",KY,2023,72817,295356,18733268332,14120054614,1186.73,61710.13,2.96,5.17,0.623,3.91,48598.49
21036,"County 036, KY",KY,2023,22358,110486,6866724262,4253696227,1202.49,62529.68,3.86,4.09,1.1799,3.32,42965.65
21037,"County 037, KY",KY,2023,2117,10079,549669897,344683751,1008.93,52464.29,2.56,4.7,0.8866,4.35,46538.29
21038,"County 038, KY",KY,2023,11739,39902,1872410251,1478558487,882.1,45869.21,3.45,1.27,0.7225,4.99,39243.59
21039,"County 039, KY",KY,2023,21467,63250,4137762886,2709400425,1210.65,62953.63,-0.03,4.1,0.8313,3.3,53077.95
21040,"County 040, KY",KY,2023,13580,29463,1199059595,727815811,797.31,41460.16,0.9,0.61,0.73,3.59,38234.87
21041,"County 041, KY",KY,2023,7468,19154,809936381,568978949,830.51,43186.6,1.34,3.76,1.0742,4.15,40271.53
21042,"County 042, KY",KY,2023,1244,5780,265165740,167358400,906.14,47119.42,5.21,3.73,1.0645,2.79,45143.69
21043,"County 043, KY",KY,2023,1888,6504,307007223,198500594,917.08,47688.05,1.02,2.24,0.9397,5.15,37077.35
21044,"County 044, KY",KY,2023,68029,200033,12127548826,7517569934,1117.32,58100.46,5.4,1.26,1.1852,5.29,51322.13
21045,"County 045, KY",KY,2023,602,3179,178866558,128102749,1114.84,57971.5,-0.44,3.47,2.003,3.17,42951.7
21046,"County 046, KY",KY,2023,10915,41098,2282761802,1733954505,1024.26,53261.59,8.3,4.79,0.968,3.63,39000.03
21047,"County 047, KY",KY,2023,10217,41509,2246537061,1494376988,1083.32,56332.81,1.15,2.08,0.9503,4.67,44558.41
21048,"County 048, KY",KY,2023,1259,2816,134576495,83443349,895.14,46547.07,-1.56,1.87,0.976,6.23,39332.61
21049,"County 049, KY",KY,2023,5474,21111,1070980435,748705203,1011.18,52581.28,1.53,5.42,1.0203,5.07,48312.53
21050,"County 050, KY",KY,2023,1628,5587,305948702,196762933,1038.99,54027.32,2.91,2.24,0.6042,3.96,50120.44
21051,"County 051, KY",KY,2023,9181,30352,1376508843,1058700932,834.34,43385.89,3.57,3.31,0.9603,4.5,42550.99
21052,"County 052, KY",KY,2023,30474,61047,4109740689,2773018771,1343.72,69873.35,2.66,2.81,1.0655,3.68,53031.33
21053,"County 053, KY",KY,2023,15139,66997,4621065376,3631965524,1338.27,69590.12,-1.22,3.19,0.8212,2.7,49654.24
21054,"County 054, KY",KY,2023,99632,339221,17570322034,13818858791,1022.01,53144.67,1.85,4.57,0.7939,3.83,49937.18
21055,"County 055, KY",KY,2023,3485,15248,706595151,461442054,858.33,44633.31,0.91,4.24,1.1571,4.83,35826.65
21056,"County 056, KY",KY,2023,12938,27674,1622582665,1184591443,1164.82,60570.68,4.46,5.96,1.6211,4.14,60806.81
21057,"County 057, KY",KY,2023,111832,282288,15060468680,11168059596,1030.84,53603.65,-1.13,3.51,0.4726,4.0,41790.92
21058,"County 058, KY",KY,2023,455431,1077230,68256850336,42968858886,1165.57,60609.86,2.03,4.3,0.6242,2.95,49885.24
21059,"County 059, KY",KY,2023,1326,7210,401484034,281344490,1026.29,53366.97,5.65,2.55,1.0699,3.88,48704.26
21060,"County 060, KY",KY,2023,40608,199387,10843498667,6673069145,1093.92,56883.86,3.73,2.49,1.2337,5.47,42910.6
21061,"County 061, KY",KY,2023,6840,25837,1383602391,1017428439,1045.72,54377.66,0.93,1.87,1.2992,3.93,43040.29
21062,"County 062, KY",KY,2023,7628,30969,1704806924,1104703815,1099.41,57169.18,0.87,4.84,1.2217,3.77,50859.31
21063,"County 063, KY",KY,2023,1114,4547,268319478,187225040,1105.19,57469.97,0.87,7.82,0.8361,3.13,46778.99
21064,"County 064, KY",KY,2023,3198,4182,254663224,178264190,1151.5,59877.95,1.09,2.76,1.4318,2.47,42980.07
21065,"County 065, KY",KY,2023,26894,85904,4707251231,3270727849,1084.34,56385.78,3.43,3.44,1.3822,3.34,47244.89
21066,"County 066, KY",KY,2023,759,4095,239027348,181022802,1100.07,57203.4,-3.13,3.13,1.4308,4.52,47056.24
21067,"County 067, KY",KY,2023,2317,6234,348740805,221582044,1105.43,57482.54,-1.54,2.52,0.9261,5.79,46210.67
21068,"County 068, KY",KY,2023,1816,3836,197886244,137447297,1005.39,52280.13,5.89,5.04,1.0232,5.71,55067.01
21069,"County 069, KY",KY,2023,3719,19001,807268987,644144053,851.41,44273.35,4.3,0.99,1.9788,4.06,50359.08
21070,"County 070, KY",KY,2023,744,2211,104362141,79958336,940.68,48915.55,1.29,3.99,0.8843,2.94,40856.92
21071,"County 071, KY",KY,2023,3071,11138,576413819,456658896,986.22,51283.54,3.39,3.88,1.0895,3.68,43068.03
21072,"County 072, KY",KY,2023,2418,8067,564603859,436654584,1414.34,73545.61,4.5,3.43,2.0222,4.26,52318.5
21073,"County 073, KY",KY,2023,1977,7071,453493682,283963661,1251.31,65067.96,7.8,3.14,0.5698,2.4,58399.94
21074,"County 074, KY",KY,2023,4819,16405,841121639,568861580,958.98,49867.19,2.68,4.41,0.8615,3.18,36460.55
21075,"County 075, KY",KY,2023,53747,146714,8181298795,5068416700,1081.54,56240.03,0.12,6.19,1.3421,3.23,45483.25
21076,"County 076, KY",KY,2023,2090,6317,370247843,291121091,1140.22,59291.4,0.21,1.76,0.579,3.75,52511.75
21077,"County 077, KY",KY,2023,8417,22300,1157983314,910334388,1038.45,53999.31,-3.09,4.99,0.7697,4.68,42598.6
21078,"County 078, KY",KY,2023,2140,7370,419339927,264287555,1045.69,54375.65,2.03,0.89,1.4156,3.96,47027.17
21079,"County 079, KY",KY,2023,10195,24896,1666349259,1011264973,1239.22,64439.39,2.6,6.03,1.2872,3.21,47540.71
21080,"County 080, KY",KY,2023,1142,5555,255114149,161407967,841.73,43769.85,6.35,4.53,0.9827,3.47,41469.1
21081,"County 081, KY",KY,2023,43630,142311,6671085312,4247434744,932.82,48506.63,5.67,4.15,0.8994,5.66,38684.43
21082,"County 082, KY",KY,2023,6700,26845,1337496200,936288211,970.27,50454.05,5.13,7.25,1.041,4.1,41454.44
21083,"County 083, KY",KY,2023,2040,7270,380574317,296235251,1017.72,52921.45,0.8,3.01,1.3057,2.77,53435.37
21084,"County 084, KY",KY,2023,13254,45834,2263971028,1592387296,939.41,48849.09,3.34,2.75,1.2371,2.51,41803.57
21085,"County 085, KY",KY,2023,2786,11032,350844910,249201038,614.23,31939.77,0.13,2.96,0.4421,4.0,42072.46
21086,"County 086, KY",KY,2023,610,2221,108576718,68560992,896.06,46594.93,3.02,4.87,1.3584,3.28,43006.55
21087,"County 087, KY",KY,2023,3770,13863,452972102,273237857,615.8,32021.63,-2.12,4.65,0.8551,4.96,32316.98
21088,"County 088, KY",KY,2023,1066,4618,256116481,175871607,1052.56,54732.9,-0.08,2.96,1.1129,2.85,47484.62
21089,"County 089, KY",KY,2023,17715,54847,2330209180,1661110069,832.85,43308.28,-1.35,3.73,0.4447,3.46,47183.21
21090,"County 090, KY",KY,2023,2106,10258,601736671,384422042,1110.87,57765.2,1.13,3.91,0.6151,3.64,48628.62
21091,"County 091, KY",KY,2023,2537,9996,579893914,371800624,1102.38,57323.71,4.3,2.7,0.9301,3.79,50276.37
21092,"County 092, KY",KY,2023,7034,16656,1034699483,689616030,1216.29,63246.97,1.92,5.08,0.7313,3.79,51713.01
21093,"County 093, KY",KY,2023,6065,37518,2027222564,1423098038,1086.19,56482.04,1.76,2.32,1.2199,3.38,58606.11
21094,"County 094, KY",KY,2023,655,2629,132955812,81343875,1017.13,52890.74,0.55,4.98,1.3874,4.4,57529.69
21095,"County 095, KY",KY,2023,1337,5736,416968223,296577392,1356.69,70547.97,-0.1,2.31,0.7602,4.44,52277.07
21096,"County 096, KY",KY,2023,8148,45721,2145752240,1416770904,911.33,47388.98,-0.01,4.21,1.0805,4.3,44927.78
21097,"County 097, KY",KY,2023,11080,36884,1890877609,1461409208,957.81,49805.88,1.43,1.74,1.3793,3.97,45580.76
21098,"County 098, KY",KY,2023,22843,97993,4818436925,3728710023,918.65,47769.87,2.01,7.89,0.9101,4.66,52771.51
21099,"County 099, KY",KY,2023,361,1338,56028982,40416226,832.41,43285.14,6.62,5.68,1.1359,5.78,43922.15
21100,"County 100, KY",KY,2023,770,3848,215830787,152663136,1107.0,57564.1,1.66,4.79,1.7672,4.08,43105.35
21101,"County 101, KY",KY,2023,9151,36638,2581038958,1773548041,1295.06,67343.32,4.82,5.63,0.4801,2.73,45652.91
21102,"County 102, KY",KY,2023,3604,32757,2028754659,1556031832,1203.26,62569.71,2.56,3.14,0.6903,3.65,50166.16
21103,"County 103, KY",KY,2023,12350,40826,2106249869,1503455696,1022.4,53164.56,1.9,4.69,0.6424,5.6,49225.88
21104,"County 104, KY",KY,2023,16429,69575,4375852475,3270992185,1245.79,64781.18,0.06,6.9,0.9375,4.81,47226.51
21105,"County 105, KY",KY,2023,17082,49384,2647086258,2090956648,1005.08,52264.18,-0.17,4.83,0.9262,4.38,45690.95
21106,"County 106, KY",KY,2023,3291,11458,763128205,576600586,1322.04,68745.84,-0.32,2.32,1.9954,2.53,53254.25
21107,"County 107, KY",KY,2023,2173,12114,631578051,408270814,996.0,51791.91,1.57,2.86,1.0381,4.78,43332.58
21108,"County 108, KY",KY,2023,1088,3063,165744785,127637027,1072.69,55779.86,-2.58,2.43,1.2284,3.26,39108.01
21109,"County 109, KY",KY,2023,2387,8525,562178930,349218979,1238.94,64424.8,-2.47,2.26,1.2769,3.21,55044.41
21110,"County 110, KY",KY,2023,56628,165513,8543125189,6666158943,1016.71,52868.98,-2.18,6.45,1.2981,3.91,52063.32
21111,"County 111, KY",KY,2023,468,1149,60567454,45879170,1049.96,54597.75,3.71,4.85,1.2122,3.46,47789.52
21112,"County 112, KY",KY,2023,26549,114682,5384785421,3636286205,877.17,45612.96,0.27,5.86,1.0827,4.2,41607.24
21113,"County 113, KY",KY,2023,11514,70235,4228656839,3238396193,1153.12,59962.27,3.46,2.2,1.5783,4.23,43072.72
21114,"County 114, KY",KY,2023,2216,7680,359959576,272397421,903.85,47000.04,2.3,3.99,1.0994,4.0,43819.3
21115,"County 115, KY",KY,2023,6736,10439,553404110,400869422,1035.71,53856.69,4.26,5.22,0.8267,2.99,40208.49
21116,"County 116, KY",KY,2023,4929,13750,915496700,638407368,1228.81,63898.02,-3.64,1.58,0.8803,4.46,59906.08
21117,"County 117, KY",KY,2023,1072,7103,385775217,235082607,995.43,51762.43,6.85,5.15,0.6978,4.43,48899.31
21118,"County 118, KY",KY,2023,18741,43419,2363527597,1421294187,1077.54,56032.17,2.03,0.42,1.061,3.94,40480.66
21119,"County 119, KY",KY,2023,5234,11943,789839108,489348490,1239.47,64452.32,3.27,2.62,0.8892,2.73,51116.7
21120,"County 120, KY",KY,2023,26963,59861,2292022674,1654856455,765.33,39796.96,3.17,2.55,0.8426,4.71,41570.8
22001,"County 001, LA",LA,2023,786,4665,153194402,106934359,601.71,31288.69,-2.86,2.07,0.9198,4.5,73061.63
22002,"County 002, LA",LA,2023,61084,312673,11846318372,8038953750,741.7,38568.19,2.67,3.97,1.6235,3.34,71197.69
22003,"County 003, LA",LA,2023,19140,54605,1148598332,889144435,423.08,22000.0,-0.91,8.53,1.0711,4.21,69859.54
22004,"County 004, LA",LA,2023,27335,70835,3519791685,2801651453,946.07,49195.76,0.36,4.73,0.8803,4.24,80374.9
22005,"County 005, LA",LA,2023,214,633,18962035,14593722,562.15,29231.84,-3.69,0.83,1.1609,5.4,69915.5
22006,"County 006, LA",LA,2023,2029,7272,328002473,230296089,841.49,43757.54,-3.89,2.44,0.9664,4.18,72470.95
22007,"County 007, LA",LA,2023,117774,572748,15192601690,9627661418,513.07,26679.86,2.76,6.25,0.8611,5.47,78608.51
22008,"County 008, LA",LA,2023,232,707,31113720,21506839,853.11,44361.52,1.41,4.18,1.1357,5.23,85495.69
22009,"County 009, LA",LA,2023,6614,15760,693922076,500474975,855.71,44496.71,1.38,3.83,2.1336,4.16,83851.23
22010,"County 010, LA",LA,2023,539,2500,99377623,76311557,803.78,41796.77,4.42,5.76,1.7421,5.1,76683.06
22011,"County 011, LA",LA,2023,2102,7726,199603652,121692144,490.15,25487.87,0.13,4.45,1.5611,5.1,67839.93
22012,"County 012, LA",LA,2023,1187,4025,165267925,119292881,805.06,41863.12,3.98,5.5,0.7295,5.88,78526.27
22013,"County 013, LA",LA,2023,7436,31035,1237033675,988772331,743.74,38674.67,2.06,3.13,1.313,5.46,73718.46
22014,"County 014, LA",LA,2023,6351,17019,822477669,563770595,973.93,50644.59,-2.35,5.11,0.8157,4.06,78258.56
22015,"County 015, LA",LA,2023,402,3114,70193063,43784906,423.08,22000.0,0.33,6.14,0.9915,7.24,65672.09
22016,"County 016, LA",LA,2023,6775,12570,432643892,286982001,635.65,33053.56,0.53,8.53,0.8344,6.17,76736.97
22017,"County 017, LA",LA,2023,3400,7558,297164867,203573220,766.94,39880.72,1.46,3.68,1.1346,4.68,73039.99
22018,"County 018, LA",LA,2023,4558,9270,272214807,182498589,565.93,29428.4,0.81,5.42,0.5018,5.38,68429.29
22019,"County 019, LA",LA,2023,7446,32149,1420742121,1066807757,878.79,45697.2,1.11,7.1,1.0623,4.29,69071.92
22020,"County 020, LA",LA,2023,2285,6813,270014275,186280320,768.95,39985.3,2.27,6.26,0.6787,5.2,66521.54
22021,"County 021, LA",LA,2023,2798,6629,208351421,146138297,589.37,30647.34,-1.22,7.38,0.9113,5.59,69835.58
22022,"County 022, LA",LA,2023,42133,106331,4929620978,3428409904,884.28,45982.51,0.51,3.46,1.3875,5.45,86573.91
22023,"County 023, LA",LA,2023,1868,15360,499490578,378751891,654.27,34022.13,-2.53,2.9,0.8507,6.28,70321.94
22024,"County 024, LA",LA,2023,7828,26020,934169425,633285248,709.78,36908.63,0.69,4.31,0.7725,6.08,74730.16
22025,"County 025, LA",LA,2023,4262,8306,368110469,279821802,876.23,45563.8,-0.96,4.13,0.9409,4.31,76736.54
22026,"County 026, LA",LA,2023,4928,15368,620036139,405184688,768.23,39947.98,-0.58,5.46,0.7086,4.99,70830.55
22027,"County 027, LA",LA,2023,2511,10278,467280207,316006000,886.47,46096.38,3.29,4.52,0.8745,3.14,86929.01
22028,"County 028, LA",LA,2023,36955,100265,4110058296,3183086304,762.93,39672.13,-0.54,2.52,1.0357,4.89,81904.32
22029,"County 029, LA",LA,2023,487,1471,53973726,36346592,720.63,37473.01,3.19,2.45,0.9797,4.78,66506.8
22030,"County 030, LA",LA,2023,35939,240573,9003847648,5832173221,706.29,36727.04,-2.82,1.32,1.5933,4.39,72082.53
22031,"County 031, LA",LA,2023,1799,6698,314442819,239912399,871.19,45301.91,1.5,7.27,0.766,4.32,80536.91
22032,"County 032, LA",LA,2023,9127,48598,1806634394,1270997229,748.08,38900.16,0.69,1.95,1.9196,5.18,80947.02
22033,"County 033, LA",LA,2023,3261,19219,930232314,678271936,907.53,47191.39,-2.38,2.17,1.4504,6.01,76182.93
22034,"County 034, LA",LA,2023,5712,19950,674646285,472235546,645.2,33550.53,-1.56,4.49,0.9941,6.44,74601.59
22035,"County 035, LA",LA,2023,45549,97119,2169859486,1315386492,423.08,22000.0,0.65,4.9,1.0955,6.5,66613.37
22036,"County 036, LA",LA,2023,15896,59253,2702038766,2036699014,892.97,46434.4,3.22,4.11,1.956,5.54,75820.61
22037,"County 037, LA",LA,2023,289,694,34522193,25432669,1004.49,52233.59,0.07,2.51,0.8985,4.09,77802.51
22038,"County 038, LA",LA,2023,5821,29325,1138741910,880258879,762.77,39663.8,2.12,6.63,1.4176,7.16,91405.12
22039,"County 039, LA",LA,2023,209,852,30150084,21970579,703.25,36569.07,-0.99,2.82,0.9323,5.86,72075.55
22040,"County 040, LA",LA,2023,9501,35438,1009304848,687131049,573.46,29820.1,1.75,2.24,1.6004,7.08,68332.95
22041,"County 041, LA",LA,2023,223,479,21661006,16266191,865.09,44984.73,-1.28,3.42,1.8974,4.65,88847.81
22042,"County 042, LA",LA,2023,22501,134769,4414893931,2720383454,632.45,32887.27,-4.48,1.44,0.7016,6.13,76877.48
22043,"County 043, LA",LA,2023,2611,8384,246833882,187200584,592.32,30800.73,1.67,3.31,1.1493,5.57,74400.6
22044,"County 044, LA",LA,2023,14600,39295,1711571515,1275975247,807.42,41985.87,0.47,5.4,1.0231,3.98,81047.9
22045,"County 045, LA",LA,2023,6010,19818,750582393,498546241,741.39,38552.06,0.88,2.69,1.5974,5.24,78555.61
22046,"County 046, LA",LA,2023,38358,112092,2744970516,1825800341,494.97,25738.52,1.63,-2.4,1.356,6.51,68129.4
22047,"County 047, LA",LA,2023,8902,47150,1291976550,777700806,519.93,27036.33,-1.32,4.35,1.5819,6.69,73837.85
22048,"County 048, LA",LA,2023,735,1963,66711369,43165448,638.3,33191.51,5.5,3.99,1.2091,6.16,73264.15
22049,"County 049, LA",LA,2023,1014,4460,214969950,132295287,955.33,49677.41,-1.42,6.29,1.135,5.61,80107.27
22050,"County 050, LA",LA,2023,5730,29108,798560954,593639777,532.73,27701.72,3.22,5.0,0.9561,6.9,74980.49
22051,"County 051, LA",LA,2023,33345,105635,4398466132,2937622951,834.09,43372.67,-2.51,3.61,0.8899,3.67,78317.67
22052,"County 052, LA",LA,2023,43459,87846,2819779274,2044946574,607.75,31603.1,0.14,2.25,0.85,5.31,76295.06
22053,"County 053, LA",LA,2023,71586,180413,6254235123,4946943284,667.81,34726.3,-1.01,-0.81,0.7026,6.56,75523.01
22054,"County 054, LA",LA,2023,4413,26472,1271721333,842951825,911.46,47396.09,-0.29,6.1,1.0947,3.47,91219.56
22055,"County 055, LA",LA,2023,2366,9683,335650565,224346950,645.36,33558.94,-0.22,1.98,1.1824,5.75,74356.58
22056,"County 056, LA",LA,2023,3993,16355,775162984,465988030,879.58,45738.1,0.72,4.26,0.7943,5.31,80841.2
22057,"County 057, LA",LA,2023,16141,56615,2184780297,1733756759,769.02,39988.98,2.82,3.6,0.8477,5.0,77864.76
22058,"County 058, LA",LA,2023,6736,23176,708767524,449188479,611.19,31781.73,-2.08,4.13,1.3105,5.16,64879.24
22059,"County 059, LA",LA,2023,5727,28711,1207497600,853671471,797.52,41470.83,-0.5,1.15,1.1848,4.28,74036.29
22060,"County 060, LA",LA,2023,2565,9986,385862295,246493762,771.45,40115.55,-1.85,3.82,1.1831,5.07,84295.5
22061,"County 061, LA",LA,2023,4874,14890,569953070,381692671,721.88,37537.69,0.8,5.94,1.1142,4.84,66414.34
22062,"County 062, LA",LA,2023,91104,260262,10472217798,7132460110,768.69,39971.8,-1.61,1.26,0.4787,3.73,81146.93
22063,"County 063, LA",LA,2023,12789,40355,1442281918,907813235,668.99,34787.61,3.75,7.18,1.661,3.56,71522.47
22064,"County 064, LA",LA,2023,5170,28982,1405986041,1018393367,915.97,47630.47,-2.02,4.5,0.7498,4.79,74593.25
23001,"County 001, ME",ME,2023,42145,133277,3821300742,2879251806,565.39,29400.06,2.05,3.63,0.8152,6.48,44619.22
23002,"County 002, ME",ME,2023,6598,19998,641450045,442656437,599.04,31150.07,4.89,2.89,0.8126,5.92,49253.67
23003,"County 003, ME",ME,2023,7101,27453,1132275845,749899509,768.88,39981.51,5.36,4.5,0.4164,5.47,56615.45
23004,"County 004, ME",ME,2023,3301,18126,495622652,307591312,505.11,26265.85,1.32,0.34,0.9186,7.9,48729.92
23005,"County 005, ME",ME,2023,14792,62883,2730725260,1991153587,797.75,41482.77,3.08,3.18,1.3785,5.25,62819.68
23006,"County 006, ME",ME,2023,38927,105063,4193320972,3042470743,733.49,38141.43,2.21,3.56,1.3903,6.11,49532.98
23007,"County 007, ME",ME,2023,7351,28256,1303819377,1039050333,900.0,46800.12,1.62,3.39,0.8903,6.24,63978.84
23008,"County 008, ME",ME,2023,15010,42263,1510913628,913147522,717.13,37290.55,1.48,2.58,0.9039,5.18,47411.41
23009,"County 009, ME",ME,2023,4933,22367,730283716,574002041,626.83,32595.31,0.04,4.74,0.5846,5.81,51033.67
23010,"County 010, ME",ME,2023,10445,28240,1130120191,729948716,790.04,41082.25,-1.68,8.19,0.8725,6.57,61903.96
23011,"County 011, ME",ME,2023,2134,9747,307684987,203509559,590.04,30681.85,1.18,3.21,1.0382,5.58,49345.26
23012,"County 012, ME",ME,2023,3061,10294,376430245,246710011,725.1,37705.24,4.06,0.58,1.8738,6.89,50960.71
23013,"County 013, ME",ME,2023,4072,19785,614092457,488338911,583.11,30321.97,3.14,6.08,0.893,6.33,57104.35
23014,"County 014, ME",ME,2023,500,2677,100633712,70898668,715.0,37179.83,-0.15,-0.43,2.7286,6.17,55411.05
23015,"County 015, ME",ME,2023,482,1921,78121461,59603680,756.47,39336.38,2.14,3.23,2.0487,5.48,49749.78
23016,"County 016, ME",ME,2023,4475,25260,1065679411,836045617,841.17,43740.93,2.1,0.81,0.9542,5.65,53196.42
24001,"County 001, MD",MD,2023,53653,137975,10969324175,7619459057,1506.89,78358.08,3.67,3.45,0.9211,1.56,32593.35
24002,"County 002, MD",MD,2023,1100,1737,146364939,101304982,1614.11,83933.87,4.84,5.37,0.7791,1.0,35960.72
24003,"County 003, MD",MD,2023,39408,109492,8851558057,6344269755,1598.56,83125.03,3.51,5.81,1.0724,1.18,39709.9
24004,"County 004, MD",MD,2023,4217,11530,1039784736,736969506,1740.9,90526.72,4.63,3.24,0.8281,1.0,42760.96
24005,"County 005, MD",MD,2023,1435,3708,309880345,223216382,1660.37,86339.26,5.58,2.5,1.1789,1.0,34545.98
24006,"County 006, MD",MD,2023,3581,12787,908260858,656170926,1336.18,69481.45,3.61,2.32,1.1754,2.49,32332.91
24007,"County 007, MD",MD,2023,106829,561774,39555737669,25901948958,1330.95,69209.17,-2.39,3.64,1.4942,1.0,22156.64
24008,"County 008, MD",MD,2023,2364,12159,988051530,684703753,1585.19,82429.88,0.47,4.05,0.7134,1.0,42397.62
24009,"County 009, MD",MD,2023,933,2690,197647265,135301549,1482.21,77075.15,2.88,3.69,2.059,1.29,36815.49
24010,"County 010, MD",MD,2023,6403,28671,2324847176,1606943947,1527.51,79430.75,0.38,5.7,1.2701,1.0,33493.86
24011,"County 011, MD",MD,2023,150,944,66582206,51451223,1367.94,71132.67,2.47,6.34,0.7603,1.0,29718.71
24012,"County 012, MD",MD,2023,5480,18812,1380115373,994169843,1366.87,71077.15,6.15,4.7,0.7698,1.0,39428.44
24013,"County 013, MD",MD,2023,3998,14297,1182911230,772986392,1526.05,79354.67,7.32,3.63,0.6929,1.0,34309.14
24014,"County 014, MD",MD,2023,3944,18408,1269376053,992432086,1342.21,69795.08,7.09,4.11,1.9757,1.17,36498.76
24015,"County 015, MD",MD,2023,10613,30903,2650878113,1801021658,1587.01,82524.35,5.64,6.22,0.8126,1.0,30579.23
24016,"County 016, MD",MD,2023,1579,3534,253631985,174523751,1421.46,73915.67,6.94,4.37,0.484,1.78,36087.06
24017,"County 017, MD",MD,2023,734,4449,307256441,213527877,1363.26,70889.35,-1.3,2.03,1.4166,1.03,27932.3
24018,"County 018, MD",MD,2023,2398,8961,663301396,522074634,1416.05,73634.49,5.4,5.19,0.7216,1.0,30313.08
24019,"County 019, MD",MD,2023,1025,3033,225031061,139817044,1488.6,77407.26,3.93,5.32,1.2291,1.03,40719.24
24020,"County 020, MD",MD,2023,169479,361637,30499300839,23633906092,1635.67,85054.9,1.61,2.06,1.2157,1.0,38801.37
24021,"County 021, MD",MD,2023,5818,29816,2419298504,1501428127,1537.02,79924.88,1.84,4.42,1.0357,1.0,45039.16
24022,"County 022, MD",MD,2023,3596,8291,559757916,388125819,1258.36,65434.98,-1.71,3.15,0.9757,1.9,30556.69
24023,"County 023, MD",MD,2023,1695,4591,366338669,234414829,1566.02,81432.97,5.43,7.01,1.1197,1.0,33798.81
24024,"County 024, MD",MD,2023,3328,10155,889538569,565447638,1659.77,86307.89,1.54,2.79,0.9368,1.28,46576.99
25001,"County 001, MA",MA,2023,27486,136716,8234770225,5407590979,1116.26,58045.3,4.67,3.69,1.3053,1.47,59160.55
25002,"County 002, MA",MA,2023,6165,29471,2208359298,1639368072,1407.01,73164.46,3.62,3.01,0.6014,2.27,59238.48
25003,"County 003, MA",MA,2023,1743,7543,541272342,418015977,1360.64,70753.45,0.6,7.64,0.5134,1.0,72416.95
25004,"County 004, MA",MA,2023,8332,24561,1718438117,1230484225,1296.87,67437.36,-0.3,5.27,1.2602,2.64,70980.49
25005,"County 005, MA",MA,2023,1385,2502,177180682,121615313,1302.75,67742.93,4.03,4.24,1.1968,1.0,61426.41
25006,"County 006, MA",MA,2023,3315,14369,890909690,686903572,1210.85,62964.11,3.24,3.56,0.8581,1.0,69836.56
25007,"County 007, MA",MA,2023,439,1490,98514786,62615749,1274.82,66290.69,-0.17,6.54,0.9752,1.0,63563.95
25008,"County 008, MA",MA,2023,1782,9965,735590275,527046609,1417.93,73732.28,2.73,4.39,0.8488,1.0,70816.56
25009,"County 009, MA",MA,2023,770,3037,252242286,191818885,1540.3,80095.85,5.31,3.91,1.4413,1.45,61535.78
25010,"County 010, MA",MA,2023,18443,71128,3848292703,2346874757,1008.96,52465.9,-0.19,3.21,1.0556,1.85,55435.51
25011,"County 011, MA",MA,2023,30167,88404,4028826531,2679328722,872.34,45361.54,2.65,5.35,1.3516,2.83,50954.09
25012,"County 012, MA",MA,2023,12443,31258,2473173219,1767618382,1477.9,76851.03,8.13,6.77,1.7995,1.0,77356.35
25013,"County 013, MA",MA,2023,1727,9372,536336715,371213586,1084.08,56372.38,6.61,4.79,2.221,1.27,64925.94
25014,"County 014, MA",MA,2023,5025,22163,1407109612,968526185,1171.29,60907.24,1.01,4.01,1.5027,2.08,65053.43
26001,"County 001, MI",MI,2023,14312,48570,1999169058,1424113456,791.49,41157.46,0.17,1.87,0.8707,6.88,65780.43
26002,"County 002, MI",MI,2023,7780,27770,867100561,574278647,573.98,29847.04,4.02,5.55,2.1688,6.0,67455.24
26003,"County 003, MI",MI,2023,3779,11038,391762049,244319315,707.51,36790.48,-4.33,3.93,0.78,5.38,64703.5
26004,"County 004, MI",MI,2023,16222,54359,2067127305,1263244717,706.83,36755.4,2.04,4.27,1.192,5.73,54981.46
26005,"County 005, MI",MI,2023,10139,44772,2111184023,1283341641,910.11,47325.67,-2.15,1.43,0.8966,6.85,63691.15
26006,"County 006, MI",MI,2023,1631,7660,198581972,125121807,519.64,27021.48,7.76,1.69,1.7445,7.87,56138.07
26007,"County 007, MI",MI,2023,951,4999,182220134,131969573,719.76,37427.45,0.92,3.92,0.8032,5.99,61089.79
26008,"County 008, MI",MI,2023,5662,17056,731719012,518354071,824.93,42896.14,0.96,5.61,1.1195,5.79,64400.54
26009,"County 009, MI",MI,2023,4657,13559,598520688,433673157,834.25,43381.08,0.06,5.0,0.5126,6.55,58275.4
26010,"County 010, MI",MI,2023,5998,29585,995701187,621349885,641.99,33383.35,1.43,3.12,1.3324,7.1,51882.92
26011,"County 011, MI",MI,2023,2072,6349,255084611,166359956,773.67,40230.95,0.42,3.38,0.598,7.21,65705.17
26012,"County 012, MI",MI,2023,1099,3180,90286966,70098623,539.5,28053.96,-0.76,2.96,1.8441,5.59,55001.64
26013,"County 013, MI",MI,2023,4847,19297,913516672,576556661,872.31,45360.24,0.42,4.31,0.6318,6.84,74949.98
26014,"County 014, MI",MI,2023,10666,22233,1058791057,842829559,956.11,49717.73,2.82,2.91,1.8663,6.85,64330.15
26015,"County 015, MI",MI,2023,1499,5183,241223064,162318177,863.38,44895.94,-2.44,1.95,0.7949,5.96,60841.03
26016,"County 016, MI",MI,2023,884,4106,139056822,92194776,624.68,32483.58,0.67,2.82,1.3273,6.34,65907.92
26017,"County 017, MI",MI,2023,3564,13433,499171983,319960691,706.19,36721.79,1.25,1.44,0.6001,5.61,60311.72
26018,"County 018, MI",MI,2023,2017,11507,473115968,310373873,793.77,41275.95,2.3,2.39,1.127,4.78,69053.25
26019,"County 019, MI",MI,2023,6876,18996,634840242,441516687,621.52,32319.03,-0.17,3.6,1.4416,6.41,63553.33
26020,"County 020, MI",MI,2023,2342,8677,249394931,165950369,529.36,27526.93,3.89,5.53,1.3001,7.08,60488.08
26021,"County 021, MI",MI,2023,9263,23849,717475410,461356529,595.0,30939.9,5.7,-0.1,1.7292,6.62,65023.38
26022,"County 022, MI",MI,2023,36316,140385,5348031645,3495194227,700.32,36416.48,3.21,3.68,0.8119,5.39,60465.16
26023,"County 023, MI",MI,2023,231,985,33260962,24729170,621.64,32325.28,3.32,8.93,1.6632,6.58,64875.37
26024,"County 024, MI",MI,2023,505,1934,89378314,53892979,884.94,46017.11,1.96,3.56,0.975,5.06,68143.06
26025,"County 025, MI",MI,2023,2993,10510,435966596,294848209,820.79,42680.89,-0.71,3.97,0.7279,6.95,69159.88
26026,"County 026, MI",MI,2023,18247,84118,4313458563,3001496715,984.53,51195.67,4.09,4.06,1.694,5.66,68974.87
26027,"County 027, MI",MI,2023,441,1766,38733632,28459919,423.08,22000.0,3.83,4.5,1.2368,6.66,52115.58
26028,"County 028, MI",MI,2023,16192,50767,1390909752,1016889114,532.11,27669.73,1.39,3.37,0.8559,6.96,61260.73
26029,"County 029, MI",MI,2023,21158,41224,970397746,601766503,470.28,24454.32,3.32,5.98,0.4116,7.9,58718.58
26030,"County 030, MI",MI,2023,13152,43278,1992375067,1481519708,870.28,45254.75,1.21,0.89,1.255,6.9,60194.2
26031,"County 031, MI",MI,2023,1151,5376,184673091,114841779,648.41,33717.32,4.32,1.79,1.6243,7.57,68973.02
26032,"County 032, MI",MI,2023,1179,5019,179762532,130257378,718.37,37355.4,0.35,3.73,0.9642,5.7,66525.5
26033,"County 033, MI",MI,2023,6164,23949,967604800,763649438,809.72,42105.37,2.21,3.02,1.0854,6.23,70393.16
26034,"County 034, MI",MI,2023,29216,91803,3118119670,2005112013,634.0,32967.81,3.26,7.37,0.5677,5.68,64630.26
26035,"County 035, MI",MI,2023,14160,56782,2087059434,1356087144,681.83,35455.14,3.94,5.95,1.6358,6.66,50711.29
26036,"County 036, MI",MI,2023,47192,114670,4000653741,2402679834,680.23,35371.86,1.6,6.62,1.083,6.33,62321.64
26037,"County 037, MI",MI,2023,8779,40714,1880338931,1208718044,927.43,48226.35,-3.21,2.75,1.4052,5.63,61156.3
26038,"County 038, MI",MI,2023,4672,18212,676461224,471196328,711.25,36985.03,0.97,3.13,0.8273,7.65,54484.75
26039,"County 039, MI",MI,2023,2118,12641,505936975,346475621,765.34,39797.51,5.89,4.11,0.6013,5.4,62518.68
26040,"County 040, MI",MI,2023,6167,21212,825786952,529019989,716.0,37232.12,4.72,4.22,0.9174,6.71,61735.88
26041,"County 041, MI",MI,2023,13057,35170,1119966690,789426150,604.15,31415.81,1.78,4.01,1.0131,6.69,63877.35
26042,"County 042, MI",MI,2023,1495,4498,144974800,87098650,629.55,32736.5,2.77,3.52,0.9969,6.79,67823.85
26043,"County 043, MI",MI,2023,856,3668,97828617,70592116,537.97,27974.67,-4.35,4.54,1.2352,6.49,55393.24
26044,"County 044, MI",MI,2023,2617,8857,311540134,247857578,663.58,34506.08,-2.81,5.97,0.935,6.05,61008.47
26045,"County 045, MI",MI,2023,2536,8928,318796051,237991914,670.14,34847.27,1.13,5.01,1.1815,6.78,61679.22
26046,"County 046, MI",MI,2023,831,3791,115648060,73105542,611.99,31823.67,-0.22,3.31,1.0477,6.45,61716.21
26047,"County 047, MI",MI,2023,339,2757,112826211,86373170,802.8,41745.82,1.45,6.24,1.4966,6.81,58804.89
26048,"County 048, MI",MI,2023,27286,87745,2319261671,1531634197,503.05,26158.78,-3.42,3.17,0.4246,5.94,70600.84
26049,"County 049, MI",MI,2023,619,2653,115123029,84304104,849.58,44178.03,-1.3,8.48,1.1928,5.73,64452.15
26050,"County 050, MI",MI,2023,1234,5246,165742897,115820142,631.56,32840.97,3.89,3.35,0.9542,7.38,56929.43
26051,"County 051, MI",MI,2023,2118,6455,234571386,164068339,679.41,35329.48,1.95,5.15,0.9437,5.94,69930.83
26052,"County 052, MI",MI,2023,2158,11524,440515566,298358822,734.33,38185.08,2.41,3.7,1.5239,7.17,65879.55
26053,"County 053, MI",MI,2023,5650,13734,645347836,396436639,873.35,45414.18,6.46,2.83,0.9471,5.61,64632.87
26054,"County 054, MI",MI,2023,22869,87752,2267142175,1716126041,497.83,25886.99,-1.27,4.15,0.7825,6.36,58544.92
26055,"County 055, MI",MI,2023,1072,4052,172140942,122753677,799.54,41575.9,0.77,5.92,1.9949,5.19,61051.92
26056,"County 056, MI",MI,2023,1609,7780,379578790,301613212,954.95,49657.24,0.13,4.42,1.7451,5.81,66895.13
26057,"County 057, MI",MI,2023,4165,12920,562882279,407029407,849.06,44151.1,-1.96,3.7,0.5855,5.29,60367.28
26058,"County 058, MI",MI,2023,770,3225,157645048,122246403,976.09,50756.45,4.79,5.38,1.1606,5.03,71157.02
26059,"County 059, MI",MI,2023,2912,6257,267604992,211009984,783.88,40761.76,-0.13,3.49,0.6456,5.83,73216.09
26060,"County 060, MI",MI,2023,4544,24194,655383225,508783042,527.62,27436.31,2.53,2.06,1.0531,7.91,68171.65
26061,"County 061, MI",MI,2023,4434,11271,238041611,174475528,423.08,22000.0,0.23,3.16,1.1185,6.14,54512.76
26062,"County 062, MI",MI,2023,6910,20103,875923820,633190302,823.3,42811.56,2.64,5.49,1.3565,8.06,71392.36
26063,"County 063, MI",MI,2023,1171,5118,204859413,130375672,795.25,41353.26,-1.91,0.86,0.9538,5.32,58354.62
26064,"County 064, MI",MI,2023,1567,5797,188630922,129322302,633.63,32948.8,5.24,4.07,1.0821,6.3,63270.03
26065,"County 065, MI",MI,2023,16483,88453,3359800515,2513860359,768.76,39975.4,-1.68,5.25,0.7673,4.66,68308.62
26066,"County 066, MI",MI,2023,2933,14732,662991170,524500521,903.59,46986.58,-0.0,3.75,0.8405,6.21,72624.96
26067,"County 067, MI",MI,2023,10794,31850,834357725,535512118,517.57,26913.41,1.2,4.22,0.6022,6.82,53771.78
26068,"County 068, MI",MI,2023,1351,6583,241631406,176444086,690.73,35917.84,0.55,7.17,0.5666,7.31,70472.47
26069,"County 069, MI",MI,2023,4385,8244,255364035,188738452,607.99,31615.59,-0.8,5.8,0.7628,6.49,53044.98
26070,"County 070, MI",MI,2023,631,2567,119801865,73916798,879.19,45717.66,1.24,3.2,1.319,5.31,70781.94
26071,"County 071, MI",MI,2023,1134,4155,105868732,75761453,490.89,25526.18,-1.05,6.19,0.8592,8.53,54114.54
26072,"County 072, MI",MI,2023,61747,329531,15852788128,11776188887,922.45,47967.31,-1.72,4.98,0.7118,4.57,68815.95
26073,"County 073, MI",MI,2023,6066,19231,912627473,682568748,942.69,49019.71,6.27,3.14,0.5577,4.48,65786.44
26074,"County 074, MI",MI,2023,3863,19199,502126057,327450975,513.08,26680.1,6.82,4.93,1.3371,6.58,52587.72
26075,"County 075, MI",MI,2023,877,2158,98153022,68012702,863.11,44881.88,-1.36,4.34,0.9263,6.53,62656.62
26076,"County 076, MI",MI,2023,48996,195810,8388684828,6320028642,804.56,41837.0,3.32,3.73,0.7626,5.0,71198.1
26077,"County 077, MI",MI,2023,14611,53239,1681391384,1022441685,637.39,33144.18,0.84,1.58,1.9709,5.8,55983.54
26078,"County 078, MI",MI,2023,13691,76076,2325735826,1719184688,576.35,29970.09,6.55,4.02,0.7805,6.36,59971.55
26079,"County 079, MI",MI,2023,8386,36579,1204355457,951293974,664.23,34539.74,3.25,3.86,0.9266,7.31,52889.05
26080,"County 080, MI",MI,2023,44133,96292,3500579321,2587788332,724.32,37664.72,4.75,4.36,1.3829,6.56,65597.07
26081,"County 081, MI",MI,2023,2447,8951,224509882,170725663,462.48,24049.04,1.83,4.8,1.0681,6.71,52283.26
26082,"County 082, MI",MI,2023,3456,13483,403338878,311697804,603.84,31399.92,0.85,4.98,1.1531,7.76,66225.44
26083,"County 083, MI",MI,2023,11687,36558,1555576214,1242982496,843.65,43870.0,5.38,1.55,1.166,5.16,71411.66
27001,"County 001, MN",MN,2023,9848,41371,2968319353,2350790023,1325.68,68935.38,3.5,1.31,0.4132,5.05,53774.24
27002,"County 002, MN",MN,2023,45,189,12659625,7791898,1251.58,65082.17,3.82,5.65,1.4743,4.72,58015.34
27003,"County 003, MN",MN,2023,1945,10544,612830192,373472903,1121.2,58302.37,3.66,4.19,1.4352,5.16,47891.49
27004,"County 004, MN",MN,2023,1238,6503,470442494,336419576,1393.89,72482.17,5.08,3.69,0.5391,4.42,54367.43
27005,"County 005, MN",MN,2023,14222,30289,2098065373,1394126480,1274.56,66277.18,2.77,3.8,0.53,5.48,50330.54
27006,"County 006, MN",MN,2023,30846,103748,6934889315,4953362295,1267.79,65925.27,3.69,3.62,1.0791,4.43,52527.48
27007,"County 007, MN",MN,2023,15176,47037,3364677014,2593083264,1427.3,74219.56,6.13,5.19,1.8765,6.78,53496.89
27008,"County 008, MN",MN,2023,108,303,22287464,13437711,1364.19,70937.63,2.99,5.21,1.1003,5.75,57834.07
27009,"County 009, MN",MN,2023,7699,38875,3008157449,1889742998,1537.69,79959.97,6.68,0.86,1.5441,4.36,67990.66
27010,"County 010, MN",MN,2023,686,3442,239569820,152118007,1316.8,68473.74,4.13,6.95,0.4727,7.59,58364.7
27011,"County 011, MN",MN,2023,2462,7487,470909074,287297948,1187.74,61762.63,-1.35,4.59,0.8784,4.94,64185.63
27012,"County 012, MN",MN,2023,882,2676,184871126,121462222,1350.12,70206.45,3.12,3.58,0.7821,5.77,57567.23
27013,"County 013, MN",MN,2023,34757,111898,8891339918,6070384393,1537.89,79970.11,2.53,3.68,0.9181,3.0,66113.37
27014,"County 014, MN",MN,2023,13921,61115,3463088247,2768627426,1137.22,59135.34,2.19,2.41,0.7289,6.12,51016.16
27015,"County 015, MN",MN,2023,158281,575374,37788207797,23770764240,1246.09,64796.72,5.78,3.66,1.9142,5.2,57823.49
27016,"County 016, MN",MN,2023,35858,102261,6883250078,4866414757,1348.3,70111.49,5.26,5.41,0.9702,6.62,56162.93
27017,"County 017, MN",MN,2023,1683,7995,578932563,379348502,1393.52,72463.25,2.38,-0.12,1.1407,5.22,53638.62
27018,"County 018, MN",MN,2023,5371,10443,757423038,502609087,1400.13,72806.81,3.22,3.42,0.9979,5.39,56827.41
27019,"County 019, MN",MN,2023,2874,11364,843799662,534149281,1384.07,71971.4,3.7,3.21,0.6879,4.02,50566.37
27020,"County 020, MN",MN,2023,293,689,54177089,39563123,1531.67,79646.93,6.16,5.08,0.8887,3.2,55761.46
27021,"County 021, MN",MN,2023,2728,10241,635962009,416881388,1148.71,59732.69,3.26,2.76,0.5766,5.48,56616.39
27022,"County 022, MN",MN,2023,6206,14439,1036130579,818385410,1357.8,70605.61,3.26,2.8,0.5938,6.12,54584.99
27023,"County 023, MN",MN,2023,155538,461520,31033836963,19407164630,1266.35,65850.4,3.44,7.44,0.9071,5.51,51649.4
27024,"County 024, MN",MN,2023,2814,8146,632680510,440904569,1433.55,74544.5,2.5,2.84,0.8735,4.35,64266.75
27025,"County 025, MN",MN,2023,3464,9268,635319593,478605523,1347.71,70081.01,-2.65,1.64,0.8769,4.69,50065.08
27026,"County 026, MN",MN,2023,6811,21815,1605540834,1010208532,1361.36,70790.54,3.64,2.37,1.0347,6.14,64548.63
27027,"County 027, MN",MN,2023,6835,27432,1596248261,1121380152,1071.07,55695.52,2.26,6.34,1.5844,5.48,55687.4
27028,"County 028, MN",MN,2023,15033,37172,2571332092,1861552146,1273.35,66214.25,5.77,3.75,0.9987,3.84,54385.87
27029,"County 029, MN",MN,2023,3093,8015,648942794,517319939,1512.63,78656.75,2.67,6.68,1.1903,4.71,73207.05
27030,"County 030, MN",MN,2023,15665,44737,3280283245,2151045222,1466.49,76257.26,2.13,2.9,0.9339,3.69,51825.5
27031,"County 031, MN",MN,2023,4203,33483,2497521842,1905175257,1484.61,77199.81,5.15,1.36,0.9511,4.53,54326.51
27032,"County 032, MN",MN,2023,1211,4477,365507875,240680222,1509.79,78509.11,1.86,4.89,0.9494,4.46,71347.39
27033,"County 033, MN",MN,2023,369,1412,81226334,56576315,1128.07,58659.53,4.76,5.98,1.7751,4.6,46093.96
27034,"County 034, MN",MN,2023,31260,88600,6541048395,4392669840,1384.47,71992.43,3.81,3.46,0.657,5.62,56800.44
27035,"County 035, MN",MN,2023,4979,14559,937203923,590470414,1213.19,63085.8,3.81,5.66,0.8061,6.17,46297.31
27036,"County 036, MN",MN,2023,4771,8719,685568760,415505148,1442.68,75019.31,0.41,8.26,0.7919,5.06,60924.36
27037,"County 037, MN",MN,2023,2454,7868,400241799,254387669,995.23,51752.11,4.0,5.99,0.7082,7.27,49599.21
27038,"County 038, MN",MN,2023,2467,19775,1254700120,967456533,1280.91,66607.29,6.58,2.86,1.7354,5.11,51867.34
27039,"County 039, MN",MN,2023,4019,15550,1054310050,730129198,1278.74,66494.41,1.18,3.04,1.0235,6.64,54955.51
27040,"County 040, MN",MN,2023,186376,599409,38399255044,24056345492,1294.09,67292.63,4.83,4.53,1.4579,6.25,57857.23
27041,"County 041, MN",MN,2023,15358,77015,5158877642,3463772763,1270.28,66054.72,-0.43,5.55,2.2135,5.03,57994.0
27042,"County 042, MN",MN,2023,35829,54146,3661065568,2348991857,1312.43,68246.13,2.48,1.83,0.7561,6.28,63500.09
27043,"County 043, MN",MN,2023,9369,26058,1733977085,1223608670,1280.47,66584.58,-0.29,4.01,1.4298,3.41,57377.28
27044,"County 044, MN",MN,2023,467,1921,131323175,94812512,1345.44,69962.68,-1.11,2.56,1.3509,5.46,57670.13
27045,"County 045, MN",MN,2023,3355,10038,690419294,473172132,1275.73,66337.81,1.32,2.17,0.8654,6.12,56198.32
27046,"County 046, MN",MN,2023,501,1864,122381271,84823402,1283.51,66742.78,3.55,5.63,0.8605,4.63,51309.22
27047,"County 047, MN",MN,2023,64763,208787,14517163473,9792556635,1320.1,68645.23,5.61,4.27,1.0392,5.58,59894.52
27048,"County 048, MN",MN,2023,1897,5851,436869935,308577077,1495.1,77745.22,3.43,9.56,1.0751,3.98,60112.01
27049,"County 049, MN",MN,2023,591,2937,207388669,149876048,1307.35,67982.43,0.74,1.16,0.615,5.84,58420.55
27050,"County 050, MN",MN,2023,826,3000,192394599,134649556,1220.55,63468.86,2.64,3.14,1.1256,7.31,56182.68
27051,"County 051, MN",MN,2023,18723,65039,5545767121,4087913633,1703.31,88571.88,3.91,4.42,1.7056,3.81,70307.05
27052,"County 052, MN",MN,2023,16846,69722,5308555268,3226116911,1461.77,76011.99,5.89,5.12,0.9744,4.57,62558.84
27053,"County 053, MN",MN,2023,545,1944,101239652,72065355,987.23,51335.81,3.98,5.24,0.8917,5.43,40635.18
27054,"County 054, MN",MN,2023,17247,42798,3182798616,2371081795,1472.81,76586.09,2.84,4.99,1.7998,4.73,56667.78
27055,"County 055, MN",MN,2023,3374,6426,515622066,399620409,1520.3,79055.65,4.28,2.89,0.9031,4.25,59870.37
27056,"County 056, MN",MN,2023,1565,4054,282815894,185230815,1321.57,68721.41,1.27,3.88,1.4687,4.34,68324.86
27057,"County 057, MN",MN,2023,6446,33908,2321972102,1532462715,1329.82,69150.39,1.86,4.55,1.0624,5.28,54093.36
27058,"County 058, MN",MN,2023,2733,8730,676479530,513489116,1471.76,76531.75,2.11,0.66,0.9272,4.62,55776.85
27059,"County 059, MN",MN,2023,3903,16302,1342216012,910650212,1587.28,82538.62,-0.39,2.45,0.9331,3.81,66544.82
27060,"County 060, MN",MN,2023,20056,42640,2780446969,1839115460,1311.75,68210.83,6.91,5.72,1.3686,7.47,57709.21
27061,"County 061, MN",MN,2023,4421,24631,1427458038,901038651,1083.47,56340.58,4.9,5.8,0.7137,7.66,52627.92
27062,"County 062, MN",MN,2023,391,1647,112019825,79119995,1375.26,71513.63,-1.08,3.63,1.6371,6.06,58087.92
27063,"County 063, MN",MN,2023,581,2645,203099663,152503720,1438.06,74779.18,0.51,4.3,1.0715,5.03,54384.64
27064,"County 064, MN",MN,2023,1609,8606,790367528,626381715,1682.95,87513.17,1.87,3.67,1.1525,4.0,72507.77
27065,"County 065, MN",MN,2023,3815,11261,773894230,596060539,1312.2,68234.21,-0.71,1.34,0.7181,4.13,49906.29
27066,"County 066, MN",MN,2023,23244,87079,5270845226,4083597847,1202.15,62511.69,0.31,6.9,1.136,5.68,56663.67
27067,"County 067, MN",MN,2023,71436,188064,12790386528,8473142713,1284.3,66783.4,2.8,8.99,0.4163,5.63,57943.43
27068,"County 068, MN",MN,2023,3503,14830,1022682931,814161996,1383.29,71931.24,1.9,4.83,0.7912,5.91,62569.19
27069,"County 069, MN",MN,2023,859,3856,246098928,175582902,1231.68,64047.61,5.05,2.56,0.7138,5.02,52585.2
27070,"County 070, MN",MN,2023,3601,20052,1231353167,885330005,1173.22,61007.39,2.47,4.29,1.8464,5.62,49264.82
27071,"County 071, MN",MN,2023,872,3045,189942115,150929406,1241.17,64540.84,5.29,5.47,1.1249,5.35,43787.04
27072,"County 072, MN",MN,2023,104,533,39672132,24790839,1389.85,72272.02,2.2,4.63,0.9164,6.26,66880.76
27073,"County 073, MN",MN,2023,13229,61213,3676875140,2915030771,1126.57,58581.49,1.71,4.27,0.4994,4.87,50360.22
27074,"County 074, MN",MN,2023,2096,9984,605966610,410274509,1126.16,58560.2,1.75,4.0,1.1579,6.43,49717.13
27075,"County 075, MN",MN,2023,30225,115255,8299172442,6610595717,1391.87,72377.04,3.16,5.71,0.6548,5.11,57427.39
27076,"County 076, MN",MN,2023,46685,133053,7788973222,4704410681,1154.77,60047.89,3.65,3.18,1.0983,5.01,55490.33
27077,"County 077, MN",MN,2023,2263,9273,652093026,507576742,1295.79,67381.25,2.53,6.98,1.1125,5.68,59332.42
27078,"County 078, MN",MN,2023,9330,25336,1316935585,872634920,975.81,50742.32,3.07,1.26,1.5275,5.74,52036.04
27079,"County 079, MN",MN,2023,66493,369560,18676010709,12838768354,1022.65,53177.9,5.37,3.03,1.4896,5.35,49053.04
27080,"County 080, MN",MN,2023,10146,26061,1936804961,1296813339,1390.19,72290.04,3.5,6.69,0.5554,5.54,62447.21
27081,"County 081, MN",MN,2023,12927,36831,2287757236,1804899289,1236.06,64275.1,6.25,4.61,0.7257,5.79,61253.32
27082,"County 082, MN",MN,2023,483,4518,290463416,228641021,1212.7,63060.44,5.31,6.94,1.5415,7.04,61805.29
27083,"County 083, MN",MN,2023,2911,18833,1337214102,1047811226,1358.83,70659.02,4.94,-0.6,0.8662,5.16,60642.39
27084,"County 084, MN",MN,2023,1196,2930,266591437,167937248,1710.05,88922.69,-0.65,7.09,1.2944,4.24,58448.91
27085,"County 085, MN",MN,2023,12216,43533,3385275842,2082430064,1446.47,75216.3,3.05,2.97,1.4142,5.27,67004.76
27086,"County 086, MN",MN,2023,5061,17769,1436924907,1111537325,1610.37,83739.01,0.33,0.08,1.0753,4.83,63665.09
27087,"County 087, MN",MN,2023,7528,21806,1344820314,829133342,1140.91,59327.47,3.57,2.21,1.0491,6.55,47366.82
28001,"County 001, MS",MS,2023,3000,10591,587037415,385892881,1043.63,54268.82,4.52,5.13,0.7348,2.11,78391.84
28002,"County 002, MS",MS,2023,774,1936,127488623,89709719,1240.15,64487.61,4.61,3.64,0.661,1.0,85722.08
28003,"County 003, MS",MS,2023,30720,68151,3573253940,2725273793,1022.83,53187.17,3.55,7.22,0.5917,1.1,77960.93
28004,"County 004, MS",MS,2023,118472,265560,16887597775,11208310703,1208.33,62833.35,7.08,1.1,1.7414,2.41,76980.08
28005,"County 005, MS",MS,2023,8194,30933,2100587872,1312859034,1286.33,66889.07,1.49,2.72,1.5795,1.0,81405.87
28006,"County 006, MS",MS,2023,1906,3998,198767247,141576293,988.31,51392.26,5.51,0.23,1.1052,2.52,69514.37
28007,"County 007, MS",MS,2023,1101,4861,289853491,189892953,1158.44,60239.07,2.16,3.26,1.0908,1.87,81751.18
28008,"County 008, MS",MS,2023,5044,33312,1775331461,1315993164,982.86,51108.48,5.08,5.56,1.1724,2.42,70687.12
28009,"County 009, MS",MS,2023,21712,96367,5333134487,4243873443,1041.91,54179.32,-0.88,3.06,0.922,2.88,73323.98
28010,"County 010, MS",MS,2023,4853,16029,1112767608,673643178,1291.13,67138.57,2.89,5.21,0.9927,1.65,77965.49
28011,"County 011, MS",MS,2023,8224,17004,929802124,679879127,1075.61,55931.94,1.87,4.06,1.0029,2.5,76005.86
28012,"County 012, MS",MS,2023,8300,18893,1502262767,1185585578,1473.19,76605.75,1.52,6.32,0.7815,1.5,82236.78
28013,"County 013, MS",MS,2023,2578,10590,716887970,537507297,1309.43,68090.51,6.08,2.2,1.2972,2.03,82808.61
28014,"County 014, MS",MS,2023,1709,5091,265466400,167257648,973.29,50611.13,4.15,1.26,1.2129,1.39,78327.99
28015,"County 015, MS",MS,2023,80788,188090,9659396327,5804002965,949.39,49368.45,6.3,2.13,2.0285,3.61,70284.51
28016,"County 016, MS",MS,2023,1613,5731,397150533,312226915,1356.35,70530.42,1.75,6.18,1.3968,1.56,85919.65
28017,"County 017, MS",MS,2023,13459,33212,1655435628,1179486075,954.36,49626.88,3.62,5.61,0.932,2.68,73291.3
28018,"County 018, MS",MS,2023,4918,10020,516644054,328508683,1025.51,53326.65,5.28,5.09,0.592,1.0,79459.64
28019,"County 019, MS",MS,2023,5424,14020,959289682,729282056,1289.73,67066.11,1.45,-0.5,1.2482,2.53,85216.97
28020,"County 020, MS",MS,2023,3088,10599,601441475,449318665,1047.12,54450.47,0.08,3.45,0.5078,2.55,73577.12
28021,"County 021, MS",MS,2023,1230,4516,243474003,184129296,1051.21,54662.92,4.67,2.96,0.7599,2.29,86204.27
28022,"County 022, MS",MS,2023,5872,28539,1425990270,970231208,950.75,49439.21,7.44,3.17,0.4383,1.7,73319.1
28023,"County 023, MS",MS,2023,3815,17892,717698366,542425439,754.43,39230.57,4.11,4.15,0.879,2.42,64603.43
28024,"County 024, MS",MS,2023,29263,93527,4167298544,2784828517,851.08,44256.35,3.68,3.13,0.5991,3.55,74932.36
28025,"County 025, MS",MS,2023,2264,5237,358014389,255548069,1345.97,69990.35,3.45,3.1,1.4832,2.2,86022.52
28026,"County 026, MS",MS,2023,2389,8323,571646197,429341364,1297.9,67490.64,1.02,6.57,1.049,1.52,87205.38
28027,"County 027, MS",MS,2023,2710,12534,716234222,479639107,1120.84,58283.75,1.58,2.74,0.7456,2.31,74536.05
28028,"County 028, MS",MS,2023,116913,364971,23305227884,18120504932,1182.84,61507.86,3.39,4.16,0.8144,1.55,76849.48
28029,"County 029, MS",MS,2023,70496,117941,7661827669,5627190861,1296.79,67433.19,6.04,1.42,1.3839,1.28,90884.88
28030,"County 030, MS",MS,2023,15344,61299,3069612041,2443152017,993.44,51659.06,4.35,4.21,0.7918,1.0,77704.87
28031,"County 031, MS",MS,2023,25939,92089,5502379975,3914435913,1195.63,62173.0,2.48,5.9,1.2299,2.39,75702.97
28032,"County 032, MS",MS,2023,1443,7636,321861044,225825854,847.01,44044.59,4.67,3.74,0.8398,2.11,67320.43
28033,"County 033, MS",MS,2023,2633,13963,745139087,483527394,985.03,51221.62,4.16,5.24,0.4851,2.09,77651.44
28034,"County 034, MS",MS,2023,100681,208926,11742500172,8904701712,1033.5,53742.04,2.32,2.73,0.7251,2.68,81753.44
28035,"County 035, MS",MS,2023,3918,12123,922471885,646358292,1400.43,72822.13,3.08,3.44,1.2559,1.45,78214.17
28036,"County 036, MS",MS,2023,7922,27539,1330814259,852226783,898.11,46701.82,-1.63,6.21,0.9295,2.88,75793.26
28037,"County 037, MS",MS,2023,19868,73589,2829729223,1890531596,760.54,39548.01,1.3,3.31,0.8228,2.64,72257.74
28038,"County 038, MS",MS,2023,7309,10894,660822893,480278714,1156.56,60141.15,3.71,5.32,0.9126,1.72,74754.42
28039,"County 039, MS",MS,2023,11970,35117,1693010063,1017748831,948.03,49297.74,2.86,5.92,1.4299,3.72,73133.28
28040,"County 040, MS",MS,2023,2386,11016,655335427,500866891,1202.02,62505.24,2.83,2.57,1.8286,2.5,73384.07
28041,"County 041, MS",MS,2023,1291,5522,363349766,253601528,1243.74,64674.24,0.98,1.26,1.8056,2.83,77277.99
28042,"County 042, MS",MS,2023,8356,31356,1177720971,939981277,690.43,35902.13,7.98,3.33,0.7151,3.53,67437.19
28043,"County 043, MS",MS,2023,340,467,24489037,18237088,1041.83,54174.95,4.58,3.97,1.174,2.24,75474.37
28044,"County 044, MS",MS,2023,8010,25982,1166559335,758930336,826.56,42981.01,1.51,3.09,1.5694,2.81,59281.73
28045,"County 045, MS",MS,2023,4983,21139,1213015107,807806327,1145.25,59552.97,2.24,2.68,0.905,2.6,77905.68
28046,"County 046, MS",MS,2023,4168,10823,618078482,407962389,1089.53,56655.74,-1.93,2.71,1.299,2.26,73897.24
28047,"County 047, MS",MS,2023,450,1006,54391848,33940178,1006.18,52321.56,5.54,2.06,1.5032,2.31,69578.32
28048,"County 048, MS",MS,2023,1020,4344,236406853,180966387,1038.31,53992.23,4.71,0.12,0.7383,2.8,67008.68
28049,"County 049, MS",MS,2023,650,2306,147636247,105692471,1191.44,61954.67,7.9,8.83,1.1809,1.0,79139.32
28050,"County 050, MS",MS,2023,4776,12835,733721055,504785901,1129.55,58736.69,3.32,3.15,0.6343,1.69,77166.12
28051,"County 051, MS",MS,2023,6157,14000,932157388,693572489,1281.37,66631.29,6.12,3.16,0.9037,1.83,82063.76
28052,"County 052, MS",MS,2023,792,2469,130529033,84218070,1044.99,54339.46,-0.66,4.2,1.6252,2.58,64016.0
28053,"County 053, MS",MS,2023,3654,14648,874416974,629357362,1102.42,57325.83,4.82,5.98,1.3802,2.04,73910.71
28054,"County 054, MS",MS,2023,9691,34895,1662998447,1306166956,957.52,49790.91,2.21,7.71,0.8576,2.32,68171.57
28055,"County 055, MS",MS,2023,2815,16092,1009871964,681925785,1166.06,60635.36,3.49,3.15,0.8387,1.25,68588.99
28056,"County 056, MS",MS,2023,14170,64878,3425094869,2396667763,1016.04,52833.98,4.37,2.13,1.1018,2.35,73201.26
28057,"County 057, MS",MS,2023,6238,19700,1339530213,1069705885,1340.63,69712.88,4.94,4.51,1.0115,1.3,69884.03
28058,"County 058, MS",MS,2023,38232,195261,8770687334,5991637446,825.65,42933.6,3.08,4.77,0.9952,2.77,65006.23
28059,"County 059, MS",MS,2023,51768,116159,5530889276,3750911332,902.41,46925.23,2.89,4.7,0.9829,2.63,82268.08
28060,"County 060, MS",MS,2023,69601,164927,6907778210,5478154304,775.94,40348.81,3.39,1.89,1.303,3.86,73093.41
28061,"County 061, MS",MS,2023,1144,3887,228274814,154986425,1082.94,56312.98,2.08,4.98,0.9636,2.54,76964.71
28062,"County 062, MS",MS,2023,7674,37620,2163465617,1696288047,1065.71,55416.89,3.94,5.43,1.5153,3.4,67449.92
28063,"County 063, MS",MS,2023,3099,11608,567731906,372061543,987.25,51336.75,0.02,8.02,1.0074,3.32,69287.84
28064,"County 064, MS",MS,2023,6752,19952,1408911578,934062633,1310.97,68170.37,3.64,1.97,1.9802,3.06,69393.64
28065,"County 065, MS",MS,2023,13918,36111,2454168478,1896253444,1273.44,66218.93,5.68,3.17,0.8242,2.68,74920.07
28066,"County 066, MS",MS,2023,3611,13709,601310853,442269315,869.66,45222.1,8.39,4.35,1.5582,3.31,76011.55
28067,"County 067, MS",MS,2023,8758,19981,1062958461,637892887,1030.76,53599.49,4.6,3.88,0.4699,2.2,78203.87
28068,"County 068, MS",MS,2023,17412,69843,4223291163,2985874533,1211.62,63004.39,5.88,4.17,0.5623,1.56,68416.29
28069,"County 069, MS",MS,2023,21115,66612,4333477129,2606507972,1221.18,63501.27,-0.2,3.16,1.7607,2.71,80973.33
28070,"County 070, MS",MS,2023,1194,4454,259285364,175672765,1135.32,59036.84,-1.44,5.25,0.7846,1.09,79742.56
28071,"County 071, MS",MS,2023,12129,27257,1442473182,912086140,973.04,50598.21,6.51,4.31,1.1422,1.37,72162.28
28072,"County 072, MS",MS,2023,1012,3736,202551196,143306197,1071.6,55723.07,2.17,4.15,1.0304,1.92,71908.39
28073,"County 073, MS",MS,2023,19002,52082,3408604246,2613496478,1246.6,64823.39,7.25,1.72,1.2543,2.74,85251.99
28074,"County 074, MS",MS,2023,11654,38636,1758600467,1167065806,858.84,44659.53,3.7,7.87,0.9846,2.92,71934.31
28075,"County 075, MS",MS,2023,8524,28033,1492909758,1002226736,1057.8,55005.49,6.59,4.4,1.1326,2.89,70864.95
28076,"County 076, MS",MS,2023,2600,16512,1090029785,714860364,1233.66,64150.52,1.77,1.97,2.0533,1.0,71557.47
28077,"County 077, MS",MS,2023,8076,23747,1204940330,897064454,952.71,49540.83,5.69,5.24,0.8135,3.48,75395.61
28078,"County 078, MS",MS,2023,2066,8704,421931317,320097700,903.96,47006.12,2.31,3.77,1.3986,3.08,70543.29
28079,"County 079, MS",MS,2023,6565,44975,2189233167,1445599534,945.13,49146.56,3.15,4.68,1.0509,2.37,78846.07
28080,"County 080, MS",MS,2023,8529,29737,2115487606,1435213180,1406.85,73156.04,2.62,3.22,0.853,1.0,87948.26
28081,"County 081, MS",MS,2023,21853,59271,3384219501,2271006628,1154.21,60018.72,0.61,4.98,1.2352,2.21,74137.17
28082,"County 082, MS",MS,2023,1703,12150,719585465,465741244,1152.64,59937.5,0.83,2.61,1.0477,2.22,66552.16
29001,"County 001, MO",MO,2023,1610,9748,754469561,557405225,1467.82,76326.59,2.96,3.45,0.6802,1.0,67107.29
29002,"County 002, MO",MO,2023,248,1402,87251769,62115224,1172.85,60988.35,3.67,4.63,1.0724,1.35,52524.72
29003,"County 003, MO",MO,2023,1829,7833,444559715,332390152,1112.84,57867.83,3.56,4.04,1.6605,1.0,49577.89
29004,"County 004, MO",MO,2023,3857,14446,812445150,648414450,1129.32,58724.64,3.05,4.17,1.7004,1.0,53251.84
29005,"County 005, MO",MO,2023,18843,53439,3109984704,2102417446,1071.88,55737.54,0.98,6.69,0.5769,1.0,54666.54
29006,"County 006, MO",MO,2023,72,515,39434462,31045620,1405.4,73080.73,1.82,2.29,1.2481,1.28,67527.93
29007,"County 007, MO",MO,2023,1406,5604,334397338,218837153,1135.16,59028.24,1.55,0.52,1.0846,1.21,64223.67
29008,"County 008, MO",MO,2023,16870,35785,1909732381,1148353160,1041.88,54177.96,2.47,2.79,1.5716,1.0,43273.08
29009,"County 009, MO",MO,2023,9852,28851,2050867565,1551018631,1426.62,74184.29,6.11,0.26,0.9814,1.0,67814.51
29010,"County 010, MO",MO,2023,8672,40140,2047459198,1473952092,1012.15,52631.88,1.02,4.17,1.1627,2.57,54214.47
29011,"County 011, MO",MO,2023,9118,38738,2314161992,1499783498,1206.72,62749.4,-3.38,1.1,1.8423,1.0,60260.28
29012,"County 012, MO",MO,2023,3200,14219,907054833,607301910,1286.7,66908.42,0.67,5.72,1.3709,1.1,57695.21
29013,"County 013, MO",MO,2023,1054,5755,361496661,222678195,1253.21,65167.16,3.47,1.89,0.6829,1.0,53811.12
29014,"County 014, MO",MO,2023,30776,144186,9696790931,6498992767,1241.22,64543.39,3.79,6.79,0.6847,1.0,53141.79
29015,"County 015, MO",MO,2023,3154,5189,414271215,279521193,1501.93,78100.5,1.03,7.23,2.2827,1.0,64648.37
29016,"County 016, MO",MO,2023,4748,17698,994271008,778979160,1125.11,58505.83,0.52,2.74,0.9513,1.0,60239.34
29017,"County 017, MO",MO,2023,24513,83314,5332642775,3779293599,1221.12,63498.14,4.37,5.58,0.623,1.0,54251.57
29018,"County 018, MO",MO,2023,4902,19430,1109694269,849402992,1091.55,56760.46,4.78,1.91,1.3016,1.45,48005.3
29019,"County 019, MO",MO,2023,7682,30349,2003159261,1501614101,1216.96,63281.84,0.58,2.82,0.9295,1.0,57323.42
29020,"County 020, MO",MO,2023,1058,3359,196720934,151701587,1174.73,61085.7,1.55,1.51,1.055,1.53,56698.34
29021,"County 021, MO",MO,2023,32191,108119,7063721511,5138039352,1306.82,67954.44,-0.45,2.31,1.6755,1.0,68403.84
29022,"County 022, MO",MO,2023,1251,3028,203629823,122648554,1244.06,64690.99,1.49,4.12,1.2518,1.8,56459.89
29023,"County 023, MO",MO,2023,3394,8890,402198981,294868284,904.62,47040.11,2.82,3.74,1.1974,1.31,56516.64
29024,"County 024, MO",MO,2023,7135,16027,1012127613,751626325,1183.69,61551.78,-2.04,3.33,1.1505,1.05,61990.45
29025,"County 025, MO",MO,2023,5104,14349,890986842,647492436,1219.36,63406.57,3.15,5.53,1.2831,1.56,68536.7
29026,"County 026, MO",MO,2023,2774,9743,637047405,473858344,1291.16,67140.46,6.03,7.13,1.22,1.0,57366.48
29027,"County 027, MO",MO,2023,14585,47374,3133425624,1981380118,1293.19,67245.72,-0.31,5.3,1.9165,1.0,66119.48
29028,"County 028, MO",MO,2023,3592,17294,1238872826,892853183,1449.16,75356.19,6.37,3.74,1.0465,1.0,58059.1
29029,"County 029, MO",MO,2023,78468,354407,23565924147,17196340119,1277.36,66422.81,6.63,4.8,1.282,1.69,56804.71
29030,"County 030, MO",MO,2023,56229,176740,9466498018,5860028397,1079.5,56133.74,2.41,2.63,0.7355,1.0,42154.73
29031,"County 031, MO",MO,2023,15066,44884,2949634737,2313823362,1281.06,66615.36,1.96,3.21,0.9686,2.45,54544.41
29032,"County 032, MO",MO,2023,10155,58301,3410129960,2325372273,1104.3,57423.59,1.67,5.44,0.7541,1.0,46632.91
29033,"County 033, MO",MO,2023,7946,25693,1573111574,1068725565,1167.26,60697.28,5.95,3.22,0.62,1.0,47620.52
29034,"County 034, MO",MO,2023,7525,33138,2128950881,1616328142,1200.74,62438.32,-0.1,5.31,0.7832,1.0,53931.99
29035,"County 035, MO",MO,2023,4430,33335,1672552489,1051046521,928.38,48275.63,1.37,4.7,1.2866,1.0,46036.55
29036,"County 036, MO",MO,2023,453,1521,76516557,54739287,965.04,50181.97,7.26,2.83,0.8454,1.0,50990.0
29037,"County 037, MO",MO,2023,1766,4836,339421344,222648416,1327.84,69047.57,1.72,6.42,1.0415,1.0,57141.7
29038,"County 038, MO",MO,2023,8096,24513,1551930117,1211644006,1216.25,63245.01,-2.02,2.14,0.62,1.0,52316.89
29039,"County 039, MO",MO,2023,755,3031,213350917,139890658,1313.38,68295.64,1.49,0.13,0.8518,1.0,60330.91
29040,"County 040, MO",MO,2023,10445,24929,1390892520,1082252294,1102.96,57354.17,1.63,7.12,1.2241,1.0,50741.15
29041,"County 041, MO",MO,2023,6110,18510,1238631369,975678568,1332.17,69273.08,3.38,4.8,0.7741,1.71,53366.0
29042,"County 042, MO",MO,2023,678,2079,137199629,107663562,1217.66,63318.42,2.17,6.31,0.6317,1.0,61158.56
29043,"County 043, MO",MO,2023,7622,24210,1463974839,998139288,1116.88,58077.69,5.6,0.74,0.6584,1.0,61504.93
29044,"County 044, MO",MO,2023,1770,11002,745491889,486046854,1330.09,69164.55,-1.66,3.21,1.0528,1.0,62760.0
29045,"County 045, MO",MO,2023,2692,9125,675740439,469700503,1373.26,71409.48,4.17,6.15,0.712,1.0,57563.88
29046,"County 046, MO",MO,2023,2597,9125,449047881,285405564,905.11,47065.88,3.63,1.89,1.2164,2.51,49296.02
29047,"County 047, MO",MO,2023,25910,66034,4334122689,2841716257,1202.82,62546.39,-2.12,4.6,0.7099,1.0,47868.64
29048,"County 048, MO",MO,2023,1559,4752,303161476,231226593,1221.67,63526.93,2.59,2.43,0.7428,1.0,56317.8
29049,"County 049, MO",MO,2023,23530,90294,3880521036,2804812906,861.21,44783.13,0.42,4.24,1.03,3.05,50929.32
29050,"County 050, MO",MO,2023,17110,42554,2267222822,1758188260,1031.47,53636.3,0.68,2.0,1.1571,1.0,44830.38
29051,"County 051, MO",MO,2023,2428,11919,792545184,541610029,1289.15,67035.93,-1.01,2.76,1.2579,1.09,60292.12
29052,"County 052, MO",MO,2023,44199,180909,11101982224,8406457107,1156.69,60147.98,-2.69,2.06,0.6522,1.0,59824.67
29053,"County 053, MO",MO,2023,4089,13192,811494653,509565169,1228.83,63899.03,3.59,5.37,1.1754,1.0,56860.05
29054,"County 054, MO",MO,2023,10850,58540,3825416688,2666672105,1313.04,68278.27,7.55,3.66,0.6524,1.0,55223.35
29055,"County 055, MO",MO,2023,7138,38101,2146750380,1627421260,1071.75,55730.86,-4.22,4.49,0.9036,2.12,55416.43
29056,"County 056, MO",MO,2023,1324,5376,330243239,224449414,1141.3,59347.45,-0.81,2.31,1.4018,1.0,53964.29
29057,"County 057, MO",MO,2023,645,5134,317423170,213597803,1234.02,64169.09,4.79,4.09,1.1459,1.0,50744.97
29058,"County 058, MO",MO,2023,22767,50336,3373802148,2530883960,1275.72,66337.41,-0.14,6.11,1.4853,1.0,57983.45
29059,"County 059, MO",MO,2023,9691,67076,4402911668,2981218474,1202.65,62537.56,3.73,6.02,0.8042,1.0,59760.95
29060,"County 060, MO",MO,2023,17753,66385,4162190263,3266873769,1218.53,63363.42,1.35,4.21,0.8047,1.0,57732.7
29061,"County 061, MO",MO,2023,16631,42487,2631802217,1833891525,1229.67,63942.62,0.76,3.71,1.2002,1.0,61674.05
29062,"County 062, MO",MO,2023,4387,7968,452745337,285170299,1127.25,58616.74,1.16,4.88,1.0936,1.0,51798.22
29063,"County 063, MO",MO,2023,26517,37244,2017387357,1265100979,1041.01,54132.38,0.95,4.65,0.4516,1.51,50339.13
29064,"County 064, MO",MO,2023,24200,135999,8871620903,7066122893,1318.92,68583.75,5.62,3.42,0.8314,1.0,57313.46
29065,"County 065, MO",MO,2023,4780,16863,1129035595,822089119,1276.41,66373.14,0.24,1.15,2.1547,1.0,54767.31
29066,"County 066, MO",MO,2023,20207,116921,7391483698,5186596523,1176.42,61173.78,4.03,1.33,1.108,1.63,57890.8
29067,"County 067, MO",MO,2023,2285,7801,488224665,302835022,1234.13,64174.71,0.79,2.9,0.6475,1.0,55121.04
29068,"County 068, MO",MO,2023,1822,5160,277101897,175157168,1040.75,54119.05,4.64,3.15,0.9996,1.19,59651.5
29069,"County 069, MO",MO,2023,18891,80131,5457489853,4359059458,1313.82,68318.71,2.28,5.11,1.2981,1.0,60066.79
29070,"County 070, MO",MO,2023,1225,6466,308687815,185433013,950.74,49438.48,4.15,6.07,1.5896,2.45,46823.41
29071,"County 071, MO",MO,2023,25291,69252,4623577487,3277334135,1271.39,66112.35,3.64,6.05,1.6493,1.16,55175.66
29072,"County 072, MO",MO,2023,7558,34028,1576068908,1031501960,934.54,48595.9,1.73,2.13,0.486,1.0,47660.24
29073,"County 073, MO",MO,2023,1737,6270,398557550,267992021,1270.66,66074.36,1.9,-1.23,0.7779,1.0,54815.87
29074,"County 074, MO",MO,2023,1405,5930,427760477,258031133,1323.21,68806.69,2.2,1.77,1.0252,1.0,58227.52
29075,"County 075, MO",MO,2023,5097,27945,1650186980,1251640028,1164.83,60571.21,7.18,5.92,1.0828,1.0,52110.71
29076,"County 076, MO",MO,2023,4648,21645,1379902176,1063202079,1202.74,62542.55,4.75,4.7,1.5207,1.4,56080.88
29077,"County 077, MO",MO,2023,50495,213429,12146572776,8499767785,1138.1,59181.28,3.26,5.06,1.154,1.71,56949.38
29078,"County 078, MO",MO,2023,10975,42271,2725142978,1803716721,1269.47,66012.53,1.8,6.34,1.6214,1.0,58353.48
29079,"County 079, MO",MO,2023,68773,157519,7199332038,5299470570,846.82,44034.53,3.96,2.99,0.9221,2.1,44309.15
29080,"County 080, MO",MO,2023,8890,25612,1748427909,1261795948,1362.22,70835.61,-2.1,7.44,2.1236,1.0,64398.84
29081,"County 081, MO",MO,2023,2818,9495,620878911,491689725,1282.3,66679.84,2.5,1.12,1.778,1.0,55570.48
29082,"County 082, MO",MO,2023,5276,27076,1300033122,870071851,968.96,50386.12,-0.81,5.59,1.3851,1.0,41122.36
29083,"County 083, MO",MO,2023,3132,7933,446385846,353052235,1041.88,54177.75,3.53,2.04,0.7472,1.37,61492.66
29084,"County 084, MO",MO,2023,885,4280,294641605,178047815,1376.59,71582.69,1.03,0.34,0.6262,1.0,60867.79
29085,"County 085, MO",MO,2023,9906,20926,1186175129,932146018,1088.32,56592.81,4.83,3.53,0.7224,1.2,56218.17
29086,"County 086, MO",MO,2023,1436,6144,345264778,210419246,1134.09,58972.91,-1.18,7.5,0.807,1.5,54355.31
29087,"County 087, MO",MO,2023,4062,11709,672280194,504632631,1108.63,57648.8,0.56,1.12,1.9212,1.0,64612.65
29088,"County 088, MO",MO,2023,5834,23086,984957940,622215147,859.51,44694.63,1.72,4.07,0.911,1.72,48356.2
29089,"County 089, MO",MO,2023,9597,33092,2505802405,1608565075,1484.15,77175.54,4.33,3.85,1.491,1.09,67130.62
29090,"County 090, MO",MO,2023,5100,13079,778365466,561198198,1184.86,61612.56,-0.43,2.11,0.6285,1.0,62323.88
29091,"County 091, MO",MO,2023,4749,11463,634043309,472754785,1013.4,52696.56,3.13,2.26,0.9243,1.0,52562.86
29092,"County 092, MO",MO,2023,1820,11216,720828312,489474613,1233.32,64132.59,-1.66,3.65,0.893,1.1,61751.55
29093,"County 093, MO",MO,2023,31108,51795,3568385847,2851869520,1365.89,71026.1,1.86,2.24,1.0844,1.0,63351.65
29094,"County 094, MO",MO,2023,39788,77617,4235434541,2748892953,1012.31,52640.38,2.81,3.86,0.9803,1.0,48188.02
29095,"County 095, MO",MO,2023,1398,5955,374610345,272575418,1158.06,60219.15,3.72,2.94,1.5472,1.1,49024.3
29096,"County 096, MO",MO,2023,3341,12599,832015000,549695358,1294.43,67310.18,2.46,-0.07,1.3129,1.0,53727.27
29097,"County 097, MO",MO,2023,15979,39134,2645111749,1993046790,1246.25,64805.19,3.28,2.68,1.4749,1.0,61607.52
29098,"County 098, MO",MO,2023,13876,52604,3844818254,2505137128,1403.02,72956.82,3.33,1.91,1.2494,1.0,57852.86
29099,"County 099, MO",MO,2023,16319,62578,4445089083,3378330829,1423.42,74017.89,2.41,3.64,1.5798,1.67,59512.22
29100,"County 100, MO",MO,2023,7837,28523,1718519931,1106326589,1145.53,59567.75,0.51,3.37,0.9258,1.0,56368.19
29101,"County 101, MO",MO,2023,1740,5337,390052054,297331890,1339.52,69655.08,4.06,2.65,0.7289,1.0,59201.4
29102,"County 102, MO",MO,2023,2485,11102,834195622,576939603,1400.81,72842.13,4.76,6.63,0.4746,1.0,69329.86
29103,"County 103, MO",MO,2023,39288,167568,9061535400,5853415014,1086.13,56478.51,6.56,6.39,0.9968,3.43,60530.79
29104,"County 104, MO",MO,2023,710,4692,266470143,196213399,1053.14,54763.05,0.71,3.56,0.9137,1.67,48610.89
29105,"County 105, MO",MO,2023,5356,24837,1536854159,991956376,1151.3,59867.81,2.38,4.54,0.6606,1.41,66164.16
29106,"County 106, MO",MO,2023,5889,28076,2056659782,1371027483,1387.49,72149.44,-0.22,5.14,0.6207,1.0,60872.9
29107,"County 107, MO",MO,2023,6773,27003,1563874470,946806470,1064.19,55337.86,3.75,5.93,0.8527,1.0,44821.57
29108,"County 108, MO",MO,2023,3435,14537,821448658,647231474,1062.76,55263.58,-0.91,3.0,1.1527,1.0,49186.63
29109,"County 109, MO",MO,2023,29789,77342,5289683862,3804257301,1267.63,65916.78,1.51,1.52,1.5024,1.68,55971.19
29110,"County 110, MO",MO,2023,28619,63053,4000089701,3043456465,1174.0,61048.02,3.21,2.54,0.8277,1.0,48387.8
29111,"County 111, MO",MO,2023,13148,68705,5502139559,4244344129,1500.14,78007.08,4.59,2.64,0.4051,1.0,63621.17
29112,"County 112, MO",MO,2023,2337,11362,753947036,497006430,1305.49,67885.47,-1.55,3.96,0.6776,1.07,55239.46
29113,"County 113, MO",MO,2023,85661,306136,21211074048,14664527895,1286.87,66917.35,4.73,4.74,0.3067,1.0,52109.98
29114,"County 114, MO",MO,2023,22260,73451,5681053151,3653486246,1426.67,74186.73,2.91,4.71,0.8512,1.12,64787.7
29115,"County 115, MO",MO,2023,5738,20112,1514934652,1101495216,1418.71,73772.7,-2.39,5.26,0.6044,1.0,60980.39
30001,"County 001, MT",MT,2023,159103,376549,15496662681,11490155746,766.98,39882.9,5.41,-1.19,0.7411,8.18,49400.34
30002,"County 002, MT",MT,2023,2701,12061,449314084,308160751,729.96,37957.89,2.48,4.42,0.8487,9.44,53899.1
30003,"County 003, MT",MT,2023,882,3154,98440216,76533048,603.79,31397.27,7.36,4.5,0.7832,9.28,54508.35
30004,"County 004, MT",MT,2023,1045,2674,71909812,46299731,497.2,25854.38,-1.42,3.17,1.5668,9.95,52897.7
30005,"County 005, MT",MT,2023,10767,38793,1182267593,725224575,591.21,30742.76,5.06,1.86,1.0189,8.4,49588.21
30006,"County 006, MT",MT,2023,32301,130981,5298478946,3184451724,765.02,39780.84,5.03,6.45,0.6692,7.03,54741.53
30007,"County 007, MT",MT,2023,9210,24998,823032391,494969513,642.52,33410.88,-3.04,6.2,1.7232,8.7,44001.5
30008,"County 008, MT",MT,2023,70690,216316,7243212450,4903862254,655.87,34105.46,-2.44,7.88,1.0501,9.24,49569.38
30009,"County 009, MT",MT,2023,23848,110377,4643804431,3339339107,798.68,41531.46,2.0,2.09,1.3274,8.61,55111.62
30010,"County 010, MT",MT,2023,58699,274585,10395587688,7010548114,717.9,37330.73,3.99,3.85,1.1914,8.76,63846.08
30011,"County 011, MT",MT,2023,1856,5237,201532359,143102301,725.49,37725.6,3.12,4.97,1.4713,9.49,55743.27
30012,"County 012, MT",MT,2023,238,720,27304403,16774545,754.0,39208.05,1.73,3.74,0.9806,8.63,48429.94
30013,"County 013, MT",MT,2023,1346,6875,202223259,131987378,577.43,30026.55,-1.75,6.26,1.1147,9.08,55077.63
30014,"County 014, MT",MT,2023,7238,25849,942776723,599627595,677.77,35243.84,5.82,4.85,0.6883,9.36,50841.85
30015,"County 015, MT",MT,2023,14214,54936,2501771080,1839818690,907.1,47168.97,8.43,5.6,1.0869,10.16,58343.41
30016,"County 016, MT",MT,2023,740,3987,156895713,123761878,736.42,38294.04,4.02,2.31,1.2375,9.07,51784.25
30017,"County 017, MT",MT,2023,51202,133970,7405593696,5831983544,1047.33,54461.19,2.58,2.68,0.7043,7.37,64895.61
30018,"County 018, MT",MT,2023,6750,15153,503814769,355657603,610.27,31733.99,-0.8,7.42,1.1662,8.6,59419.78
30019,"County 019, MT",MT,2023,6825,12839,715632832,457999204,1106.95,57561.29,5.71,3.8,0.8429,7.2,57497.39
30020,"County 020, MT",MT,2023,7488,18824,1109767363,713352007,1093.99,56887.72,1.48,6.49,0.9624,6.16,60903.32
30021,"County 021, MT",MT,2023,1175,2789,105883773,77155077,757.15,39372.0,0.27,3.24,1.1253,9.4,58984.05
30022,"County 022, MT",MT,2023,20892,59101,2341596519,1757708782,758.53,39443.55,3.57,2.25,2.0087,6.72,57168.33
30023,"County 023, MT",MT,2023,9028,36980,1434704876,920757820,713.9,37122.93,2.68,0.93,1.8779,9.22,62369.01
30024,"County 024, MT",MT,2023,2136,8833,298238458,227845474,668.02,34736.91,1.85,2.8,1.1403,9.54,44465.03
30025,"County 025, MT",MT,2023,45331,103964,5432331061,3864774866,993.14,51643.44,2.2,4.89,0.4337,7.4,63453.0
30026,"County 026, MT",MT,2023,37968,92049,4043124454,2737203565,857.28,44578.72,4.01,2.3,1.3171,7.58,53686.41
30027,"County 027, MT",MT,2023,1079,4699,188547782,134781970,747.22,38855.24,1.36,1.27,0.4158,9.02,49714.74
30028,"County 028, MT",MT,2023,14149,43453,2061211015,1630746561,870.92,45287.9,5.35,4.37,0.8562,7.9,59112.74
30029,"County 029, MT",MT,2023,1007,6568,245354395,164905354,743.29,38651.21,-0.24,2.56,1.3141,9.05,49943.89
30030,"County 030, MT",MT,2023,1438,5838,254839049,186030794,816.73,42469.71,-0.32,4.5,1.2127,8.65,52043.24
30031,"County 031, MT",MT,2023,630,2616,74199788,46616165,536.3,27887.51,-2.19,3.09,0.5423,10.51,50141.31
30032,"County 032, MT",MT,2023,7531,18302,483094180,324906141,489.97,25478.35,2.21,3.59,0.3376,8.01,50588.97
30033,"County 033, MT",MT,2023,12310,52484,2299217045,1772452978,885.16,46028.18,-0.37,1.15,0.863,7.3,55417.5
30034,"County 034, MT",MT,2023,4317,13987,306543920,208681166,423.08,22000.0,0.27,3.38,1.6347,9.13,39818.63
30035,"County 035, MT",MT,2023,78835,187674,4612748457,2897822887,490.13,25486.91,2.44,2.77,0.8808,8.49,42273.21
30036,"County 036, MT",MT,2023,14332,68083,2934029191,2242767126,790.47,41104.39,4.46,3.87,0.8589,9.28,58287.81
30037,"County 037, MT",MT,2023,11016,27095,800520711,638358225,588.61,30607.68,-2.04,3.31,1.1877,9.16,58214.93
30038,"County 038, MT",MT,2023,1820,11789,538715451,340917513,839.37,43647.01,3.74,6.1,1.0267,9.13,52537.39
30039,"County 039, MT",MT,2023,2937,9621,327687575,219824121,681.01,35412.65,5.49,5.44,1.329,9.15,55963.64
30040,"County 040, MT",MT,2023,9646,45775,1836524063,1237069172,741.32,38548.72,-0.72,4.21,1.373,8.32,67700.51
30041,"County 041, MT",MT,2023,12466,28226,1242649031,933515613,831.29,43227.31,6.53,6.11,0.7421,8.32,48245.28
30042,"County 042, MT",MT,2023,9312,19946,448759880,269799430,444.94,23136.64,-0.13,5.86,2.0392,8.97,46444.75
30043,"County 043, MT",MT,2023,778,3812,140483200,85648149,710.18,36929.13,5.05,0.24,1.0932,10.37,63302.89
30044,"County 044, MT",MT,2023,42430,115177,5419424357,3652942899,872.79,45385.13,3.81,4.45,1.0368,7.96,58111.13
30045,"County 045, MT",MT,2023,25073,74253,2429089895,1778026741,601.3,31267.41,0.61,5.5,1.1624,9.61,47405.71
30046,"County 046, MT",MT,2023,23156,89075,3407996081,2124265342,707.45,36787.49,4.03,1.54,1.6236,8.07,61583.94
30047,"County 047, MT",MT,2023,6695,26424,1166416593,793871777,831.78,43252.44,5.13,2.85,0.7288,8.7,54745.48
30048,"County 048, MT",MT,2023,19060,109795,4965967927,3222100439,863.81,44918.35,1.83,5.37,1.3571,7.85,54347.67
30049,"County 049, MT",MT,2023,9158,48689,2535238477,1541211255,958.85,49860.4,1.87,3.52,1.6498,7.64,57182.52
30050,"County 050, MT",MT,2023,1834,7740,410128237,299066041,986.39,51292.46,4.83,0.94,1.6185,8.67,70792.75
30051,"County 051, MT",MT,2023,12332,25646,904750292,674362113,669.68,34823.45,0.23,2.07,1.0863,9.08,48684.62
30052,"County 052, MT",MT,2023,44198,94651,3393430726,2545660785,716.58,37262.0,4.72,7.32,1.3396,7.58,47102.26
30053,"County 053, MT",MT,2023,14006,52863,2252454501,1385895348,797.45,41467.23,5.32,3.79,0.5903,8.17,50211.03
30054,"County 054, MT",MT,2023,3490,14168,469133088,287235341,616.03,32033.82,1.17,2.19,1.2279,8.82,56918.27
30055,"County 055, MT",MT,2023,13409,40282,1702388498,1150366407,802.3,41719.49,-0.18,5.31,0.9891,9.3,59878.92
30056,"County 056, MT",MT,2023,5438,25789,593155010,440559143,423.08,22000.0,3.61,4.57,1.4819,8.93,35701.88
31001,"County 001, NE",NE,2023,10461,42252,2000940171,1309027831,942.75,49023.12,-2.28,3.43,1.3017,1.93,56246.62
31002,"County 002, NE",NE,2023,12690,45805,2177274560,1486224735,939.99,48879.65,1.76,6.31,1.0101,1.42,59734.67
31003,"County 003, NE",NE,2023,1786,7484,359122151,277207020,946.92,49239.78,2.55,6.59,0.7492,3.43,55507.95
31004,"County 004, NE",NE,2023,44079,215435,10083201678,6420261921,938.49,48801.27,-0.74,4.7,0.7194,1.6,64289.94
31005,"County 005, NE",NE,2023,3226,11308,479227446,380120982,853.11,44361.66,2.8,4.76,0.9905,1.06,63055.89
31006,"County 006, NE",NE,2023,7891,33053,1521763028,1101617203,889.01,46228.65,4.26,4.08,0.8587,3.85,51497.33
31007,"County 007, NE",NE,2023,7098,26343,1277787646,802732773,903.67,46990.82,8.47,5.73,1.1979,2.01,65996.12
31008,"County 008, NE",NE,2023,1983,11531,672739276,498931664,1112.65,57857.94,-0.02,3.18,1.0427,2.25,57397.64
31009,"County 009, NE",NE,2023,15928,57093,3404453167,2456641326,1099.32,57164.55,1.5,3.36,1.6027,1.0,62977.99
31010,"County 010, NE",NE,2023,308687,441477,25305134292,18356124316,1062.14,55231.4,0.91,4.02,0.9859,1.0,61821.8
31011,"County 011, NE",NE,2023,6866,28520,1663866853,1066309710,1116.77,58071.83,3.02,3.44,1.2409,1.0,72303.28
31012,"County 012, NE",NE,2023,74458,326508,17972472472,14059484366,1038.45,53999.21,2.25,2.67,0.5946,1.41,53539.24
31013,"County 013, NE",NE,2023,3031,10467,599540995,474110011,1132.82,58906.62,2.7,8.31,0.6294,1.0,60484.64
31014,"County 014, NE",NE,2023,1449,4435,250892547,154662491,1107.29,57579.32,1.66,4.75,0.7728,1.0,70387.4
31015,"County 015, NE",NE,2023,13065,41563,1640888255,1068284611,727.06,37806.94,0.28,3.35,1.4374,2.63,52026.06
31016,"County 016, NE",NE,2023,1274,4439,227997538,144103917,963.99,50127.31,3.64,1.89,0.6508,2.02,56798.09
31017,"County 017, NE",NE,2023,16120,18046,1022857379,811080284,1042.03,54185.6,3.13,2.25,0.9268,2.35,66794.62
31018,"County 018, NE",NE,2023,4839,7632,427203366,306673486,1025.77,53339.93,-0.32,3.4,1.5787,2.11,63754.36
31019,"County 019, NE",NE,2023,24988,72217,4217937190,3277287900,1137.86,59168.86,1.12,6.31,1.6739,1.0,57253.37
31020,"County 020, NE",NE,2023,325,1900,99209942,62838931,997.92,51892.06,2.45,2.94,2.0375,1.64,64646.43
31021,"County 021, NE",NE,2023,670,2560,106077727,76186309,826.79,42993.06,-0.02,4.15,0.8416,1.0,48359.85
31022,"County 022, NE",NE,2023,10583,25153,1121746825,692344255,842.29,43799.14,1.8,3.52,0.7968,1.88,63448.41
31023,"County 023, NE",NE,2023,3727,11885,644823046,442535127,1094.48,56913.08,9.2,2.77,2.7815,1.42,57515.32
31024,"County 024, NE",NE,2023,144262,457633,23606248905,14167072009,950.86,49444.86,2.65,6.99,0.6738,1.94,57538.26
31025,"County 025, NE",NE,2023,13136,85485,4419156996,2948271033,1016.71,52868.81,-2.5,7.28,1.1759,1.26,70419.75
31026,"County 026, NE",NE,2023,37932,210446,11229092051,6908241899,1077.1,56009.15,-2.3,5.07,1.4137,1.82,58823.2
31027,"County 027, NE",NE,2023,1403,5992,259014528,163471039,865.45,45003.22,0.55,2.43,0.6345,3.23,53401.19
31028,"County 028, NE",NE,2023,581,1552,70235308,44981458,913.88,47521.55,-5.6,2.32,0.9592,1.42,69563.81
31029,"County 029, NE",NE,2023,31268,70513,3164996411,2186832264,878.5,45682.02,5.89,4.78,1.5399,3.7,60396.34
31030,"County 030, NE",NE,2023,7354,13775,826923166,584053504,1213.81,63118.19,0.9,4.09,1.0772,1.0,61847.78
31031,"County 031, NE",NE,2023,2022,8566,498656675,361212464,1139.61,59259.74,1.54,1.38,0.9498,1.42,67279.96
31032,"County 032, NE",NE,2023,28576,91412,5398347122,4242127393,1116.57,58061.83,2.73,3.27,0.4951,1.31,55307.77
31033,"County 033, NE",NE,2023,426,2040,122868392,85386562,1167.05,60686.34,2.69,3.41,1.3188,1.0,64015.68
31034,"County 034, NE",NE,2023,3434,11507,485082216,343393874,850.94,44248.71,3.32,4.56,0.6305,2.51,49351.05
31035,"County 035, NE",NE,2023,10016,25775,1367838666,1007280490,1004.89,52254.02,4.74,3.07,1.425,2.34,68086.66
31036,"County 036, NE",NE,2023,4907,24881,1177761269,870315307,939.4,48848.92,1.51,4.88,0.6011,1.31,67608.42
31037,"County 037, NE",NE,2023,12093,39631,1407505415,874657333,712.31,37039.98,0.97,3.79,0.8551,3.82,61442.26
31038,"County 038, NE",NE,2023,2211,5077,215779212,164046137,837.24,43536.71,0.28,4.05,1.1171,1.0,53893.61
31039,"County 039, NE",NE,2023,11664,56973,2269266711,1642607455,768.29,39951.3,1.06,4.12,1.1362,1.0,52787.44
31040,"County 040, NE",NE,2023,8849,38475,1710629631,1269941858,867.56,45112.95,0.78,3.99,0.9158,1.04,46894.97
31041,"County 041, NE",NE,2023,1960,5191,275266475,167503994,974.35,50666.21,-0.67,2.81,0.8024,1.0,56678.75
31042,"County 042, NE",NE,2023,2307,7141,357891636,265523914,1001.44,52075.06,0.07,5.82,1.0555,1.0,50697.38
31043,"County 043, NE",NE,2023,18106,41538,2194712030,1351882472,1016.64,52865.24,3.62,2.67,0.8383,1.32,53104.92
31044,"County 044, NE",NE,2023,1615,11298,555928561,407688563,929.08,48312.11,5.4,4.74,0.8238,1.44,55652.77
31045,"County 045, NE",NE,2023,4087,17794,945311014,593712443,1053.12,54761.99,-2.17,5.79,1.2026,2.44,54712.47
31046,"County 046, NE",NE,2023,4151,8849,446383907,297870770,924.22,48059.4,-0.1,1.54,1.7481,1.0,58023.76
31047,"County 047, NE",NE,2023,8558,23550,1413763883,1073973500,1177.38,61223.71,2.0,3.27,1.5776,2.47,57233.56
31048,"County 048, NE",NE,2023,13883,32129,1895743561,1324103580,1095.69,56975.67,5.44,5.39,0.6384,1.01,62791.8
31049,"County 049, NE",NE,2023,6886,17186,943598111,717730724,1105.1,57464.96,-0.91,0.74,1.1852,1.0,57382.9
31050,"County 050, NE",NE,2023,7896,27967,1156709172,737324594,833.85,43360.23,0.96,1.66,0.9799,2.58,55366.0
31051,"County 051, NE",NE,2023,2203,10609,385494733,292445015,726.49,37777.71,1.99,4.33,1.1262,1.46,51026.22
31052,"County 052, NE",NE,2023,207443,491647,30745965122,24287313847,1192.32,62000.42,1.22,3.77,1.2387,1.0,63060.09
31053,"County 053, NE",NE,2023,12785,84099,2921053129,1909960623,698.52,36323.14,2.62,3.24,1.482,3.21,51651.83
31054,"County 054, NE",NE,2023,2907,7178,475281330,342269931,1258.45,65439.22,-0.19,4.56,0.8884,1.01,63303.23
31055,"County 055, NE",NE,2023,9493,18709,761699712,530849030,774.56,40277.31,2.73,4.96,0.6596,1.0,53568.6
31056,"County 056, NE",NE,2023,13191,24994,1231168938,791974735,985.33,51237.41,1.58,3.42,1.0504,1.0,60111.55
31057,"County 057, NE",NE,2023,6162,17882,642203158,485150396,674.93,35096.37,0.24,6.24,1.4085,2.41,55292.77
31058,"County 058, NE",NE,2023,5977,17345,729491516,566772520,828.57,43085.88,3.4,1.32,0.4097,2.5,49626.29
31059,"County 059, NE",NE,2023,290,778,42706129,30362659,1029.89,53554.1,2.54,0.09,0.7084,1.0,56008.19
31060,"County 060, NE",NE,2023,8666,24148,1194299652,820462757,980.81,51001.86,1.3,4.64,1.0039,1.88,59076.89
31061,"County 061, NE",NE,2023,946,2677,115824310,74699285,829.42,43129.89,0.13,2.49,0.7653,1.0,65083.42
31062,"County 062, NE",NE,2023,973,5853,266150452,190022380,875.21,45510.87,-2.07,4.79,0.9632,1.45,58930.63
31063,"County 063, NE",NE,2023,2788,17702,770817166,484570885,874.41,45469.12,-2.72,3.0,0.9412,1.6,58108.48
31064,"County 064, NE",NE,2023,2590,6858,429821690,280196330,1200.49,62425.59,4.88,3.55,1.0843,1.0,64224.75
31065,"County 065, NE",NE,2023,27056,85229,3688040605,2696404190,800.61,41631.59,0.48,2.54,1.6288,2.39,59676.7
31066,"County 066, NE",NE,2023,2913,7854,339183680,243414671,866.4,45053.03,0.5,5.38,0.5896,2.16,52385.33
31067,"County 067, NE",NE,2023,3461,13500,669725035,514838728,913.8,47517.7,1.84,3.57,0.798,1.2,53829.67
31068,"County 068, NE",NE,2023,805,6332,298402295,234045661,939.18,48837.42,-5.05,6.64,1.4465,1.0,55375.47
31069,"County 069, NE",NE,2023,7895,28003,1924602193,1158349186,1307.35,67982.09,2.22,4.92,1.2961,1.0,64490.14
31070,"County 070, NE",NE,2023,4563,15920,622784549,421483060,774.6,40279.41,3.86,6.74,0.9046,2.58,57329.1
31071,"County 071, NE",NE,2023,3892,15322,622323273,483842387,808.07,42019.8,0.74,5.0,0.9322,1.09,53228.98
31072,"County 072, NE",NE,2023,1153,4374,197554267,131650319,865.12,44986.07,2.05,1.34,1.4555,1.59,53037.22
31073,"County 073, NE",NE,2023,855,3391,203407734,154884807,1183.63,61548.6,-0.26,3.93,0.8349,1.0,62761.44
31074,"County 074, NE",NE,2023,1252,3716,181110154,111039816,918.8,47777.68,0.35,5.5,0.9795,1.61,57040.25
31075,"County 075, NE",NE,2023,251,1114,52435497,34399629,946.03,49193.62,0.96,5.2,1.288,1.0,57540.07
31076,"County 076, NE",NE,2023,13505,24712,1467260606,1000346133,1161.97,60422.5,-3.56,4.07,1.2544,1.0,63784.12
31077,"County 077, NE",NE,2023,6822,30371,1560602890,1173513897,983.6,51146.98,2.73,5.8,0.9311,1.56,64917.54
31078,"County 078, NE",NE,2023,1150,3466,203305919,162086964,1180.44,61382.81,0.19,2.75,1.0158,2.14,57872.12
31079,"County 079, NE",NE,2023,2111,8768,501504496,334132250,1124.36,58466.98,3.04,1.94,0.7565,1.0,57862.88
31080,"County 080, NE",NE,2023,1891,8337,494490288,391845731,1141.8,59373.42,4.45,3.0,1.0104,1.0,65099.21
31081,"County 081, NE",NE,2023,2565,8996,433860308,315211399,970.5,50465.76,4.16,3.12,0.8515,1.0,56333.42
31082,"County 082, NE",NE,2023,5600,29008,1078158418,826342354,736.24,38284.3,0.71,2.08,0.7431,2.54,52474.18
31083,"County 083, NE",NE,2023,5713,11655,731460159,532490566,1208.11,62821.55,0.17,4.78,1.4491,1.0,59559.9
31084,"County 084, NE",NE,2023,13431,43864,2258394598,1690426594,1002.13,52110.87,6.19,5.09,1.2468,1.3,58857.2
31085,"County 085, NE",NE,2023,1200,4952,217949898,169090206,872.49,45369.59,3.83,4.95,1.3432,1.26,58113.37
31086,"County 086, NE",NE,2023,861,1936,114918631,69805394,1127.9,58650.85,0.97,3.6,1.4015,1.0,56741.86
31087,"County 087, NE",NE,2023,8773,43479,2261837317,1507948273,965.75,50219.14,-0.79,4.27,1.1855,1.78,61299.03
31088,"County 088, NE",NE,2023,1565,5353,301447363,208120873,1121.71,58329.17,0.62,5.72,2.0383,1.0,64397.22
31089,"County 089, NE",NE,2023,5561,16811,766029539,507106860,906.09,47116.92,2.76,5.26,1.1992,1.44,61021.65
31090,"County 090, NE",NE,2023,2088,6039,338742737,239209319,1071.95,55741.33,2.11,3.4,0.8743,1.27,56814.94
31091,"County 091, NE",NE,2023,1526,5177,246659165,192291176,915.82,47622.64,4.64,3.01,1.2489,1.0,61153.94
31092,"County 092, NE",NE,2023,32214,83706,5143421133,3175243223,1172.62,60976.12,0.27,1.11,1.4498,1.0,54192.6
31093,"County 093, NE",NE,2023,432,1648,59636289,38839577,722.12,37550.28,-2.89,2.52,0.9742,1.77,50902.77
32001,"County 001, NV",NV,2023,5863,17626,1530394029,1202755073,1670.13,86846.72,8.0,2.86,1.3183,2.54,53640.93
32002,"County 002, NV",NV,2023,4286,30962,2601741856,1963361562,1666.15,86639.87,-2.14,1.37,1.364,2.07,45481.24
32003,"County 003, NV",NV,2023,341,840,46077600,36861918,1095.7,56976.52,7.66,4.85,0.9322,3.72,34205.58
32004,"County 004, NV",NV,2023,6106,18260,1436671198,909875929,1451.49,75477.28,5.31,2.52,0.85,3.18,49224.82
32005,"County 005, NV",NV,2023,63952,163977,10925403285,8065375404,1292.8,67225.71,3.7,1.14,0.5436,4.94,38942.45
32006,"County 006, NV",NV,2023,3392,15858,1081806305,770170733,1343.86,69880.95,5.35,4.14,1.1474,3.5,38969.32
32007,"County 007, NV",NV,2023,27249,158420,11837641017,8125967546,1415.3,73595.75,6.36,3.54,0.6426,4.29,33440.17
32008,"County 008, NV",NV,2023,349,1077,80530678,49231295,1455.88,75705.64,3.07,0.91,1.0867,2.42,33346.75
32009,"County 009, NV",NV,2023,2579,5999,399453445,248685342,1276.34,66369.56,2.73,4.52,1.0596,2.69,38050.27
32010,"County 010, NV",NV,2023,5800,16979,1376043651,854592142,1509.74,78506.69,6.22,6.93,0.7904,1.2,43002.11
32011,"County 011, NV",NV,2023,24952,120548,8516709631,6403870739,1392.17,72392.88,5.04,5.74,1.7117,2.83,36873.08
32012,"County 012, NV",NV,2023,1718,3561,284815355,198796731,1558.97,81066.63,1.55,4.35,0.7894,2.09,47919.54
32013,"County 013, NV",NV,2023,1074,3174,214693928,166819003,1291.53,67159.48,7.47,4.07,1.5894,1.58,40893.37
32014,"County 014, NV",NV,2023,1930,4844,245458058,156960765,1021.15,53099.63,2.34,2.3,0.5731,3.56,31382.9
32015,"County 015, NV",NV,2023,4816,26756,1722440726,1355506247,1290.75,67119.08,5.71,4.6,1.2152,2.5,39434.49
32016,"County 016, NV",NV,2023,1152,4618,253976932,160618741,1079.25,56120.9,6.54,2.34,1.0504,3.87,32381.45
32017,"County 017, NV",NV,2023,567,2030,170530372,104084321,1561.34,81189.56,-0.42,2.09,0.8968,4.27,43345.39
33001,"County 001, NH",NH,2023,151,388,18395388,11736684,942.35,49001.95,4.3,5.81,0.725,4.35,49355.45
33002,"County 002, NH",NH,2023,248,792,58001970,35980410,1366.65,71065.7,-4.49,6.7,1.1226,4.95,55004.48
33003,"County 003, NH",NH,2023,41920,222926,15863176865,11010005228,1310.74,68158.49,2.94,1.9,1.2806,4.61,50494.23
33004,"County 004, NH",NH,2023,190,521,35023928,26347537,1338.13,69582.93,3.51,3.64,1.2839,5.7,53504.21
33005,"County 005, NH",NH,2023,2193,10301,587047974,393538413,1087.06,56527.34,3.51,4.95,1.1171,5.04,59081.73
33006,"County 006, NH",NH,2023,3233,9098,629787934,379272941,1366.47,71056.3,-0.29,4.81,1.2896,3.66,57227.08
33007,"County 007, NH",NH,2023,5778,15778,1082047974,672706131,1383.55,71944.54,2.98,2.94,0.7895,3.27,61241.28
33008,"County 008, NH",NH,2023,547,2274,159139794,112051553,1328.61,69087.86,-0.72,2.16,0.9789,4.39,61144.14
33009,"County 009, NH",NH,2023,5130,11589,713942084,562181046,1204.59,62638.59,2.39,4.3,1.2189,4.64,55234.27
33010,"County 010, NH",NH,2023,67467,349760,17625044730,11321492243,977.48,50829.11,0.94,6.46,0.9975,5.84,47982.58
34001,"County 001, NJ",NJ,2023,6756,32487,1407736667,1109825526,806.61,41943.94,0.83,0.19,0.9206,4.77,56109.0
34002,"County 002, NJ",NJ,2023,171,655,22930066,17112550,669.66,34822.4,1.69,2.41,0.4454,6.65,60435.33
34003,"County 003, NJ",NJ,2023,2489,14076,652128774,475536573,866.89,45078.45,2.32,5.65,1.4521,5.03,50422.31
34004,"County 004, NJ",NJ,2023,2014,8580,359316026,229518533,834.74,43406.46,3.08,3.59,1.8044,6.13,52206.17
34005,"County 005, NJ",NJ,2023,14547,47934,2570387665,1983028522,1024.06,53251.1,5.95,7.52,1.8321,5.29,57673.43
34006,"County 006, NJ",NJ,2023,5385,13845,419220325,327441944,595.92,30987.63,-0.47,4.1,1.1631,7.1,57260.03
34007,"County 007, NJ",NJ,2023,6262,25390,1326565565,890840176,969.09,50392.62,3.14,4.68,0.921,3.36,57124.27
34008,"County 008, NJ",NJ,2023,53224,204300,6237832630,3985310198,570.62,29672.24,1.55,4.89,0.8852,7.13,53068.5
34009,"County 009, NJ",NJ,2023,1184,2653,92704213,72084569,692.2,35994.35,-0.76,3.23,0.9836,5.87,56582.72
34010,"County 010, NJ",NJ,2023,1653,9391,578966399,455686569,1137.41,59145.24,-0.0,3.84,0.6659,4.71,60785.65
34011,"County 011, NJ",NJ,2023,48687,195039,8257027851,6015950256,855.32,44476.57,1.7,6.48,1.0488,5.4,50878.49
34012,"County 012, NJ",NJ,2023,7747,31226,1395401785,1063571460,879.59,45738.42,0.11,4.53,0.924,4.94,51026.5
34013,"County 013, NJ",NJ,2023,17620,60611,2868632499,1833611475,933.87,48561.32,2.74,4.95,0.9462,5.41,54160.39
34014,"County 014, NJ",NJ,2023,8139,26749,1502065344,1195876234,1045.77,54379.97,0.35,1.03,1.1256,4.36,64147.0
34015,"County 015, NJ",NJ,2023,975,4568,248755321,157436159,1037.16,53932.12,-3.4,2.81,1.4664,7.39,57827.9
34016,"County 016, NJ",NJ,2023,2256,7004,262332697,179897866,744.13,38694.81,1.67,2.21,0.7909,5.46,47168.1
34017,"County 017, NJ",NJ,2023,10431,35350,1900042167,1509203125,1044.1,54292.99,1.18,2.37,1.2673,4.66,58820.55
34018,"County 018, NJ",NJ,2023,871,1708,65222145,51781505,771.43,40114.33,2.23,6.6,2.7767,5.62,49891.37
34019,"County 019, NJ",NJ,2023,297,582,31264408,22940699,1021.08,53096.25,-0.24,6.94,0.9758,4.5,53420.01
34020,"County 020, NJ",NJ,2023,46038,135524,7759165720,5886742708,1130.8,58801.57,9.03,3.35,1.4686,4.41,65727.52
34021,"County 021, NJ",NJ,2023,17738,28480,1426655356,1078453451,959.77,49908.13,-0.43,5.4,1.3521,5.05,65528.89
35001,"County 001, NM",NM,2023,869,2844,163437745,108991119,1153.69,59991.81,2.13,-1.06,0.9153,3.67,40736.18
35002,"County 002, NM",NM,2023,117,449,31331904,23258159,1301.14,67659.34,3.1,5.48,1.189,4.5,53554.79
35003,"County 003, NM",NM,2023,425,1808,122721158,83711543,1343.09,69840.53,6.96,5.78,1.6123,3.3,44185.77
35004,"County 004, NM",NM,2023,21650,118783,7350482002,5634291519,1236.61,64303.91,1.66,4.75,0.6708,5.32,36856.39
35005,"County 005, NM",NM,2023,1741,7025,594533096,450204972,1643.59,85466.74,4.64,3.09,0.8133,4.14,42983.87
35006,"County 006, NM",NM,2023,1349,6354,452499831,318178137,1327.4,69025.05,3.11,3.35,0.8995,5.52,52501.53
35007,"County 007, NM",NM,2023,880,3326,286956210,219622037,1590.47,82704.29,4.03,6.15,1.0626,5.15,47400.04
35008,"County 008, NM",NM,2023,1494,3555,320898485,251101547,1686.26,87685.6,0.92,3.35,0.8363,4.38,62624.67
35009,"County 009, NM",NM,2023,4880,15846,1262014260,993499890,1476.55,76780.75,5.52,2.51,1.0129,3.27,52536.45
35010,"County 010, NM",NM,2023,25806,72144,4959039613,3296419454,1276.8,66393.39,5.9,3.76,0.5859,6.11,49112.01
35011,"County 011, NM",NM,2023,889,3474,263399244,191774947,1486.52,77298.92,0.61,6.8,1.3678,3.44,45730.13
35012,"County 012, NM",NM,2023,2008,6647,417588185,265300873,1253.53,65183.48,8.39,4.87,0.6682,3.28,48111.38
35013,"County 013, NM",NM,2023,31862,103236,6832752950,5027255970,1252.3,65119.36,-0.48,4.08,0.6265,4.51,47941.8
35014,"County 014, NM",NM,2023,5010,26300,1969299633,1244311221,1380.95,71809.33,2.38,2.36,1.1194,4.79,46628.16
35015,"County 015, NM",NM,2023,5840,31034,2430209651,1523306799,1463.47,76100.32,3.45,4.99,0.9452,3.02,47840.17
35016,"County 016, NM",NM,2023,4659,15749,1204371393,765274501,1504.18,78217.34,4.35,3.24,1.3943,3.92,53324.55
35017,"County 017, NM",NM,2023,885,3848,275195383,194007202,1426.72,74189.56,0.44,5.04,1.8837,3.74,46854.92
35018,"County 018, NM",NM,2023,4369,17033,1069925174,765089437,1185.01,61620.74,6.15,4.21,0.7069,4.34,37060.35
35019,"County 019, NM",NM,2023,7628,19263,1464672118,1101275742,1396.35,72610.0,1.44,2.92,1.1278,3.14,50116.07
35020,"County 020, NM",NM,2023,11170,28991,2124615789,1367108844,1456.88,75757.76,1.39,6.23,0.6187,3.62,56521.18
35021,"County 021, NM",NM,2023,2810,11611,945208876,709047079,1576.22,81963.42,4.88,4.42,1.3508,2.79,62364.26
35022,"County 022, NM",NM,2023,159,406,28002851,21488922,1348.28,70110.8,-0.07,2.76,0.8241,4.01,45761.78
35023,"County 023, NM",NM,2023,7464,28488,2125827376,1472567370,1394.81,72530.0,4.47,6.7,1.4363,3.75,37686.57
35024,"County 024, NM",NM,2023,10733,32267,1784783606,1313728222,1025.2,53310.32,0.34,5.33,0.6975,4.39,41705.51
35025,"County 025, NM",NM,2023,4011,8598,526743564,328450491,1185.43,61642.31,2.99,2.04,0.6104,5.0,48646.75
35026,"County 026, NM",NM,2023,11737,47037,3575395332,2778636813,1485.57,77249.73,-0.98,2.67,1.139,5.07,57307.53
35027,"County 027, NM",NM,2023,4962,16208,1099755682,721718596,1280.59,66590.7,4.51,5.13,1.5128,4.49,41839.12
35028,"County 028, NM",NM,2023,2004,5336,383316788,294743590,1393.97,72486.5,4.56,1.37,1.1133,4.04,53543.59
35029,"County 029, NM",NM,2023,666,1943,135121674,103480799,1395.16,72548.34,2.9,4.23,0.6641,4.51,44473.65
35030,"County 030, NM",NM,2023,640,2349,179306534,130317318,1444.01,75088.31,2.41,3.92,1.064,3.14,51110.39
35031,"County 031, NM",NM,2023,7299,41594,2174073911,1629883456,1032.94,53712.86,-0.85,4.34,1.2418,4.89,45421.78
35032,"County 032, NM",NM,2023,2369,10523,623554095,484565308,1111.56,57801.32,4.85,1.49,0.7995,5.86,44265.0
35033,"County 033, NM",NM,2023,9825,28436,2009167047,1372027244,1423.21,74007.08,0.73,3.6,1.1383,3.38,47539.67
36001,"County 001, NY",NY,2023,41355,183578,13348928936,10304431793,1452.35,75522.05,3.08,3.79,0.9553,2.87,49263.58
36002,"County 002, NY",NY,2023,13156,19028,1289541328,783042598,1264.45,65751.35,1.24,3.65,0.8845,5.44,45610.71
36003,"County 003, NY",NY,2023,1155,3933,231529245,180570342,1132.95,58913.19,1.31,4.01,0.8967,3.87,47786.02
36004,"County 004, NY",NY,2023,10462,35843,2383489281,1798981578,1345.62,69972.5,-2.46,2.85,1.1372,5.59,53036.53
36005,"County 005, NY",NY,2023,683,1793,124520961,84278991,1305.13,67866.92,1.37,4.66,0.697,3.4,48270.69
36006,"County 006, NY",NY,2023,16704,75689,4759712038,3454517069,1242.24,64596.37,-2.87,3.68,1.0314,5.56,38279.17
36007,"County 007, NY",NY,2023,14834,57590,4411541386,2700275559,1460.78,75960.79,4.0,3.39,0.9886,4.51,51966.31
36008,"County 008, NY",NY,2023,2240,8064,492163473,320254586,1119.69,58224.13,0.13,0.44,0.8847,5.18,49451.29
36009,"County 009, NY",NY,2023,17506,43268,2637312504,1854799432,1160.2,60330.21,2.39,3.07,1.2718,5.34,34862.29
36010,"County 010, NY",NY,2023,895,3097,192459379,139155603,1241.06,64535.21,0.22,4.92,1.4945,4.43,40427.85
36011,"County 011, NY",NY,2023,4602,15063,951809774,654353039,1200.61,62431.94,4.11,3.85,0.6984,4.72,39379.58
36012,"County 012, NY",NY,2023,26431,91721,5011444901,3367627534,1046.02,54393.06,-1.38,5.42,0.9074,5.45,40505.76
36013,"County 013, NY",NY,2023,4579,21118,1284009827,931315548,1137.49,59149.3,1.14,3.88,0.9874,4.81,49026.65
36014,"County 014, NY",NY,2023,2931,20797,1072520826,829265513,998.34,51913.47,2.08,6.01,1.349,6.61,39239.91
36015,"County 015, NY",NY,2023,15037,44843,2607390277,1566443484,1146.47,59616.32,2.41,6.93,0.6558,6.33,41860.38
36016,"County 016, NY",NY,2023,3221,10441,481384646,332390054,901.26,46865.45,1.66,1.91,0.6263,5.93,34996.11
36017,"County 017, NY",NY,2023,2769,17367,1008579493,637233531,1147.91,59691.57,2.62,1.89,1.1962,5.76,38646.81
36018,"County 018, NY",NY,2023,11076,52332,3736944764,2652785301,1344.46,69912.1,-1.25,3.51,1.1692,2.94,45663.04
36019,"County 019, NY",NY,2023,5324,20736,1315076535,984099010,1264.19,65737.9,2.4,2.99,1.4556,4.61,52408.54
36020,"County 020, NY",NY,2023,18705,70514,4375965907,3393173589,1190.86,61924.94,-1.37,6.13,0.8185,6.03,50538.2
36021,"County 021, NY",NY,2023,1555,6870,397880395,311222594,1149.59,59778.44,-0.02,3.26,1.5302,5.36,53064.09
36022,"County 022, NY",NY,2023,5402,17926,1127248459,895960424,1195.15,62147.83,5.27,4.01,1.3402,4.3,46582.8
36023,"County 023, NY",NY,2023,4125,22188,1490893593,1042476910,1336.06,69475.08,-3.29,4.69,1.7392,4.12,58625.02
36024,"County 024, NY",NY,2023,183,903,58353467,41774018,1187.44,61746.73,1.75,3.81,0.9512,4.99,42846.74
36025,"County 025, NY",NY,2023,2228,9051,564748005,402788250,1206.36,62730.77,-3.08,5.63,0.7188,4.94,42042.56
36026,"County 026, NY",NY,2023,496,1988,120971458,82544405,1166.9,60678.73,3.71,2.88,0.4781,5.61,48016.56
36027,"County 027, NY",NY,2023,18849,79532,5791879103,3491912482,1435.93,74668.39,1.19,6.73,1.1514,6.33,51871.24
36028,"County 028, NY",NY,2023,2042,8728,488852259,355641117,1094.43,56910.26,6.31,3.9,0.5102,4.83,43795.27
36029,"County 029, NY",NY,2023,58854,140430,8678311287,6481009432,1134.1,58973.12,3.87,3.29,0.6024,5.92,50399.83
36030,"County 030, NY",NY,2023,24628,173671,10125884972,7053830555,1144.93,59536.37,1.79,2.85,0.8819,5.64,40327.9
36031,"County 031, NY",NY,2023,1280,7292,532197328,390242196,1430.24,74372.54,-0.15,3.28,1.4477,2.8,48525.55
36032,"County 032, NY",NY,2023,1047,3748,175667398,122956452,943.76,49075.52,-0.09,4.55,1.2642,6.3,39321.16
36033,"County 033, NY",NY,2023,866,3392,237974164,175099375,1326.2,68962.49,5.74,3.21,0.8252,4.63,39896.15
36034,"County 034, NY",NY,2023,7126,37524,2160155109,1654917424,1151.85,59896.42,1.6,2.36,1.405,5.98,36772.68
36035,"County 035, NY",NY,2023,1335,6588,413759522,311744084,1186.62,61704.35,3.64,2.54,0.8304,5.83,37059.22
36036,"County 036, NY",NY,2023,445,2105,109574425,86586387,1005.0,52260.17,4.33,1.19,0.6922,6.08,43967.88
36037,"County 037, NY",NY,2023,1437,7522,428320037,311117978,1094.43,56910.54,4.22,2.09,1.5051,4.54,48312.55
36038,"County 038, NY",NY,2023,6385,12013,765923743,544202534,1232.31,64080.12,4.81,4.65,1.3656,5.23,44301.61
36039,"County 039, NY",NY,2023,6202,25922,1843418701,1168898964,1314.26,68341.45,4.4,4.24,1.0966,5.66,50971.4
36040,"County 040, NY",NY,2023,6321,10279,678171229,479465179,1282.27,66677.96,4.53,3.24,1.2345,5.25,43672.78
36041,"County 041, NY",NY,2023,10784,47900,2460314242,1491433235,1039.59,54058.83,3.33,2.94,1.304,6.19,39324.44
36042,"County 042, NY",NY,2023,1047,6573,295867717,229583317,836.83,43514.92,-2.12,2.09,0.5644,6.58,29821.35
36043,"County 043, NY",NY,2023,2568,10217,661592670,469066022,1263.43,65698.27,1.38,2.66,1.0587,4.47,44317.95
36044,"County 044, NY",NY,2023,6851,29206,1698735422,1153131389,1151.04,59854.21,-0.84,4.82,0.9049,5.56,44908.73
36045,"County 045, NY",NY,2023,7916,22406,1488424067,994591620,1290.95,67129.26,0.96,4.14,0.7509,4.92,46724.97
36046,"County 046, NY",NY,2023,17250,101234,5834372274,3806533565,1162.45,60447.5,-2.86,1.9,0.8324,6.16,37153.98
36047,"County 047, NY",NY,2023,6589,16139,871745479,550987998,1016.12,52838.14,5.03,3.18,0.6699,5.43,42621.69
36048,"County 048, NY",NY,2023,42964,124473,5494395091,3521142877,866.84,45075.6,-0.42,4.14,1.0768,4.85,41181.22
36049,"County 049, NY",NY,2023,9364,22197,1592820710,976773101,1361.18,70781.43,-0.78,6.39,0.7288,6.86,43966.69
36050,"County 050, NY",NY,2023,3387,9338,479269023,323898477,999.62,51980.34,7.72,3.93,0.3569,6.06,43713.3
36051,"County 051, NY",NY,2023,1673,6983,433037928,334051680,1182.88,61509.86,0.88,0.97,0.9237,5.73,44853.12
36052,"County 052, NY",NY,2023,17829,52284,3555987429,2737816593,1247.49,64869.25,2.67,7.1,0.6629,5.93,51738.96
36053,"County 053, NY",NY,2023,11344,41916,2490084865,1872822000,1117.51,58110.55,0.29,3.0,0.8875,4.63,40663.29
36054,"County 054, NY",NY,2023,11474,26066,1463319728,923128277,1094.51,56914.43,1.16,3.65,1.0962,5.97,43834.38
36055,"County 055, NY",NY,2023,1230,4274,241505324,178611075,1102.34,57321.49,-0.9,3.86,1.1876,5.54,30278.19
36056,"County 056, NY",NY,2023,36811,85972,6823922464,4423313565,1494.77,77728.14,3.41,4.62,1.0285,3.99,58506.16
36057,"County 057, NY",NY,2023,733,1842,131087580,81703421,1339.04,69630.24,0.68,3.83,1.2865,4.64,52221.01
36058,"County 058, NY",NY,2023,3974,15794,824677768,650908466,1032.59,53694.77,1.95,3.73,1.1914,6.87,42012.38
36059,"County 059, NY",NY,2023,4777,17968,1040706292,756393710,1123.88,58441.84,-0.53,3.4,0.5862,5.33,43179.57
36060,"County 060, NY",NY,2023,21986,120485,7636802048,5987162279,1201.24,62464.67,0.57,7.17,0.8644,5.53,32338.16
36061,"County 061, NY",NY,2023,17377,93330,5782421869,4372401812,1236.97,64322.21,0.73,7.15,0.791,7.32,52028.83
36062,"County 062, NY",NY,2023,1389,4341,189151908,138941089,841.41,43753.3,1.12,2.87,1.4588,5.55,34286.99
37001,"County 001, NC",NC,2023,3638,10242,415707888,323383909,796.44,41414.86,5.91,3.57,0.3533,3.06,46117.74
37002,"County 002, NC",NC,2023,4738,23366,1254088737,796424028,990.61,51511.62,4.99,2.0,0.8034,1.7,54434.13
37003,"County 003, NC",NC,2023,27699,107351,5527852944,3747726652,948.4,49316.73,-2.01,5.76,1.0428,2.47,49939.37
37004,"County 004, NC",NC,2023,140,617,33858376,24507962,1108.05,57618.77,0.55,6.25,0.6321,3.16,65085.19
37005,"County 005, NC",NC,2023,6981,26937,1425650390,873412865,1048.16,54504.32,1.8,2.41,1.5439,1.15,54781.71
37006,"County 006, NC",NC,2023,28995,99139,4016970075,3008384934,751.92,39099.72,-2.17,6.97,0.7825,2.94,47759.24
37007,"County 007, NC",NC,2023,2524,9756,427112161,262462010,864.37,44947.29,-0.72,2.86,1.185,1.59,54880.04
37008,"County 008, NC",NC,2023,3042,10755,385061934,304926931,697.4,36264.93,2.46,5.93,0.8933,2.85,43388.7
37009,"County 009, NC",NC,2023,1660,5037,271978834,194820506,1069.64,55621.16,0.06,-0.07,0.7696,2.26,54744.99
37010,"County 010, NC",NC,2023,4939,14045,477569708,323850550,660.42,34341.96,-0.9,1.32,0.8802,2.73,45290.67
37011,"County 011, NC",NC,2023,1747,6383,376959745,230511226,1099.86,57192.61,2.23,4.75,1.5143,1.0,60234.75
37012,"County 012, NC",NC,2023,5046,16344,615114507,398354235,756.22,39323.37,0.08,4.14,1.3493,2.22,54274.04
37013,"County 013, NC",NC,2023,2863,13955,646291806,511468552,908.84,47259.83,0.81,4.63,1.6307,2.54,60280.54
37014,"County 014, NC",NC,2023,11514,27917,1587729786,1091790663,1098.77,57136.2,3.17,3.45,0.5377,1.0,53665.51
37015,"County 015, NC",NC,2023,3475,9243,462432437,281549713,921.22,47903.34,3.78,1.24,0.7686,1.0,53879.13
37016,"County 016, NC",NC,2023,4074,13717,681287822,493283496,961.12,49978.45,2.36,3.46,2.057,1.58,53715.19
37017,"County 017, NC",NC,2023,25284,127758,5952718297,4647442753,885.7,46056.48,-0.56,3.45,1.5963,2.16,50203.84
37018,"County 018, NC",NC,2023,2628,8806,516310244,310663371,1174.35,61066.21,3.71,3.78,0.6448,1.0,59868.93
37019,"County 019, NC",NC,2023,280,727,38166775,28215719,1005.49,52285.4,2.64,1.75,0.7491,1.56,47583.27
37020,"County 020, NC",NC,2023,1911,9553,452525928,299017486,923.95,48045.26,3.95,8.12,1.4959,1.0,49595.76
37021,"County 021, NC",NC,2023,7673,33560,1278191168,808733135,716.93,37280.35,1.73,1.66,1.4102,2.94,39308.56
37022,"County 022, NC",NC,2023,758,2127,100377957,65245469,899.8,46789.74,2.04,2.6,0.8532,1.97,57684.29
37023,"County 023, NC",NC,2023,18604,73182,3120828556,2479142595,789.91,41075.19,3.27,5.25,1.2103,2.77,38928.98
37024,"County 024, NC",NC,2023,483,1660,87181085,54102994,963.55,50104.42,3.23,4.72,0.6787,2.2,44747.18
37025,"County 025, NC",NC,2023,1349,4498,261218469,195433239,1086.94,56520.9,3.41,7.66,1.2957,1.49,51042.9
37026,"County 026, NC",NC,2023,9016,32936,1842344773,1265698888,1129.55,58736.59,7.95,6.97,1.1917,2.44,54873.12
37027,"County 027, NC",NC,2023,1670,9525,349206165,272197673,691.99,35983.34,3.8,3.64,0.9726,2.75,48368.4
37028,"County 028, NC",NC,2023,2775,17874,947409292,720319467,990.79,51521.24,0.0,5.35,0.9456,2.3,46200.36
37029,"County 029, NC",NC,2023,15649,48537,2612092408,2074939860,1022.38,53163.68,3.72,2.53,0.6813,2.51,54756.01
37030,"County 030, NC",NC,2023,3487,19752,856966846,595549665,877.99,45655.36,4.68,5.47,2.5914,2.43,50920.01
37031,"County 031, NC",NC,2023,1303,8561,311286994,218023425,713.47,37100.27,2.83,3.72,1.6244,3.54,46327.22
37032,"County 032, NC",NC,2023,12352,52665,2730980733,1997205867,985.05,51222.44,3.52,3.05,1.2875,2.7,51512.33
37033,"County 033, NC",NC,2023,779,2544,128523014,84617484,965.61,50211.84,2.09,5.6,0.7536,1.15,51199.93
37034,"County 034, NC",NC,2023,42021,179788,10263949090,6707945307,1072.09,55748.56,2.4,6.13,1.6295,1.0,55701.8
37035,"County 035, NC",NC,2023,3623,12705,593809165,394931770,938.21,48787.05,3.23,4.01,0.6787,3.22,54209.23
37036,"County 036, NC",NC,2023,5697,20075,1130838247,686042648,1046.15,54400.05,6.9,5.7,0.9792,1.0,54684.39
37037,"County 037, NC",NC,2023,1571,4313,244757769,177298265,1053.32,54772.66,3.23,2.24,1.2208,1.04,45246.72
37038,"County 038, NC",NC,2023,29243,64725,3250885240,2300771554,1013.05,52678.56,3.79,2.8,0.6878,1.48,59939.37
37039,"County 039, NC",NC,2023,987,3009,156781475,99131111,983.07,51119.6,0.93,6.11,1.2966,1.85,52672.46
37040,"County 040, NC",NC,2023,1797,9766,519865879,355012364,1014.65,52761.59,6.9,1.77,0.9747,1.59,61821.33
37041,"County 041, NC",NC,2023,1470,4493,185046400,132313558,812.27,42237.98,0.99,6.97,0.8475,1.19,46158.74
37042,"County 042, NC",NC,2023,1625,4990,195546483,128383980,722.39,37564.17,4.27,2.83,1.0546,2.32,50319.68
37043,"County 043, NC",NC,2023,3106,9779,482833689,347436046,978.74,50894.54,1.67,3.55,0.7973,1.01,50396.79
37044,"County 044, NC",NC,2023,13928,49809,2113373502,1296238080,832.47,43288.64,-0.73,6.24,1.9022,1.0,50702.76
37045,"County 045, NC",NC,2023,5090,17829,917876685,730330189,971.53,50519.46,-0.95,4.58,0.7139,2.7,41877.21
37046,"County 046, NC",NC,2023,1734,7828,387830183,277942512,969.34,50405.53,2.08,7.6,1.625,1.62,51774.67
37047,"County 047, NC",NC,2023,5639,23374,668088968,410864189,574.94,29896.71,2.13,3.63,1.1023,2.16,43356.51
37048,"County 048, NC",NC,2023,9350,30633,1635092601,1149812816,1010.31,52536.36,7.34,4.37,1.0654,1.06,52960.61
37049,"County 049, NC",NC,2023,3966,17804,1016787950,642070313,1091.74,56770.25,3.61,1.67,1.1,2.38,54018.56
37050,"County 050, NC",NC,2023,12483,33221,1888232140,1182172770,1044.78,54328.33,4.29,4.33,1.4674,1.53,51487.03
37051,"County 051, NC",NC,2023,3617,12600,452115449,301661587,693.12,36042.16,2.21,2.78,1.1572,2.71,49385.37
37052,"County 052, NC",NC,2023,6664,27579,1652974947,1172294474,1207.63,62796.76,-1.47,4.5,0.9105,1.0,57923.51
37053,"County 053, NC",NC,2023,2004,7998,426937671,280255526,1016.45,52855.15,3.45,5.56,1.2144,1.73,43126.75
37054,"County 054, NC",NC,2023,1233,4359,251527976,186982184,1113.46,57899.87,-0.78,4.39,1.0886,1.0,55748.48
37055,"County 055, NC",NC,2023,601,2369,108782607,76635011,875.72,45537.56,2.65,7.84,0.7155,1.6,53658.9
37056,"County 056, NC",NC,2023,13960,35610,1014678888,635708480,569.83,29631.18,1.08,6.29,1.4016,1.7,49862.17
37057,"County 057, NC",NC,2023,2815,8923,278797856,200988839,605.07,31463.55,2.29,4.97,1.0368,2.25,39890.0
37058,"County 058, NC",NC,2023,1179,7870,330291959,248295731,829.44,43130.99,4.43,3.84,0.6885,2.64,54361.28
37059,"County 059, NC",NC,2023,25274,149963,7345807922,4795526375,947.84,49287.83,7.31,5.95,0.7014,1.94,54414.45
37060,"County 060, NC",NC,2023,442,1794,58032082,44498908,625.48,32525.09,1.96,3.91,1.2214,3.17,36069.73
37061,"County 061, NC",NC,2023,2014,8780,474801358,287084360,1005.99,52311.45,5.34,2.64,1.3472,2.87,59397.41
37062,"County 062, NC",NC,2023,22366,78100,4018038434,2849470347,945.43,49162.44,3.76,4.78,0.7225,1.17,50877.14
37063,"County 063, NC",NC,2023,313,1435,54670485,38094167,718.82,37378.61,0.22,3.54,1.9265,2.05,37932.11
37064,"County 064, NC",NC,2023,11146,49901,2298396145,1445475299,919.11,47793.97,0.51,4.05,0.6586,3.08,46147.36
37065,"County 065, NC",NC,2023,908,3370,245588229,181890426,1367.05,71086.43,1.4,1.09,0.9446,2.24,63445.64
37066,"County 066, NC",NC,2023,1194,4649,186359536,123043223,796.79,41433.19,3.87,3.53,1.4649,2.14,46677.39
37067,"County 067, NC",NC,2023,578,2993,158047949,120381074,967.95,50333.58,7.05,3.85,0.9604,1.19,62183.44
37068,"County 068, NC",NC,2023,1470,2428,131505725,90093825,1031.27,53626.29,4.95,3.9,1.2928,1.67,53807.33
37069,"County 069, NC",NC,2023,3030,10665,558795022,375513864,1034.36,53786.98,5.14,3.43,1.1718,2.82,49230.83
37070,"County 070, NC",NC,2023,2010,4912,241398425,166968133,900.54,46828.18,-0.71,1.2,1.5006,3.49,47513.01
37071,"County 071, NC",NC,2023,13470,54830,2447414004,1812941397,883.21,45926.67,-0.52,5.9,1.2128,1.99,59982.78
37072,"County 072, NC",NC,2023,5424,33740,1388536052,1024294835,780.29,40574.99,-0.48,-0.27,1.0603,1.0,46434.1
37073,"County 073, NC",NC,2023,1192,6285,262051929,167184172,780.9,40606.8,2.25,3.18,0.996,3.7,49048.67
37074,"County 074, NC",NC,2023,2023,6509,321780214,213234313,912.94,47472.89,1.52,2.92,0.8378,2.16,49319.45
37075,"County 075, NC",NC,2023,162918,557424,29461037530,22513340959,1068.07,55539.7,6.86,5.04,1.118,2.75,58620.59
37076,"County 076, NC",NC,2023,997,3394,186565966,142876730,1013.31,52692.33,2.12,5.58,1.0801,3.29,57253.33
37077,"County 077, NC",NC,2023,3517,10129,364972837,224619288,698.12,36302.02,1.17,3.64,1.0184,2.62,54803.94
37078,"County 078, NC",NC,2023,76099,339835,15079750270,9764582002,849.39,44168.34,0.59,-0.22,0.7805,1.0,44895.69
37079,"County 079, NC",NC,2023,2578,15037,498159963,326038110,619.8,32229.49,4.57,4.43,1.515,2.55,41956.09
37080,"County 080, NC",NC,2023,24562,69974,3395091774,2417297330,944.17,49096.94,7.6,3.36,0.8802,1.58,53817.04
37081,"County 081, NC",NC,2023,4893,13989,707052940,433733296,937.1,48729.28,-3.09,1.26,0.9159,1.31,52221.65
37082,"County 082, NC",NC,2023,16741,98443,4903336699,3812124667,941.8,48973.71,-3.52,3.95,0.9486,2.63,55429.58
37083,"County 083, NC",NC,2023,805,3173,184206908,118629300,1085.35,56438.01,0.94,1.67,0.9962,1.25,42846.95
37084,"County 084, NC",NC,2023,7216,27098,1306957894,797495506,914.89,47574.25,0.91,5.37,0.6827,1.61,59679.93
37085,"County 085, NC",NC,2023,1239,7095,340021351,238437299,929.66,48342.55,1.7,1.56,0.7753,1.0,55213.5
37086,"County 086, NC",NC,2023,4896,12388,571863113,394246849,923.95,48045.31,1.64,2.96,1.2542,1.0,58636.82
37087,"County 087, NC",NC,2023,51989,184568,9734994970,6445651403,1009.47,52492.49,-2.48,0.51,1.0958,2.99,46893.98
37088,"County 088, NC",NC,2023,4958,9456,483131430,331469409,973.68,50631.26,-0.69,5.06,0.6999,1.72,58259.31
37089,"County 089, NC",NC,2023,31377,82909,2409152696,1546141241,573.35,29814.06,3.15,4.51,1.3669,3.66,41671.96
37090,"County 090, NC",NC,2023,3006,8445,326812292,210564729,776.16,40360.13,0.28,4.47,1.225,2.36,51296.06
37091,"County 091, NC",NC,2023,1576,3929,228952095,141500837,1176.17,61161.0,3.37,2.14,1.0944,1.11,53164.65
37092,"County 092, NC",NC,2023,141052,527243,23017074627,14106804948,815.31,42396.29,-0.23,3.74,0.9861,1.96,44398.43
37093,"County 093, NC",NC,2023,1959,7157,463484061,332409864,1250.87,65045.47,1.09,6.81,1.0828,1.87,61335.53
37094,"County 094, NC",NC,2023,14376,51717,2492880642,1519561269,889.28,46242.65,3.68,2.45,1.0938,2.01,49568.48
37095,"County 095, NC",NC,2023,18124,56470,3615424353,2872940341,1223.88,63641.92,3.19,3.16,0.6903,1.35,45097.97
37096,"County 096, NC",NC,2023,6613,19878,711520389,448659869,715.89,37226.29,0.08,4.78,1.0395,2.28,44208.22
37097,"County 097, NC",NC,2023,34391,89835,4674829380,3188532309,1039.52,54055.11,2.89,4.86,0.856,1.0,58635.6
37098,"County 098, NC",NC,2023,1038,2812,149393969,92814181,1044.28,54302.67,1.76,6.57,1.772,2.08,54398.17
37099,"County 099, NC",NC,2023,6469,20058,888167476,659400589,883.61,45947.77,4.66,5.71,0.8009,2.93,42534.76
37100,"County 100, NC",NC,2023,3905,15330,735541203,516483403,896.53,46619.31,5.92,2.76,2.202,1.56,51955.54
38001,"County 001, ND",ND,2023,22826,132256,8772786215,5521320259,1276.06,66355.04,1.39,3.35,1.4859,5.86,63297.02
38002,"County 002, ND",ND,2023,30448,129714,9109149455,6437525568,1397.34,72661.73,-0.83,7.17,0.6946,4.89,72358.75
38003,"County 003, ND",ND,2023,6526,33127,2279244581,1752980242,1293.77,67275.99,-0.85,4.18,0.6317,6.65,68859.69
38004,"County 004, ND",ND,2023,857,3057,192085211,150334352,1265.63,65812.71,3.05,5.54,1.0921,6.6,74344.72
38005,"County 005, ND",ND,2023,5998,26242,1950333573,1289625334,1386.75,72111.07,0.23,6.72,0.9231,4.72,67380.06
38006,"County 006, ND",ND,2023,764,4166,292343242,181020356,1334.28,69382.78,-2.47,3.97,1.2902,6.72,59550.78
38007,"County 007, ND",ND,2023,8861,14908,998193361,794815864,1246.86,64836.88,1.81,3.62,0.9105,5.44,63233.27
38008,"County 008, ND",ND,2023,24340,133936,8510246272,5652355689,1183.5,61541.85,4.15,2.76,0.9449,7.24,60646.15
38009,"County 009, ND",ND,2023,20332,74290,5712712135,4027493463,1516.54,78860.11,0.87,4.07,1.4014,4.78,62742.85
38010,"County 010, ND",ND,2023,1253,3611,245849767,183713672,1334.6,69399.35,0.86,1.13,1.4755,4.21,74514.73
38011,"County 011, ND",ND,2023,3811,13870,776448424,477261971,1127.9,58651.05,-0.65,4.42,0.3988,4.54,67014.06
38012,"County 012, ND",ND,2023,1352,5032,274187191,210577327,1037.42,53945.62,3.56,3.04,1.404,5.98,63848.83
38013,"County 013, ND",ND,2023,4967,20873,1056704141,652239586,1000.34,52017.51,5.86,2.8,0.7737,5.99,60327.14
38014,"County 014, ND",ND,2023,720,4067,130661002,79149370,646.37,33611.21,-0.65,5.2,1.4429,8.27,51191.26
38015,"County 015, ND",ND,2023,1581,5758,416222698,275261014,1403.9,73002.87,-2.75,2.13,0.5133,6.13,69848.72
38016,"County 016, ND",ND,2023,5709,15170,937050656,574725814,1158.19,60226.11,2.79,8.86,1.8014,4.57,64184.67
38017,"County 017, ND",ND,2023,24785,86351,3766935196,2341885221,829.96,43157.98,1.83,2.0,1.0887,6.06,55802.68
38018,"County 018, ND",ND,2023,1328,6237,391720930,264610948,1260.9,65566.85,3.77,2.23,0.7738,6.04,65907.79
38019,"County 019, ND",ND,2023,5254,15592,906177922,643397943,1093.18,56845.15,-0.53,5.3,1.3801,5.35,59606.24
38020,"County 020, ND",ND,2023,5405,22348,1426340923,947821771,1265.99,65831.53,0.14,5.51,0.8282,4.39,71462.59
38021,"County 021, ND",ND,2023,19984,60739,4573770467,3382669666,1399.23,72760.01,0.11,4.09,1.062,4.98,66729.89
38022,"County 022, ND",ND,2023,1975,4482,326273563,224714464,1367.81,71126.06,1.37,4.15,1.2217,5.49,61971.43
38023,"County 023, ND",ND,2023,17029,109485,6336505174,5068179463,1153.36,59974.65,2.58,4.17,2.6283,6.11,71528.22
38024,"County 024, ND",ND,2023,20263,54237,3459998725,2437099947,1233.14,64123.03,-0.25,2.69,1.3311,6.14,59001.44
38025,"County 025, ND",ND,2023,1137,3548,206704966,153465404,1146.2,59602.62,2.71,6.07,2.7547,6.07,72129.58
38026,"County 026, ND",ND,2023,20643,89526,6114663367,3804405425,1272.11,66149.5,-0.46,4.9,0.8792,4.56,67210.84
38027,"County 027, ND",ND,2023,6815,17304,968199745,621790162,1071.33,55709.09,0.35,3.09,0.5907,6.21,64593.89
38028,"County 028, ND",ND,2023,14795,80144,5249239771,4073706343,1310.79,68161.3,3.5,4.14,0.8573,5.85,73655.9
38029,"County 029, ND",ND,2023,278,600,38701255,27315173,1184.42,61589.87,-0.48,1.61,0.9534,5.49,63163.4
38030,"County 030, ND",ND,2023,5595,27985,1594205097,1143508886,1119.53,58215.61,-0.9,6.43,1.2271,3.91,64422.22
38031,"County 031, ND",ND,2023,6912,31391,2043178466,1624152153,1216.94,63281.04,0.2,6.75,1.0116,7.05,81202.88
38032,"County 032, ND",ND,2023,784,2870,203147227,122016253,1380.11,71765.65,2.93,2.52,0.4158,5.35,64324.22
38033,"County 033, ND",ND,2023,261,1050,64742445,45103129,1246.8,64833.38,5.63,2.57,1.7564,7.16,66353.96
38034,"County 034, ND",ND,2023,3484,14723,1041859448,657444325,1392.48,72409.06,-0.61,2.44,0.9443,6.08,66082.12
38035,"County 035, ND",ND,2023,6242,24711,1652288363,1147875708,1319.26,68601.35,1.13,4.44,1.6122,5.6,77187.54
38036,"County 036, ND",ND,2023,1951,6623,470839202,292364533,1367.88,71129.71,4.58,3.24,1.4557,7.17,70208.74
38037,"County 037, ND",ND,2023,151445,431903,30443441254,20616844070,1328.35,69074.2,0.5,6.89,0.9096,6.48,70196.18
38038,"County 038, ND",ND,2023,1071,4883,267963474,165443338,1015.61,52811.76,-2.75,4.52,1.5282,6.37,56928.28
38039,"County 039, ND",ND,2023,1432,4313,256610658,165589805,1110.55,57748.39,2.53,6.22,1.7377,5.66,65159.52
38040,"County 040, ND",ND,2023,634,2448,164900986,108300897,1264.02,65728.9,-2.22,5.01,0.8714,5.31,73008.98
38041,"County 041, ND",ND,2023,4994,15269,1057611083,726602077,1349.96,70198.04,4.73,2.15,0.7712,5.36,74621.57
38042,"County 042, ND",ND,2023,15556,45574,3085386645,2387164629,1358.4,70636.93,1.27,4.07,1.716,5.58,75529.41
38043,"County 043, ND",ND,2023,2751,10163,694550763,514792982,1307.92,68012.05,2.9,-0.06,1.6566,4.91,69972.0
38044,"County 044, ND",ND,2023,3480,14222,763291384,602034540,1035.3,53835.45,-0.49,4.55,0.698,5.9,62433.51
38045,"County 045, ND",ND,2023,1093,3524,173464454,110612263,993.63,51668.87,2.02,5.1,0.9402,7.18,65003.51
38046,"County 046, ND",ND,2023,11104,25810,1228184538,959615499,933.01,48516.4,1.49,4.44,0.7539,8.23,59118.54
38047,"County 047, ND",ND,2023,1313,6466,401794301,321365087,1193.75,62074.88,1.39,3.65,1.3302,5.76,68428.84
38048,"County 048, ND",ND,2023,794,2165,114024382,77455788,1065.04,55382.28,-0.07,2.87,1.0788,5.44,59700.31
38049,"County 049, ND",ND,2023,3804,18295,996897741,642068173,1033.63,53748.79,3.12,1.4,1.2809,5.73,61961.12
38050,"County 050, ND",ND,2023,54840,313043,17605334862,13351903469,1084.07,56371.89,4.84,5.09,0.7845,8.53,65942.93
38051,"County 051, ND",ND,2023,7314,17266,1133757453,697328701,1265.82,65822.7,-0.41,7.59,1.9919,6.34,67612.15
38052,"County 052, ND",ND,2023,2721,9752,757387915,470826780,1424.93,74096.59,3.93,3.79,0.9327,5.65,62427.98
38053,"County 053, ND",ND,2023,5197,21845,1473917992,897191575,1258.27,65429.81,1.14,8.64,0.7235,6.34,68458.23
39001,"County 001, OH",OH,2023,1238,4463,362868956,242492628,1557.93,81012.53,-2.57,1.47,0.4174,4.68,65435.56
39002,"County 002, OH",OH,2023,5295,15784,1338461609,844565484,1585.14,82427.05,6.6,0.88,0.9763,3.8,66797.15
39003,"County 003, OH",OH,2023,3398,8615,843225358,558254652,1897.14,98651.33,3.77,4.0,1.5995,1.84,64850.72
39004,"County 004, OH",OH,2023,15935,64185,5324864794,4010752637,1602.91,83351.25,5.68,4.11,0.6322,3.32,69755.39
39005,"County 005, OH",OH,2023,327,919,78834877,61270017,1600.18,83209.57,3.97,5.85,0.944,2.53,74035.72
39006,"County 006, OH",OH,2023,8123,37225,3562844203,2674668076,1836.29,95487.16,-0.28,2.5,0.6865,3.05,70728.88
39007,"County 007, OH",OH,2023,1238,4066,343316565,225961822,1550.93,80648.33,1.69,4.13,0.5609,4.26,64261.58
39008,"County 008, OH",OH,2023,228,949,89026467,67017145,1733.69,90151.76,0.08,1.81,1.1017,3.79,71076.71
39009,"County 009, OH",OH,2023,1842,5218,421554122,335819717,1554.54,80836.12,4.49,6.39,0.7855,4.1,73737.96
39010,"County 010, OH",OH,2023,8020,38982,3355846125,2555717019,1601.65,83285.66,3.9,3.26,1.4758,3.84,67224.37
39011,"County 011, OH",OH,2023,8700,28053,2090024502,1591252869,1456.99,75763.69,3.35,3.97,1.1913,2.53,64763.75
39012,"County 012, OH",OH,2023,46577,148932,11539342385,8107762670,1430.4,74380.68,5.66,2.25,0.8536,3.59,72107.75
39013,"County 013, OH",OH,2023,1125,6690,559313079,384293597,1603.29,83370.83,0.9,7.15,2.5696,4.51,74776.82
39014,"County 014, OH",OH,2023,92076,428720,40448904857,28636799822,1804.15,93815.67,-0.13,3.56,0.4993,1.89,68568.91
39015,"County 015, OH",OH,2023,20129,62636,5010246431,3829762844,1594.0,82888.0,3.52,3.23,0.5547,4.03,60456.63
39016,"County 016, OH",OH,2023,3370,16736,1286984562,783000726,1551.51,80678.31,0.76,4.86,0.7861,2.87,69141.96
39017,"County 017, OH",OH,2023,9967,46220,4299877279,3109585933,1750.02,91001.28,7.66,4.07,1.1073,3.49,71404.96
39018,"County 018, OH",OH,2023,1042,5960,556255538,438184228,1789.89,93074.41,5.06,5.2,1.4281,4.21,72888.19
39019,"County 019, OH",OH,2023,5038,20976,1546926703,1119040112,1440.13,74886.5,2.72,3.28,1.2668,4.6,70247.47
39020,"County 020, OH",OH,2023,3116,16302,1281391043,963898249,1568.65,81569.66,1.05,6.39,0.5972,3.21,60784.36
39021,"County 021, OH",OH,2023,23847,99064,8071777531,5190569049,1624.26,84461.7,3.01,1.76,0.85,3.81,73882.27
39022,"County 022, OH",OH,2023,98703,276735,20970438560,15550199042,1512.23,78636.14,3.34,4.57,0.6631,4.71,55665.79
39023,"County 023, OH",OH,2023,27222,96576,9433836293,6084140352,1824.97,94898.34,3.52,0.6,0.7475,3.47,69863.51
39024,"County 024, OH",OH,2023,1160,2808,258934763,173425898,1724.94,89696.81,0.29,7.26,0.7152,1.82,70042.63
39025,"County 025, OH",OH,2023,19468,42302,3058439568,2226994804,1395.88,72585.61,0.61,4.12,0.9805,5.3,59552.69
39026,"County 026, OH",OH,2023,3015,5007,441099325,350490948,1721.59,89522.46,3.04,6.02,1.4636,3.33,67063.28
39027,"County 027, OH",OH,2023,942,7069,476652198,368146124,1273.6,66227.26,-2.71,2.39,1.0316,5.74,55326.13
39028,"County 028, OH",OH,2023,6992,10964,889523725,694142926,1576.79,81993.27,4.76,1.71,0.4962,3.54,70438.34
39029,"County 029, OH",OH,2023,4086,20616,1804662040,1357967513,1622.37,84363.03,-1.1,1.37,0.9582,3.95,70248.81
39030,"County 030, OH",OH,2023,19738,46503,3661904878,2384285241,1569.71,81625.07,2.81,6.87,1.3776,4.34,63926.11
39031,"County 031, OH",OH,2023,11373,31279,1790824874,1186143902,1144.74,59526.66,4.66,0.67,0.9204,5.52,50376.81
39032,"County 032, OH",OH,2023,7153,30077,2290264689,1620960087,1497.47,77868.41,4.97,2.52,1.3918,3.46,64586.94
39033,"County 033, OH",OH,2023,16305,54868,3440303678,2567027128,1234.34,64185.72,3.51,4.24,0.9975,4.86,53376.66
39034,"County 034, OH",OH,2023,13343,62895,3972776891,2589132611,1257.99,65415.36,5.53,3.44,1.3553,4.23,47469.96
39035,"County 035, OH",OH,2023,6255,18130,1296765957,824346362,1444.16,75096.12,-2.6,3.61,0.7704,4.89,52346.88
39036,"County 036, OH",OH,2023,83766,247790,19633814898,15609816190,1587.66,82558.53,-0.13,4.97,0.5128,4.3,64655.89
39037,"County 037, OH",OH,2023,3340,7996,629706356,428443032,1472.57,76573.85,8.38,1.43,1.4608,4.41,71620.84
39038,"County 038, OH",OH,2023,6193,14696,1198217326,899578326,1638.22,85187.4,1.33,2.64,1.1708,2.79,66048.85
39039,"County 039, OH",OH,2023,7380,29461,1976777676,1470716798,1351.18,70261.55,3.02,3.51,1.1384,4.65,64783.74
39040,"County 040, OH",OH,2023,1106,3018,251239210,185123175,1672.37,86963.22,1.65,4.1,1.0126,3.77,68023.73
39041,"County 041, OH",OH,2023,34644,164896,14424821161,10690685175,1644.84,85531.71,3.02,0.95,0.9933,2.31,70492.71
39042,"County 042, OH",OH,2023,6276,16054,1161447153,751740405,1424.85,74092.13,1.33,3.84,0.8229,4.9,63194.16
39043,"County 043, OH",OH,2023,4265,19772,1588112171,1004001695,1515.2,78790.26,6.85,5.95,0.6798,3.62,64765.75
39044,"County 044, OH",OH,2023,6979,32262,2784611698,1949071230,1668.5,86762.16,2.03,1.77,1.239,3.49,72924.04
39045,"County 045, OH",OH,2023,687,3168,252198244,171991586,1554.24,80820.53,0.15,2.63,1.508,1.98,67445.29
39046,"County 046, OH",OH,2023,1261,6201,578184057,460156317,1824.06,94851.14,0.66,0.96,0.9818,3.62,62872.81
39047,"County 047, OH",OH,2023,1613,5024,349157949,253065601,1402.82,72946.47,1.32,1.52,0.9488,3.5,65741.33
39048,"County 048, OH",OH,2023,5617,9451,721772758,520599501,1465.43,76202.52,2.22,4.35,0.5117,2.88,61174.17
39049,"County 049, OH",OH,2023,5093,19410,1588110534,1035303848,1606.71,83549.15,-0.12,4.31,1.0269,2.62,66285.37
39050,"County 050, OH",OH,2023,7401,25956,2321415768,1614105974,1639.56,85256.91,-0.47,2.63,0.5975,3.65,73746.96
39051,"County 051, OH",OH,2023,1250,3169,198643411,146068878,1153.47,59980.23,5.41,2.23,1.2178,4.75,49225.61
39052,"County 052, OH",OH,2023,36784,166831,14240360057,11335192821,1653.0,85956.19,-0.49,6.41,1.0545,2.06,72313.64
39053,"County 053, OH",OH,2023,1463,5689,467486462,350958808,1647.61,85675.76,4.69,6.36,0.917,3.29,63867.4
39054,"County 054, OH",OH,2023,10671,65530,4616636867,2985465196,1335.39,69440.19,-0.91,5.82,0.9437,4.28,62870.06
39055,"County 055, OH",OH,2023,2243,10175,871919902,614134597,1688.46,87799.83,3.36,7.1,1.0263,3.14,78688.46
39056,"County 056, OH",OH,2023,20519,87520,5780119111,3479739135,1239.89,64474.52,-2.12,5.96,0.8886,4.43,50912.24
39057,"County 057, OH",OH,2023,9033,26373,2671904162,1828860854,1926.14,100159.5,4.16,1.97,0.6833,3.6,77561.28
39058,"County 058, OH",OH,2023,4757,20082,1623818517,1047510765,1509.91,78515.16,0.07,5.22,0.5557,3.59,59085.13
39059,"County 059, OH",OH,2023,43328,248012,21297209582,13940147934,1600.6,83230.97,5.96,4.98,0.8487,3.49,69570.51
39060,"County 060, OH",OH,2023,40659,171414,14424822971,10543615392,1577.7,82040.41,4.24,4.33,0.4827,3.0,63978.38
39061,"County 061, OH",OH,2023,64009,106770,9040919761,7029774658,1568.9,81583.01,3.74,4.07,0.8812,3.71,68958.73
39062,"County 062, OH",OH,2023,4962,22381,1827889299,1166342637,1577.38,82023.86,2.86,4.13,0.5121,3.09,62698.57
39063,"County 063, OH",OH,2023,1028,3188,244424069,182155232,1542.15,80191.66,1.44,1.25,1.1124,4.84,62670.28
39064,"County 064, OH",OH,2023,2061,9058,663279122,444386535,1420.03,73841.31,2.55,5.72,1.2809,5.29,59319.56
39065,"County 065, OH",OH,2023,1199,4218,337024623,221659518,1598.75,83134.81,2.05,2.15,1.0123,3.82,67004.39
39066,"County 066, OH",OH,2023,2532,6886,487406406,334330986,1344.87,69933.33,-1.07,2.3,0.8623,4.19,57603.52
39067,"County 067, OH",OH,2023,1116,2501,183351446,119986483,1420.91,73887.54,0.37,7.02,0.4639,3.9,63663.3
39068,"County 068, OH",OH,2023,5773,10613,628812161,441752154,1157.87,60209.41,-0.47,4.79,0.8532,3.87,51734.84
39069,"County 069, OH",OH,2023,365,887,65127468,45302851,1471.09,76496.5,1.17,1.07,1.9507,3.25,56526.22
39070,"County 070, OH",OH,2023,6447,12752,998092495,704493002,1465.16,76188.1,2.96,4.29,1.0593,3.64,67911.58
39071,"County 071, OH",OH,2023,21225,48602,4997171484,3409641132,1891.99,98383.62,3.74,4.59,1.0255,3.44,74999.33
39072,"County 072, OH",OH,2023,3260,14847,1203528883,818624726,1594.58,82918.35,0.26,5.8,1.9698,3.64,75829.83
39073,"County 073, OH",OH,2023,116834,327376,28320774576,17903311489,1651.67,85886.97,5.71,5.28,0.9892,3.61,71901.07
39074,"County 074, OH",OH,2023,14363,50555,3584864234,2362033801,1419.74,73826.53,4.14,2.58,0.9485,3.16,55728.34
39075,"County 075, OH",OH,2023,31317,131604,9990063262,6404994955,1496.83,77834.92,1.52,1.66,0.5822,2.95,64915.64
39076,"County 076, OH",OH,2023,2549,8506,682477147,437768320,1534.54,79796.04,3.68,3.71,0.8039,3.71,73639.08
39077,"County 077, OH",OH,2023,4628,16438,1265889450,935037559,1556.81,80954.1,4.88,0.29,1.1824,3.34,56366.83
39078,"County 078, OH",OH,2023,4449,13431,1115520713,784341510,1646.38,85611.9,4.21,4.19,1.1923,1.92,63037.83
39079,"County 079, OH",OH,2023,5978,10330,918150211,677484957,1762.65,91657.93,1.65,4.01,1.2318,2.66,74715.15
39080,"County 080, OH",OH,2023,2634,16536,1445367045,1073325141,1716.46,89256.09,2.52,6.82,1.1062,2.75,73904.49
39081,"County 081, OH",OH,2023,9711,35423,3334483414,2312988163,1736.43,90294.35,0.81,2.58,0.768,1.53,79548.89
39082,"County 082, OH",OH,2023,822,4314,322563946,243358559,1508.09,78420.84,3.86,2.94,0.4985,2.82,58035.57
39083,"County 083, OH",OH,2023,25908,51956,4506234762,2925168970,1617.5,84109.92,5.85,6.86,1.3243,3.85,65300.1
39084,"County 084, OH",OH,2023,1782,4908,358352573,232046557,1467.18,76293.29,3.0,6.01,1.5648,5.07,65872.56
39085,"County 085, OH",OH,2023,19588,99371,9552497310,7407917042,1785.28,92834.54,3.97,3.95,1.4953,4.3,73637.41
39086,"County 086, OH",OH,2023,1179,5194,428596322,277025751,1595.59,82970.51,2.35,4.04,1.1569,4.63,75996.07
39087,"County 087, OH",OH,2023,26523,87514,5630087905,4274773678,1260.82,65562.49,3.36,2.03,1.9852,4.66,53259.79
39088,"County 088, OH",OH,2023,14489,36475,2964532940,1786265419,1593.25,82848.76,0.63,5.53,1.3407,4.07,62576.83
40001,"County 001, OK",OK,2023,1898,6782,263252122,158930362,749.39,38968.54,1.08,7.5,1.721,5.74,79882.4
40002,"County 002, OK",OK,2023,2245,8923,394309382,310508492,845.88,43985.66,1.07,4.47,1.028,5.07,77211.39
40003,"County 003, OK",OK,2023,1470,7193,276044340,206301990,712.85,37068.26,-4.74,4.68,1.3969,6.38,76323.96
40004,"County 004, OK",OK,2023,692,2526,73683114,46650035,560.11,29125.49,4.71,5.94,1.0585,7.0,59513.53
40005,"County 005, OK",OK,2023,2652,9759,396008823,251769246,780.93,40608.41,2.59,4.36,0.675,6.24,78696.81
40006,"County 006, OK",OK,2023,1280,6360,329339829,213125922,966.3,50247.84,3.7,3.0,1.1952,5.73,73312.04
40007,"County 007, OK",OK,2023,2683,9190,273848210,209064547,577.49,30029.45,3.53,2.63,0.7718,6.38,72968.02
40008,"County 008, OK",OK,2023,18944,68297,3101145230,2383879428,914.09,47532.83,3.6,4.01,0.8775,7.08,75635.89
40009,"County 009, OK",OK,2023,19393,72630,2174863024,1708970509,577.12,30010.38,3.63,1.97,0.5219,7.17,65337.71
40010,"County 010, OK",OK,2023,27928,92825,3475956522,2457517793,740.05,38482.44,2.35,2.12,0.752,6.3,65677.22
40011,"County 011, OK",OK,2023,3187,10578,466125060,370833530,858.49,44641.47,6.84,3.88,0.884,6.54,73900.36
40012,"County 012, OK",OK,2023,13323,59061,2092772708,1413132718,672.33,34961.35,2.14,6.26,0.637,6.54,66340.58
40013,"County 013, OK",OK,2023,1865,7288,374956873,239434980,954.34,49625.81,3.28,4.29,0.9822,5.93,83763.28
40014,"County 014, OK",OK,2023,16954,50745,1816939022,1104600208,688.9,35822.63,2.22,6.15,0.8362,7.01,63736.76
40015,"County 015, OK",OK,2023,4591,16911,789450616,474865176,915.13,47586.87,8.92,7.36,1.3813,4.51,83077.64
40016,"County 016, OK",OK,2023,23311,100960,3522124236,2429202288,652.03,33905.35,-1.22,8.07,0.698,5.85,73385.87
40017,"County 017, OK",OK,2023,2092,11824,373911005,262175353,592.07,30787.45,3.14,4.46,1.3344,6.56,65166.13
40018,"County 018, OK",OK,2023,4534,14776,633210952,386420337,849.33,44165.35,4.9,1.76,1.4442,5.04,66951.07
40019,"County 019, OK",OK,2023,6653,21085,1013117712,704686574,937.13,48730.58,-0.02,5.22,1.6445,5.1,83401.55
40020,"County 020, OK",OK,2023,7595,28727,1151372598,899329074,755.34,39277.78,2.23,5.48,1.7448,6.53,68584.2
40021,"County 021, OK",OK,2023,78372,209212,8566283454,6380314555,759.74,39506.44,0.53,3.85,0.679,6.32,80502.06
40022,"County 022, OK",OK,2023,2444,20227,827240379,621820741,766.29,39846.86,2.68,2.84,0.9974,6.28,69417.87
40023,"County 023, OK",OK,2023,1184,8684,285398606,188993076,620.33,32257.4,3.5,3.71,1.4192,6.64,66242.03
40024,"County 024, OK",OK,2023,1489,7635,494068605,347589293,1191.88,61977.76,1.47,7.11,0.6778,5.3,86323.78
40025,"County 025, OK",OK,2023,1539,6624,251035637,200488011,702.48,36529.19,4.4,4.53,1.213,6.84,76240.33
40026,"County 026, OK",OK,2023,3885,8929,191305832,151700797,423.08,22000.0,2.71,1.59,0.6408,6.78,68117.28
40027,"County 027, OK",OK,2023,2269,8870,409148434,269110314,884.15,45975.85,1.46,3.19,0.9828,6.59,71230.93
40028,"County 028, OK",OK,2023,158331,540227,21065352374,13063654315,737.58,38354.27,6.33,5.57,0.7981,6.51,69475.48
40029,"County 029, OK",OK,2023,5297,17569,641111932,420868329,676.45,35175.26,-4.53,3.53,2.3257,7.33,67910.93
40030,"County 030, OK",OK,2023,6942,36564,1612990687,1218407818,811.82,42214.39,5.99,2.44,0.3058,6.87,76701.26
40031,"County 031, OK",OK,2023,12759,46122,1751797783,1192675179,716.58,37262.1,-2.45,1.61,0.9444,4.75,61731.54
40032,"County 032, OK",OK,2023,3452,15857,855022036,589681839,989.36,51446.77,-1.08,6.14,1.1589,5.41,75435.56
40033,"County 033, OK",OK,2023,888,3086,137180033,90857643,830.48,43184.72,-3.06,3.36,0.6021,6.29,73153.06
40034,"County 034, OK",OK,2023,1056,3002,173705823,114383923,1112.58,57854.42,2.17,4.41,1.4659,6.33,72204.24
40035,"County 035, OK",OK,2023,9203,39302,2016229531,1431491642,1020.19,53049.74,-0.9,5.16,1.6094,4.08,84306.65
40036,"County 036, OK",OK,2023,415,1397,48512500,38593849,696.48,36216.82,0.4,5.89,0.5889,6.93,73237.9
40037,"County 037, OK",OK,2023,28757,128366,3691460502,2797382920,540.29,28095.07,3.1,6.82,1.9167,6.75,69173.25
40038,"County 038, OK",OK,2023,12597,39925,1526036140,968086091,733.58,38146.16,1.78,3.07,0.6721,7.18,74749.86
40039,"County 039, OK",OK,2023,6719,33458,1255550120,950458439,757.82,39406.54,-1.6,2.47,1.0063,7.02,65306.62
40040,"County 040, OK",OK,2023,5402,21696,729114653,582120877,637.25,33137.02,5.07,1.78,0.9367,5.01,70460.38
40041,"County 041, OK",OK,2023,23955,126293,4862273037,3781314209,772.71,40180.7,3.63,1.49,1.0475,5.41,79961.24
40042,"County 042, OK",OK,2023,1277,7113,361070749,272989959,959.44,49891.09,0.2,6.6,0.5127,6.9,75567.8
40043,"County 043, OK",OK,2023,3027,9440,470464518,299565588,913.36,47494.68,3.75,3.16,1.0182,7.21,73005.23
40044,"County 044, OK",OK,2023,8121,28505,1150641325,790464964,788.75,41014.91,-0.54,3.3,1.6012,6.81,66296.56
40045,"County 045, OK",OK,2023,7870,25576,717585549,537231902,560.16,29128.16,2.66,2.21,1.848,6.9,69079.02
40046,"County 046, OK",OK,2023,25367,81944,2394257364,1774596356,573.35,29814.37,4.61,3.87,0.9741,6.79,79814.25
40047,"County 047, OK",OK,2023,771,2816,132227125,83985472,944.35,49106.38,2.55,6.08,1.2835,7.2,78829.63
40048,"County 048, OK",OK,2023,9978,46840,2197357893,1664441214,900.73,46837.72,-0.05,6.11,1.2644,6.0,77116.51
40049,"County 049, OK",OK,2023,1218,4788,168430382,113178190,685.13,35626.54,-2.98,5.3,1.4535,7.05,75126.27
40050,"County 050, OK",OK,2023,2687,19964,647616708,494450221,613.1,31881.06,8.29,4.59,0.6945,6.28,69345.65
40051,"County 051, OK",OK,2023,5079,23096,754288670,472918891,656.5,34138.11,0.18,5.04,1.1435,6.33,74015.4
40052,"County 052, OK",OK,2023,30216,98684,2550875258,2000205573,490.45,25503.37,2.2,-1.62,1.2682,6.44,69907.93
40053,"County 053, OK",OK,2023,3634,11484,484326766,317816951,831.39,43232.28,-0.19,6.66,1.1659,6.89,76452.64
40054,"County 054, OK",OK,2023,1327,4462,219917802,162431521,949.4,49368.97,0.42,1.65,0.7286,5.28,62713.42
40055,"County 055, OK",OK,2023,12665,39908,1008314031,613542220,501.0,26051.99,2.04,-0.16,0.8422,7.49,66583.35
40056,"County 056, OK",OK,2023,12414,41841,1331923920,973201485,620.75,32279.22,3.78,4.73,1.0471,6.55,70583.37
40057,"County 057, OK",OK,2023,18356,26590,1678386235,1228270790,1246.84,64835.56,-0.91,4.35,1.4102,5.1,89044.2
40058,"County 058, OK",OK,2023,310,980,32870090,19906953,676.74,35190.7,0.04,4.48,1.5159,8.3,77861.24
40059,"County 059, OK",OK,2023,5774,26540,1211304316,822926371,884.69,46003.86,-0.33,6.27,0.8933,6.94,72185.42
40060,"County 060, OK",OK,2023,24149,85056,2538186132,1642241722,590.54,30708.09,0.17,2.66,1.2656,7.94,68477.44
40061,"County 061, OK",OK,2023,29415,54249,1764264812,1253169182,647.65,33677.82,1.45,4.36,1.0436,6.73,70694.8
40062,"County 062, OK",OK,2023,1115,3477,145774018,110726717,785.39,40840.07,2.06,3.0,0.9173,7.73,65530.42
40063,"County 063, OK",OK,2023,3944,20379,807278100,486647163,741.84,38575.73,1.82,1.48,1.0636,5.06,69002.07
40064,"County 064, OK",OK,2023,48578,97945,3277260765,2516626016,617.43,32106.61,5.91,1.94,0.952,7.5,74049.33
40065,"County 065, OK",OK,2023,2884,9432,296152201,211638343,607.14,31571.45,0.22,5.46,1.3292,7.52,77089.81
40066,"County 066, OK",OK,2023,3271,25618,1250918597,779748844,907.39,47184.3,4.48,5.63,0.7963,6.86,78550.93
40067,"County 067, OK",OK,2023,8173,32711,1408180824,1079059903,806.92,41960.04,2.53,5.2,1.1949,7.11,69452.78
40068,"County 068, OK",OK,2023,4535,12496,438070933,314726385,656.06,34115.31,-2.16,5.08,1.5442,7.17,80209.73
40069,"County 069, OK",OK,2023,6756,26706,1128549922,781293197,855.41,44481.07,-0.93,4.13,0.5956,5.78,62860.57
40070,"County 070, OK",OK,2023,23386,81552,3869225113,2526691061,957.82,49806.7,1.2,4.81,0.9518,6.31,80528.08
40071,"County 071, OK",OK,2023,19655,71622,2270674185,1739904767,600.14,31207.41,-0.17,4.59,0.8529,5.09,71840.98
40072,"County 072, OK",OK,2023,9548,24396,981942565,595972145,801.04,41654.0,1.6,0.2,1.3358,7.21,81152.71
40073,"County 073, OK",OK,2023,15641,53480,1780869708,1351816000,614.07,31931.65,5.27,2.61,1.177,7.28,70593.36
40074,"County 074, OK",OK,2023,6463,29295,1415186885,1023461448,925.44,48122.64,2.94,0.79,0.973,7.27,72558.79
40075,"County 075, OK",OK,2023,471,2162,86828887,57529501,738.77,38415.88,0.53,6.93,0.9875,7.11,77747.79
40076,"County 076, OK",OK,2023,1783,4449,195653430,121736461,858.16,44624.31,1.18,3.44,0.8317,5.66,72623.13
40077,"County 077, OK",OK,2023,7611,24043,1184896498,905179921,922.56,47973.01,1.31,4.63,1.3514,7.14,78041.65
41001,"County 001, OR",OR,2023,17548,50817,2592521249,1716028347,1025.98,53350.89,4.42,3.14,1.0339,2.87,42117.56
41002,"County 002, OR",OR,2023,309,1219,72370758,52360203,1096.12,56998.38,-0.53,2.8,0.5422,2.44,52250.42
41003,"County 003, OR",OR,2023,275,825,43185859,33242838,1044.36,54306.79,3.12,1.83,0.9653,2.49,53699.9
41004,"County 004, OR",OR,2023,18595,77022,4406192067,2919591555,1074.39,55868.47,-1.71,6.26,0.7799,3.08,46228.46
41005,"County 005, OR",OR,2023,92509,186630,12953577605,9687827049,1382.34,71881.91,6.17,3.06,1.7413,1.76,56852.09
41006,"County 006, OR",OR,2023,5289,17162,1026038576,808811568,1157.47,60188.42,3.56,7.79,1.4838,4.47,53020.48
41007,"County 007, OR",OR,2023,1409,5564,268169879,200178483,893.64,46469.07,5.69,7.73,0.7615,3.8,45159.61
41008,"County 008, OR",OR,2023,819,2518,160038268,119490801,1223.95,63645.35,0.13,3.94,1.2262,2.67,67569.28
41009,"County 009, OR",OR,2023,4097,11789,770021387,570910967,1238.29,64391.27,3.9,2.89,0.515,3.44,52390.52
41010,"County 010, OR",OR,2023,1257,6181,429043867,279103049,1377.36,71622.69,2.03,0.75,1.321,1.6,52885.59
41011,"County 011, OR",OR,2023,1803,9366,599944254,378847475,1283.24,66728.66,3.74,5.69,0.7473,2.59,59460.95
41012,"County 012, OR",OR,2023,13343,72896,3748454070,2824045979,969.36,50406.81,5.45,3.52,0.8119,2.04,42853.86
41013,"County 013, OR",OR,2023,13750,49055,2697790348,1655737358,1085.33,56436.97,2.6,6.55,1.0479,1.52,56396.59
41014,"County 014, OR",OR,2023,2444,10516,811249761,565043547,1533.66,79750.43,5.26,4.53,0.716,2.74,64321.13
41015,"County 015, OR",OR,2023,1157,4213,291878034,189203040,1269.57,66017.65,-0.05,5.52,0.9951,3.38,51913.2
41016,"County 016, OR",OR,2023,12670,37441,3211439467,2073390799,1665.71,86617.1,4.15,4.57,1.4161,2.09,64150.16
41017,"County 017, OR",OR,2023,5290,27363,1546755124,1020104590,1118.74,58174.25,2.14,2.36,1.2848,2.36,56262.76
41018,"County 018, OR",OR,2023,3318,11891,642948090,436383094,1089.28,56642.68,4.73,3.77,1.2278,2.61,47782.9
41019,"County 019, OR",OR,2023,3522,9124,491577191,352996553,1020.14,53047.26,6.05,5.19,0.9789,3.37,49674.56
41020,"County 020, OR",OR,2023,11594,26544,1635723270,1300589414,1134.3,58983.83,6.13,6.65,1.0584,2.04,48378.47
41021,"County 021, OR",OR,2023,525,1457,115775737,73091828,1527.37,79423.43,9.33,3.21,0.8857,1.17,56973.31
41022,"County 022, OR",OR,2023,1434,7160,487462471,342268672,1300.67,67634.6,6.89,1.24,1.9662,1.82,57681.78
41023,"County 023, OR",OR,2023,48029,149342,9003401761,6524886086,1111.04,57773.82,2.41,4.38,0.694,1.96,52371.87
41024,"County 024, OR",OR,2023,2047,9613,721529022,567323391,1469.82,76430.47,-5.29,2.36,0.5124,2.88,65029.29
41025,"County 025, OR",OR,2023,9760,25183,1605111710,996892693,1169.04,60789.99,5.28,7.58,0.9812,2.24,65593.99
41026,"County 026, OR",OR,2023,785,3364,223356408,154307848,1220.64,63473.32,-0.22,2.48,0.906,2.85,57988.48
41027,"County 027, OR",OR,2023,1469,6742,493696497,393460674,1397.53,72671.42,8.53,2.52,1.434,3.25,52135.93
41028,"County 028, OR",OR,2023,128,329,22110854,14252935,1318.77,68576.07,5.59,3.9,0.8753,2.25,51520.91
41029,"County 029, OR",OR,2023,2385,9584,509222139,387047966,1035.02,53820.82,2.6,4.45,0.3911,3.28,49848.69
41030,"County 030, OR",OR,2023,3401,8770,561158238,417739040,1243.6,64667.12,5.89,4.53,0.9156,4.41,60404.78
41031,"County 031, OR",OR,2023,5517,7760,500614683,322666684,1241.67,64566.98,5.36,5.13,1.0089,1.89,57470.65
41032,"County 032, OR",OR,2023,3609,7929,624319711,440392416,1493.95,77685.36,-1.18,7.62,0.9979,1.0,66138.72
41033,"County 033, OR",OR,2023,1629,4372,246190243,149340719,1121.61,58323.55,8.97,3.36,1.1747,5.05,52510.97
41034,"County 034, OR",OR,2023,1445,3420,215557401,135131934,1272.79,66184.88,2.28,4.23,1.8498,4.26,55149.17
41035,"County 035, OR",OR,2023,3275,5043,371139937,250505383,1403.01,72956.65,6.56,3.35,0.6788,3.56,63588.71
41036,"County 036, OR",OR,2023,45425,145891,9838631006,7433355399,1269.4,66009.05,2.56,3.43,0.8715,2.66,53666.74
42001,"County 001, PA",PA,2023,1853,11076,552706321,370444603,1006.62,52344.3,-2.72,7.85,0.9222,5.81,54931.39
42002,"County 002, PA",PA,2023,954,3556,292189376,192896743,1558.4,81036.74,3.53,3.75,1.1987,4.21,73818.97
42003,"County 003, PA",PA,2023,16682,27141,1225744012,785789341,873.07,45399.7,0.2,2.28,0.9918,5.22,55624.63
42004,"County 004, PA",PA,2023,21425,57565,3929402404,2622688953,1288.56,67004.88,3.09,5.24,1.2868,3.77,64679.95
42005,"County 005, PA",PA,2023,722,5675,344441680,243712290,1188.93,61824.12,1.7,2.58,0.939,3.36,51255.91
42006,"County 006, PA",PA,2023,54305,111524,6989844490,5151503946,1149.34,59765.57,3.93,5.29,1.2726,5.22,70620.67
42007,"County 007, PA",PA,2023,125745,995258,61179521150,47656252249,1189.05,61830.8,1.16,7.76,0.8268,3.33,70289.39
42008,"County 008, PA",PA,2023,22290,66616,3902222102,2367838015,1171.3,60907.75,4.04,5.74,0.9682,4.79,56900.66
42009,"County 009, PA",PA,2023,9180,33441,2278467687,1615774685,1325.93,68948.56,2.85,4.79,0.7479,2.96,67646.37
42010,"County 010, PA",PA,2023,112413,304064,23487809798,18694543378,1472.1,76549.06,-0.17,2.92,1.3409,1.45,67862.92
42011,"County 011, PA",PA,2023,107,305,16814470,12396274,1028.03,53457.57,-4.28,3.21,1.0799,3.61,62927.56
42012,"County 012, PA",PA,2023,5790,25422,1779460080,1137286661,1356.83,70555.28,4.33,4.55,1.7985,3.1,63653.54
42013,"County 013, PA",PA,2023,11543,53781,3854573198,2613968412,1414.15,73535.98,-1.02,7.15,1.1791,3.86,67627.6
42014,"County 014, PA",PA,2023,3119,7829,480084464,368288913,1224.9,63694.66,6.45,4.87,1.1227,4.49,53709.54
42015,"County 015, PA",PA,2023,555,2268,146069835,105557431,1180.03,61361.51,0.4,4.55,1.0968,3.12,67606.73
42016,"County 016, PA",PA,2023,5237,28197,1778673687,1321573384,1210.64,62953.54,2.11,7.59,1.3153,4.3,66942.63
42017,"County 017, PA",PA,2023,15622,62785,3295163499,1996883423,985.65,51253.94,1.43,3.2,1.4335,4.62,66551.19
42018,"County 018, PA",PA,2023,799,4038,267384321,205405423,1335.44,69442.68,6.23,1.19,1.4242,3.28,67246.09
42019,"County 019, PA",PA,2023,8092,35330,2208940853,1368850452,1202.76,62543.61,5.02,0.73,0.5477,4.9,61997.27
42020,"County 020, PA",PA,2023,991,3407,183522288,136165771,1074.64,55881.11,3.39,6.4,0.6485,3.42,65107.51
42021,"County 021, PA",PA,2023,14973,60330,4379474454,2863247900,1383.9,71962.99,-2.98,5.08,0.6874,3.43,66431.42
42022,"County 022, PA",PA,2023,2078,13289,848167904,548098756,1269.94,66036.65,6.71,2.19,0.6146,4.59,62415.56
42023,"County 023, PA",PA,2023,1124,3251,201277273,140103570,1134.36,58986.81,3.04,5.81,0.479,4.34,56970.97
42024,"County 024, PA",PA,2023,18997,54449,3272816532,2279240943,1160.25,60333.04,5.21,2.89,1.4906,4.88,65557.3
42025,"County 025, PA",PA,2023,2356,9040,383032554,234593037,831.27,43225.88,2.19,3.66,0.9862,4.08,54221.68
42026,"County 026, PA",PA,2023,175,1120,72208645,47614201,1267.48,65909.17,4.19,1.63,0.9531,2.88,62860.52
42027,"County 027, PA",PA,2023,14893,56675,3850938167,2409609234,1326.02,68953.19,0.86,5.14,1.2526,4.81,65455.26
42028,"County 028, PA",PA,2023,3971,8100,365056953,222307188,863.28,44890.51,0.58,3.36,0.7434,5.46,54495.13
42029,"County 029, PA",PA,2023,3594,14128,940866180,730147230,1295.78,67380.38,4.94,3.49,1.304,5.03,61878.16
42030,"County 030, PA",PA,2023,32607,99481,6131062823,4097587219,1194.61,62119.69,3.73,1.96,0.8883,3.87,55138.97
42031,"County 031, PA",PA,2023,4868,10098,572372614,386532632,1095.73,56978.03,2.51,5.14,1.0237,6.08,61932.61
42032,"County 032, PA",PA,2023,1189,3991,261486164,202013467,1249.8,64989.55,0.23,5.46,1.1195,3.49,62459.7
42033,"County 033, PA",PA,2023,1937,7343,499569833,376060864,1306.6,67943.24,1.06,2.88,0.5839,4.02,67998.36
42034,"County 034, PA",PA,2023,1355,4781,310280367,201329106,1296.44,67414.65,9.15,2.94,0.9175,4.4,59783.11
42035,"County 035, PA",PA,2023,5849,16046,843498825,568399960,1037.1,53929.17,4.76,5.01,1.1297,2.72,54524.02
42036,"County 036, PA",PA,2023,601,3693,221727932,147220057,1165.84,60623.94,4.67,7.51,1.2713,4.07,70293.81
42037,"County 037, PA",PA,2023,189,781,47263272,31715715,1184.22,61579.28,-0.7,1.57,1.7209,4.04,70569.99
42038,"County 038, PA",PA,2023,9664,38888,2471220503,1808536862,1197.45,62267.18,-0.33,5.12,0.9646,3.5,65501.52
42039,"County 039, PA",PA,2023,2076,8257,384029431,284121297,880.63,45792.98,0.97,6.37,0.9307,4.84,53172.79
42040,"County 040, PA",PA,2023,1140,3450,187559308,122177070,1071.89,55738.25,5.03,3.78,1.2144,4.61,66112.41
42041,"County 041, PA",PA,2023,2163,9218,513563406,371700215,1109.67,57702.77,-0.05,6.56,0.8417,5.43,63407.88
42042,"County 042, PA",PA,2023,3408,15073,865318931,544255993,1159.25,60281.0,-1.12,3.84,1.5557,4.98,61252.86
42043,"County 043, PA",PA,2023,1970,7534,412956139,260691591,1096.19,57001.71,-1.42,5.37,1.1459,5.07,58176.92
42044,"County 044, PA",PA,2023,4146,11270,742222181,451044894,1217.97,63334.44,2.39,2.53,1.0502,3.75,65597.72
42045,"County 045, PA",PA,2023,5609,28864,1621195304,1023554704,1060.35,55138.18,4.72,5.06,0.8621,4.97,60467.79
42046,"County 046, PA",PA,2023,18577,86357,4684007394,3388352679,996.61,51823.91,-0.06,3.95,0.8995,4.46,55836.35
42047,"County 047, PA",PA,2023,636,2896,177979092,126522107,1147.22,59655.64,4.76,3.61,0.8705,5.57,46935.4
42048,"County 048, PA",PA,2023,14540,28117,1578490119,1088494754,1093.65,56869.69,1.89,5.3,1.5251,3.98,62935.4
42049,"County 049, PA",PA,2023,13990,30708,2101900836,1400348327,1323.97,68846.59,4.99,5.47,0.6605,3.6,66503.24
42050,"County 050, PA",PA,2023,8197,15511,881576390,645101805,1121.32,58308.79,3.79,9.83,1.4322,4.6,61524.83
42051,"County 051, PA",PA,2023,5920,20203,1281032587,854186167,1188.58,61806.1,2.07,2.42,1.0985,4.2,61171.15
42052,"County 052, PA",PA,2023,3066,14064,888184531,668300434,1270.92,66088.02,3.75,3.32,2.4923,4.12,57541.53
42053,"County 053, PA",PA,2023,950,4217,210299980,165505978,988.05,51378.72,1.1,5.01,0.5549,4.4,52702.1
42054,"County 054, PA",PA,2023,1983,3764,253892665,156196409,1333.02,69317.04,2.54,7.14,2.3746,3.58,65992.92
42055,"County 055, PA",PA,2023,1014,2699,129873254,81925477,910.56,47349.02,0.9,2.6,1.1599,6.2,57310.44
42056,"County 056, PA",PA,2023,1250,5778,290760051,193146280,949.31,49364.04,2.31,4.37,1.0204,4.31,50334.69
42057,"County 057, PA",PA,2023,38337,108700,6113084524,4179382074,1101.96,57301.96,3.12,5.7,2.2078,3.72,63053.19
42058,"County 058, PA",PA,2023,2102,11009,882988644,595846566,1484.42,77189.83,2.29,3.52,0.6709,3.34,72163.87
42059,"County 059, PA",PA,2023,51,203,10913776,7150596,1042.8,54225.44,1.38,5.47,1.3956,4.33,55808.52
42060,"County 060, PA",PA,2023,2189,16022,1019782002,636209742,1268.18,65945.48,1.95,2.74,0.979,2.19,61325.64
42061,"County 061, PA",PA,2023,3230,11180,783834588,504811049,1392.31,72400.21,-1.92,2.88,0.6124,4.35,66110.97
42062,"County 062, PA",PA,2023,27255,108314,7333040771,5197375341,1363.16,70884.29,4.98,5.41,1.1545,4.78,65568.06
42063,"County 063, PA",PA,2023,4813,13789,656659096,507877932,899.38,46767.94,-0.4,6.08,1.4024,4.67,39829.66
42064,"County 064, PA",PA,2023,13401,44413,2649674040,2104816026,1130.38,58779.68,0.66,4.38,1.1256,4.94,53430.1
42065,"County 065, PA",PA,2023,1964,11447,574059915,352472713,956.77,49751.78,6.38,4.74,0.6912,6.46,57726.97
42066,"County 066, PA",PA,2023,4765,13786,717602872,539669626,1025.21,53311.0,3.86,4.88,1.0593,4.16,54993.4
42067,"County 067, PA",PA,2023,8650,29648,1865173586,1212532500,1194.86,62132.75,0.14,4.28,0.8963,4.06,67760.98
44001,"County 001, RI",RI,2023,5858,13513,798874399,599756550,1116.95,58081.27,3.07,6.18,0.5988,5.22,77607.93
44002,"County 002, RI",RI,2023,997,5730,334405693,250977937,1123.39,58416.16,0.8,5.81,1.0007,4.02,94755.81
44003,"County 003, RI",RI,2023,1979,5373,354132399,253000685,1220.61,63471.69,4.82,3.59,0.7983,3.87,78229.49
44004,"County 004, RI",RI,2023,18310,29386,1567388681,1018004026,1008.34,52433.89,-3.92,4.0,0.6588,5.43,82298.23
44005,"County 005, RI",RI,2023,4476,8503,464441030,295358720,1030.83,53603.04,2.51,2.88,1.1715,5.61,70004.61
45001,"County 001, SC",SC,2023,9836,37887,1842748516,1206651329,907.66,47198.31,-0.01,4.55,0.5101,3.59,48426.76
45002,"County 002, SC",SC,2023,457,1887,102510832,64560141,1025.16,53308.56,3.46,2.91,1.0003,1.38,51034.86
45003,"County 003, SC",SC,2023,14449,65411,3494009858,2242844780,1003.13,52163.01,-2.52,4.39,0.7224,2.01,59815.29
45004,"County 004, SC",SC,2023,37463,221478,10367501865,7102301707,881.05,45814.57,2.0,4.86,0.8439,5.62,54438.16
45005,"County 005, SC",SC,2023,12300,60995,2813208393,1822797373,917.07,47687.78,0.44,3.42,0.5764,2.93,55701.94
45006,"County 006, SC",SC,2023,37678,92574,4527869132,3029212442,956.1,49717.39,1.52,2.63,1.0683,2.51,56161.16
45007,"County 007, SC",SC,2023,474,1542,55988942,34807451,668.53,34763.56,2.55,6.31,1.2373,4.19,51651.74
45008,"County 008, SC",SC,2023,12486,29094,1761624019,1345829718,1146.04,59594.13,0.09,7.61,1.2223,2.39,52452.89
45009,"County 009, SC",SC,2023,1153,3447,199295232,149760002,1153.73,59993.96,-2.3,2.42,0.4597,3.97,51439.88
45010,"County 010, SC",SC,2023,36874,118704,6189793187,4505693463,1007.19,52374.04,-3.25,5.12,1.1593,4.02,48854.0
45011,"County 011, SC",SC,2023,5920,25102,1232869977,874845326,985.2,51230.53,1.98,4.53,1.0037,3.25,61330.61
45012,"County 012, SC",SC,2023,9400,41416,2418035725,1550204815,1138.83,59219.23,6.52,5.65,0.7726,2.27,57329.25
45013,"County 013, SC",SC,2023,812,4318,151204629,94919719,696.21,36202.79,0.53,1.34,1.1318,4.39,44509.99
45014,"County 014, SC",SC,2023,5402,26139,1205466490,745479440,874.33,45465.29,2.17,2.93,0.863,3.33,49480.81
45015,"County 015, SC",SC,2023,771,2661,127635007,93848655,935.67,48654.82,2.03,1.56,0.8369,2.21,51765.39
45016,"County 016, SC",SC,2023,48365,178719,7459485583,4833424180,784.46,40791.86,2.79,1.44,0.8501,3.79,47001.7
45017,"County 017, SC",SC,2023,2280,8009,411483470,280451864,990.49,51505.36,0.07,1.87,1.5267,3.02,53775.11
45018,"County 018, SC",SC,2023,3368,13610,750404239,542270365,1107.09,57568.78,4.15,2.5,1.6149,4.1,54641.95
45019,"County 019, SC",SC,2023,248,951,49897225,30387249,1018.0,52935.83,-0.79,1.46,0.8215,2.47,55281.53
45020,"County 020, SC",SC,2023,1409,3305,209339927,162476093,1185.99,61671.4,-0.61,4.91,1.0118,3.28,67306.62
45021,"County 021, SC",SC,2023,12771,32538,1506426166,1033573822,888.2,46186.3,-0.9,2.29,0.9641,2.81,54493.23
45022,"County 022, SC",SC,2023,5299,24208,1203710615,908044748,916.79,47673.31,1.55,1.45,1.283,2.89,48422.81
45023,"County 023, SC",SC,2023,714,2616,112050569,76413325,855.87,44505.31,-2.17,5.27,0.863,3.29,57545.12
45024,"County 024, SC",SC,2023,570,3299,222696027,143193840,1355.34,70477.66,-0.72,1.86,1.0076,1.86,67255.5
45025,"County 025, SC",SC,2023,1289,5889,188139447,127031424,603.7,31392.23,-2.24,1.53,0.9944,3.7,44593.04
45026,"County 026, SC",SC,2023,5427,22256,780015837,507967432,665.34,34597.5,0.17,7.24,1.0586,3.91,49595.78
45027,"County 027, SC",SC,2023,3318,22382,917967062,636962493,819.58,42618.01,4.32,2.17,0.7301,3.73,46283.39
45028,"County 028, SC",SC,2023,1483,5892,327332789,246740471,1082.06,56267.08,0.52,4.93,1.0007,4.26,50269.55
45029,"County 029, SC",SC,2023,2763,12198,799937192,631161502,1321.8,68733.49,-0.56,3.24,0.6728,1.19,71682.0
45030,"County 030, SC",SC,2023,3820,18719,675116342,487173455,723.49,37621.54,3.85,0.83,0.6618,2.23,44010.81
45031,"County 031, SC",SC,2023,16694,54487,2812429258,1884040530,1000.98,52051.15,-0.86,4.54,1.3354,2.61,55781.06
45032,"County 032, SC",SC,2023,6866,26739,1050508131,770287540,777.07,40407.38,-3.36,3.04,0.5774,4.33,49605.59
45033,"County 033, SC",SC,2023,1269,5713,343165677,238912324,1117.28,58098.55,0.15,4.26,0.7732,1.45,51242.37
45034,"County 034, SC",SC,2023,868,3608,181823693,111340539,931.19,48421.64,0.7,2.67,1.0181,2.27,55700.64
45035,"County 035, SC",SC,2023,2212,7373,361963280,249014036,900.84,46843.76,1.86,5.51,1.5044,5.12,49400.17
45036,"County 036, SC",SC,2023,18896,59107,3041400219,2361414607,1029.43,53530.33,2.92,6.64,2.402,3.22,61884.99
45037,"County 037, SC",SC,2023,4111,14923,573500189,392176633,708.22,36827.62,-1.99,6.6,0.6781,4.12,46027.41
45038,"County 038, SC",SC,2023,20044,52417,2805161325,2069714935,1044.1,54293.13,-2.04,3.61,0.8843,3.26,53539.51
45039,"County 039, SC",SC,2023,29685,148867,5790339560,4439389918,783.44,40738.87,0.71,1.42,1.5715,3.76,50552.5
45040,"County 040, SC",SC,2023,654,3015,109549021,72732080,683.77,35555.98,-2.24,3.18,1.2006,4.58,56578.42
45041,"County 041, SC",SC,2023,5592,20643,1058572389,783432717,1016.13,52838.83,1.91,6.52,1.0094,2.57,53068.43
45042,"County 042, SC",SC,2023,828,3537,190877336,122951105,1007.76,52403.57,-1.02,7.09,1.2466,3.45,51791.52
45043,"County 043, SC",SC,2023,3502,13505,609940467,466338036,882.34,45881.86,0.11,2.27,0.9,2.15,56184.65
45044,"County 044, SC",SC,2023,26851,55821,3002349079,2218594296,995.7,51776.58,2.34,4.94,0.8504,3.54,51360.91
45045,"County 045, SC",SC,2023,15288,38228,1772530262,1274287294,901.36,46870.56,-1.28,1.52,1.0042,4.25,55008.72
45046,"County 046, SC",SC,2023,1346,5336,254879821,196774870,965.32,50196.39,-2.34,3.72,0.84,3.31,54718.95
46001,"County 001, SD",SD,2023,3037,9683,545997845,397909784,1038.65,54009.67,1.49,3.92,1.2869,1.0,49987.16
46002,"County 002, SD",SD,2023,1002,5454,339131899,244787164,1193.59,62066.87,0.85,2.17,0.6042,2.49,51910.19
46003,"County 003, SD",SD,2023,9775,31735,2340053996,1667234140,1368.81,71177.98,2.72,6.5,0.649,1.0,61480.69
46004,"County 004, SD",SD,2023,5480,24454,1449616784,1100934942,1138.56,59205.35,-4.67,4.85,1.3539,1.68,54325.53
46005,"County 005, SD",SD,2023,2660,7568,553696779,404427776,1361.61,70803.6,7.24,6.59,0.7943,1.8,50545.54
46006,"County 006, SD",SD,2023,108893,162985,10527675933,7594845735,1247.78,64884.49,-2.33,8.58,0.895,1.08,56234.7
46007,"County 007, SD",SD,2023,4973,27958,1973831018,1352832036,1298.41,67517.18,3.68,2.71,1.1479,1.0,58425.78
46008,"County 008, SD",SD,2023,5521,30516,1773422739,1078963783,1157.68,60199.34,-0.41,3.98,0.8425,3.12,61398.86
46009,"County 009, SD",SD,2023,195133,1004218,53680915973,42204876686,1049.95,54597.42,-2.4,3.56,1.9227,1.91,55191.15
46010,"County 010, SD",SD,2023,2545,17436,1085401207,656316819,1198.05,62298.36,0.29,4.47,0.7078,3.4,54770.17
46011,"County 011, SD",SD,2023,29851,84093,5318607885,3995523834,1259.92,65515.99,2.44,1.51,1.096,2.62,61204.16
46012,"County 012, SD",SD,2023,2641,14181,855957451,534251798,1136.15,59080.04,1.11,3.81,2.6312,3.27,60768.42
46013,"County 013, SD",SD,2023,6554,28520,1777942307,1378266593,1246.69,64827.96,0.7,3.52,0.5852,1.9,50117.07
46014,"County 014, SD",SD,2023,1705,9755,678993891,468559871,1334.01,69368.61,-1.56,3.28,0.8574,1.0,59490.87
46015,"County 015, SD",SD,2023,23636,71505,3958913464,2873181439,1086.01,56472.28,0.77,4.63,1.1664,3.71,54327.33
46016,"County 016, SD",SD,2023,779,1565,99447740,59770532,1228.02,63857.05,1.21,3.13,1.4467,1.65,52832.22
46017,"County 017, SD",SD,2023,4759,9986,531287133,389472596,984.17,51177.04,3.52,2.63,1.7193,3.61,45288.18
46018,"County 018, SD",SD,2023,1113,5705,392631980,238580199,1322.14,68751.29,-5.38,2.6,1.213,1.0,65963.88
46019,"County 019, SD",SD,2023,5281,22570,1416368467,1040822362,1264.0,65727.8,-5.81,6.14,1.0022,2.86,61291.46
46020,"County 020, SD",SD,2023,1365,9050,561401800,425959024,1216.29,63247.02,0.9,4.95,0.6992,2.88,57050.99
46021,"County 021, SD",SD,2023,21633,60041,4202083142,3244236860,1305.42,67881.98,0.64,5.08,0.8319,3.07,50750.74
46022,"County 022, SD",SD,2023,2121,11138,584314078,448797369,1023.11,53201.62,-2.25,1.92,1.0719,3.45,55183.75
46023,"County 023, SD",SD,2023,1737,5914,378273055,233727105,1231.35,64030.02,5.11,3.54,0.5699,1.51,57938.02
46024,"County 024, SD",SD,2023,265,743,49995210,36253571,1296.43,67414.55,-2.54,7.87,1.1969,2.04,62065.15
46025,"County 025, SD",SD,2023,3865,9191,575516209,398393860,1186.59,61702.82,-0.48,1.55,2.466,1.08,55892.35
46026,"County 026, SD",SD,2023,1236,7230,499526552,336737873,1347.65,70077.69,2.85,4.72,1.0451,1.96,67265.01
46027,"County 027, SD",SD,2023,10045,49583,2888383924,1872391601,1101.86,57296.62,0.07,1.01,0.553,2.33,61574.12
46028,"County 028, SD",SD,2023,12324,31041,2150067093,1300795279,1290.22,67091.42,-0.34,2.82,0.9771,1.69,55265.8
46029,"County 029, SD",SD,2023,4056,17218,955775951,644368092,1120.31,58255.99,2.76,5.52,0.6926,2.79,62059.54
46030,"County 030, SD",SD,2023,1676,4287,238428078,182885928,1076.64,55985.32,-1.6,3.29,0.7696,3.41,49509.45
46031,"County 031, SD",SD,2023,737,2448,175654190,105956812,1388.34,72193.86,6.2,3.26,0.821,1.61,63749.98
46032,"County 032, SD",SD,2023,1611,6264,341966309,229978453,1083.94,56364.73,-0.89,3.17,0.8943,2.4,56150.91
46033,"County 033, SD",SD,2023,26768,94476,5503656682,3728118666,1093.76,56875.55,-2.98,5.64,0.7755,3.14,41635.64
46034,"County 034, SD",SD,2023,23064,81297,4537109143,2949436786,1057.5,54989.98,0.74,7.47,1.5787,3.18,57381.57
46035,"County 035, SD",SD,2023,1481,7804,446394693,306913008,1059.87,55113.16,0.03,3.52,0.6723,3.76,46791.28
46036,"County 036, SD",SD,2023,185,793,46862581,36551242,1095.57,56969.79,-2.63,4.68,0.8829,2.56,49677.12
46037,"County 037, SD",SD,2023,1914,5470,298522619,180469310,1034.99,53819.35,1.56,2.93,0.9732,2.94,47784.93
46038,"County 038, SD",SD,2023,3338,14359,881141206,670536345,1180.97,61410.24,-0.59,4.35,0.743,2.18,62825.27
46039,"County 039, SD",SD,2023,1615,7552,552480686,400907675,1413.08,73479.95,-4.15,3.06,1.0963,1.0,59454.91
46040,"County 040, SD",SD,2023,6038,22638,1502032861,1188876162,1240.89,64526.29,-5.65,3.28,1.0352,3.11,58083.8
46041,"County 041, SD",SD,2023,11183,23476,1255535014,949202304,980.4,50980.62,0.69,3.34,0.8145,2.9,52602.88
46042,"County 042, SD",SD,2023,566,3022,160427934,111120382,988.39,51396.4,-5.54,4.65,1.3736,3.52,53127.52
46043,"County 043, SD",SD,2023,50344,229186,16959054865,11756636868,1392.53,72411.78,-1.43,4.63,0.5146,2.76,63867.27
46044,"County 044, SD",SD,2023,121,520,31154867,19601179,1168.97,60786.18,1.83,4.76,0.9487,3.14,52456.71
46045,"County 045, SD",SD,2023,5269,18035,1059276768,671227747,1143.4,59456.69,1.96,2.84,1.7314,1.84,59968.9
46046,"County 046, SD",SD,2023,5859,24694,1472460434,1143447164,1116.71,58068.86,3.09,2.98,0.8712,1.05,57961.61
46047,"County 047, SD",SD,2023,24306,52293,3485082496,2726647083,1324.12,68854.35,-4.47,1.82,0.6427,2.82,55682.65
46048,"County 048, SD",SD,2023,3155,18610,855358638,622262738,868.51,45162.31,-2.97,6.14,1.0163,3.97,50725.61
46049,"County 049, SD",SD,2023,1486,3702,287278819,199110558,1516.97,78882.61,0.85,4.56,1.5024,2.33,63300.28
46050,"County 050, SD",SD,2023,240,1471,110240591,76536529,1427.69,74240.11,3.21,2.53,0.5884,1.0,51846.94
46051,"County 051, SD",SD,2023,2350,8104,464698441,366724851,1090.16,56688.33,0.16,1.8,1.4638,2.47,57516.86
46052,"County 052, SD",SD,2023,6880,20532,1523816142,1005642185,1375.97,71550.2,4.6,5.52,0.5936,1.52,66977.73
46053,"County 053, SD",SD,2023,2441,10248,520062368,341264595,959.8,49909.5,0.1,3.4,1.2336,2.8,58274.43
46054,"County 054, SD",SD,2023,2245,5725,352395485,271137501,1222.39,63564.49,-3.32,3.84,0.8088,3.74,53395.39
46055,"County 055, SD",SD,2023,8592,21005,1009247965,682184750,948.25,49308.9,2.16,5.34,1.4341,2.54,47557.32
46056,"County 056, SD",SD,2023,1148,3726,195438554,140150472,1020.74,53078.22,-0.01,1.76,1.561,2.03,59895.04
46057,"County 057, SD",SD,2023,8376,22831,1281071460,940726867,1034.7,53804.58,6.74,2.2,0.6335,1.86,53985.71
46058,"County 058, SD",SD,2023,1697,6680,433650778,322240449,1201.67,62486.77,-1.61,2.43,0.8484,1.72,47626.97
46059,"County 059, SD",SD,2023,5816,22415,1469509811,1042206289,1235.97,64270.3,1.53,0.93,1.6688,1.06,51843.43
46060,"County 060, SD",SD,2023,12117,35195,1943200285,1276927806,1116.3,58047.8,0.57,3.92,0.838,2.1,45473.47
46061,"County 061, SD",SD,2023,3446,28517,1735528165,1238455767,1188.1,61781.2,-1.59,2.12,0.7565,3.54,58270.16
46062,"County 062, SD",SD,2023,7408,25326,1562135836,1064153303,1170.41,60861.2,0.01,4.43,1.1168,1.99,53972.07
46063,"County 063, SD",SD,2023,18864,71013,4163784001,2907509193,1172.17,60952.99,0.89,1.54,1.1465,2.11,48650.02
46064,"County 064, SD",SD,2023,5796,26698,1772303007,1224340827,1289.84,67071.46,-0.65,5.62,0.987,2.93,57619.44
46065,"County 065, SD",SD,2023,966,4214,323516003,198446597,1412.33,73441.33,1.58,5.93,1.2916,2.41,61260.5
46066,"County 066, SD",SD,2023,126007,220956,15839872665,9777355516,1366.51,71058.28,0.03,6.49,1.2867,1.63,68133.0
47001,"County 001, TN",TN,2023,43005,115922,7172814961,4329873138,1197.61,62275.71,-0.52,2.16,0.7454,4.01,63124.97
47002,"County 002, TN",TN,2023,4497,9798,548290921,355406351,1088.56,56605.04,5.61,2.83,1.4158,3.33,68660.97
47003,"County 003, TN",TN,2023,11903,29613,1374507554,1009634793,890.73,46318.2,4.48,4.3,0.4628,6.18,66556.53
47004,"County 004, TN",TN,2023,7269,27424,1624585448,1244217128,1181.46,61436.06,2.73,3.8,0.539,4.84,72335.54
47005,"County 005, TN",TN,2023,16916,48338,3451265419,2568684248,1326.21,68962.84,1.07,2.58,0.8901,3.26,63258.05
47006,"County 006, TN",TN,2023,8562,29297,1350031673,836423240,917.73,47721.93,2.88,1.17,0.7227,4.8,65598.34
47007,"County 007, TN",TN,2023,18288,60715,3761699436,2474240595,1219.7,63424.23,-0.97,2.72,1.34,5.32,63507.16
47008,"County 008, TN",TN,2023,16959,65371,2249536200,1754048870,664.33,34545.31,-0.12,5.05,0.7525,5.86,66244.88
47009,"County 009, TN",TN,2023,3755,12274,797734334,566162117,1226.78,63792.3,1.09,3.29,1.8952,4.79,67139.76
47010,"County 010, TN",TN,2023,3615,19927,1201456898,897759624,1118.85,58180.43,5.57,0.95,1.6036,4.66,68582.71
47011,"County 011, TN",TN,2023,10386,35931,1766195105,1174045886,979.0,50908.11,5.08,4.15,1.1764,2.89,56112.02
47012,"County 012, TN",TN,2023,8785,37285,2187594461,1482477112,1102.41,57325.12,0.38,1.67,1.4245,5.05,67209.07
47013,"County 013, TN",TN,2023,6513,36721,1766825048,1325796754,969.59,50418.67,2.39,0.58,0.7127,4.99,58467.01
47014,"County 014, TN",TN,2023,19948,101671,7615192606,4949218049,1386.41,72093.36,2.39,5.35,0.9085,4.87,68300.32
47015,"County 015, TN",TN,2023,14142,38628,1710373655,1048015500,849.17,44156.97,0.8,5.06,1.0983,5.18,65491.45
47016,"County 016, TN",TN,2023,2919,9982,642109122,393449492,1260.91,65567.28,2.93,4.8,2.3098,3.79,62213.97
47017,"County 017, TN",TN,2023,9653,23027,1165799163,722396136,1015.21,52790.77,1.72,3.59,2.0602,3.53,64264.89
47018,"County 018, TN",TN,2023,5253,20986,1458161172,973224983,1301.25,67665.15,4.66,6.31,0.985,4.85,65440.04
47019,"County 019, TN",TN,2023,69324,292347,12833473429,10227506730,850.91,44247.57,1.08,4.34,1.2085,4.53,54795.11
47020,"County 020, TN",TN,2023,72023,205161,14259927106,10281786662,1325.9,68946.88,5.46,4.21,0.8918,4.1,72074.44
47021,"County 021, TN",TN,2023,13587,63674,3770517150,2916723586,1157.31,60180.15,1.23,1.05,0.6192,5.27,63253.68
47022,"County 022, TN",TN,2023,6697,12317,803030559,582686956,1224.91,63695.12,7.58,2.61,1.6588,5.27,67332.18
47023,"County 023, TN",TN,2023,552,4153,266097122,200575344,1215.89,63226.03,6.15,4.34,0.8236,4.44,77521.28
47024,"County 024, TN",TN,2023,2594,10716,612094107,367459291,1078.13,56062.93,6.55,5.22,0.8665,5.4,64103.23
47025,"County 025, TN",TN,2023,3437,23201,1361916083,1054078614,1177.78,61244.59,0.7,5.46,1.1334,5.05,68657.59
47026,"County 026, TN",TN,2023,16049,41332,2374464769,1679442547,1151.97,59902.34,5.48,4.82,1.0008,5.73,59316.44
47027,"County 027, TN",TN,2023,1944,5235,273189371,203086238,991.68,51567.45,3.66,3.8,1.0163,4.31,67375.13
47028,"County 028, TN",TN,2023,272,1371,91604349,65778601,1335.3,69435.38,-2.2,3.75,0.6553,4.7,72851.27
47029,"County 029, TN",TN,2023,2835,13157,702583584,449320627,984.38,51187.75,3.02,6.07,0.6344,5.54,55970.74
47030,"County 030, TN",TN,2023,12993,35522,2763196287,1889991767,1478.62,76888.41,5.69,3.26,0.6415,4.23,68835.27
47031,"County 031, TN",TN,2023,21123,79153,5348046387,3798883267,1295.11,67345.93,-1.03,5.53,1.1368,6.31,68658.15
47032,"County 032, TN",TN,2023,8703,30578,1792249924,1127957666,1131.04,58813.9,4.73,3.97,1.151,5.48,64161.52
47033,"County 033, TN",TN,2023,2440,10436,598640264,458630064,1126.5,58578.17,-0.09,3.96,1.4841,4.11,67873.33
47034,"County 034, TN",TN,2023,363,1112,62165508,45692611,1088.96,56625.92,7.18,4.85,1.9125,4.92,57474.73
47035,"County 035, TN",TN,2023,25485,76542,5484624563,4167333155,1420.5,73866.03,3.84,1.41,0.9621,5.66,67460.42
47036,"County 036, TN",TN,2023,681,3583,235578321,170500255,1287.7,66960.19,1.43,4.03,1.1549,2.83,69982.37
47037,"County 037, TN",TN,2023,16793,91096,5953472261,4439913858,1244.38,64708.01,-0.33,3.23,0.7014,4.56,62551.47
47038,"County 038, TN",TN,2023,8262,18095,860935975,613109212,872.43,45366.42,-0.91,3.44,1.0885,5.15,61587.0
47039,"County 039, TN",TN,2023,10069,24208,1435995640,1127262962,1136.21,59082.98,0.5,3.63,1.1658,4.07,62723.51
47040,"County 040, TN",TN,2023,71,326,16482804,13088005,974.39,50668.31,5.04,4.55,2.142,5.42,54401.4
47041,"County 041, TN",TN,2023,28724,203405,13535815045,8753543094,1275.27,66314.14,2.02,2.75,1.7082,4.09,66611.85
47042,"County 042, TN",TN,2023,7285,20623,1229687675,766975035,1183.53,61543.79,4.43,4.83,1.0724,4.06,66166.45
47043,"County 043, TN",TN,2023,2425,5846,346532467,263826804,1168.79,60776.92,0.46,2.34,0.6138,4.0,67458.75
47044,"County 044, TN",TN,2023,2932,9942,574294535,379964827,1154.49,60033.27,2.21,3.85,0.9443,4.62,64301.38
47045,"County 045, TN",TN,2023,1418,4206,264548671,161970574,1167.22,60695.2,4.03,4.25,0.9563,3.74,64875.72
47046,"County 046, TN",TN,2023,9924,23004,1373649793,954435424,1118.54,58163.97,8.4,3.06,1.2562,4.26,62817.1
47047,"County 047, TN",TN,2023,377,2472,155674533,118029418,1226.87,63797.24,4.82,2.55,1.1551,5.1,60349.04
47048,"County 048, TN",TN,2023,13290,27666,1479283051,951363591,1079.7,56144.58,1.87,4.86,0.92,5.57,69750.45
47049,"County 049, TN",TN,2023,2257,10255,626363019,462363989,1158.39,60236.09,-1.83,4.17,1.1235,4.8,60988.59
47050,"County 050, TN",TN,2023,4581,14822,1053991223,819844029,1319.87,68633.25,3.76,5.21,0.6984,3.65,70638.13
47051,"County 051, TN",TN,2023,1390,3269,201936195,130331477,1137.62,59156.13,3.81,5.9,0.7246,4.12,58690.06
47052,"County 052, TN",TN,2023,10673,39484,2886516742,1764574667,1459.03,75869.31,5.66,6.08,1.167,4.21,75718.99
47053,"County 053, TN",TN,2023,811,2823,167704714,103730747,1185.52,61647.17,-2.52,5.13,0.793,4.22,63783.4
47054,"County 054, TN",TN,2023,1653,4414,281032385,201806157,1240.57,64509.74,4.76,3.83,1.6118,4.91,72643.64
47055,"County 055, TN",TN,2023,3784,28293,1538769923,960450266,1047.02,54445.01,2.66,3.32,1.8926,5.48,60759.04
47056,"County 056, TN",TN,2023,136,593,30315994,24036935,984.63,51200.75,2.39,3.83,0.7174,5.09,54770.35
47057,"County 057, TN",TN,2023,13007,50162,2213069300,1615813744,838.78,43616.7,5.37,3.37,2.1187,4.21,55059.64
47058,"County 058, TN",TN,2023,7299,32518,1993089885,1507886686,1238.34,64393.73,4.0,3.55,0.9523,4.12,63703.93
47059,"County 059, TN",TN,2023,2195,9499,628531001,436203403,1288.26,66989.58,6.8,3.88,0.6267,5.38,75751.69
47060,"County 060, TN",TN,2023,2517,9766,587955730,434380946,1192.87,62029.12,2.84,5.5,0.6721,5.84,62884.74
47061,"County 061, TN",TN,2023,1670,6937,414774459,298872801,1107.31,57580.06,3.17,1.84,1.2922,5.2,64714.14
47062,"County 062, TN",TN,2023,5376,21181,1260719042,975126424,1119.56,58217.1,-3.91,2.65,0.5486,4.01,58541.72
47063,"County 063, TN",TN,2023,1364,3279,223211622,176994769,1308.37,68035.25,2.0,6.67,1.1792,3.44,72543.65
47064,"County 064, TN",TN,2023,3518,13963,588267257,418689282,817.14,42491.52,3.38,1.77,0.4366,6.79,57017.82
47065,"County 065, TN",TN,2023,10888,43863,2475820183,1751322471,1071.82,55734.43,-0.02,4.12,1.0641,5.51,62378.5
47066,"County 066, TN",TN,2023,8840,20383,1308426536,976098437,1256.12,65318.09,2.16,3.38,0.6669,3.01,65351.68
47067,"County 067, TN",TN,2023,2613,22819,1566809894,1057802284,1316.69,68468.07,-0.58,3.79,0.8768,3.55,62333.5
47068,"County 068, TN",TN,2023,64636,257978,15183935411,11931263420,1112.7,57860.44,6.12,4.47,0.7585,4.29,70248.77
47069,"County 069, TN",TN,2023,8238,22863,1379023261,1032432352,1166.7,60668.38,4.86,4.34,0.9479,4.54,69668.77
47070,"County 070, TN",TN,2023,13597,30164,2249963252,1506892636,1435.48,74644.83,3.14,4.99,0.4061,3.71,71519.77
47071,"County 071, TN",TN,2023,4809,30798,1620761321,1102967542,1018.79,52977.31,1.2,4.06,0.6905,6.51,65543.62
47072,"County 072, TN",TN,2023,42317,87490,5303628969,3849117229,1114.46,57951.9,0.88,7.34,0.7207,3.22,69874.28
47073,"County 073, TN",TN,2023,14398,34537,2030144033,1233815660,1136.62,59104.3,2.31,8.1,0.9672,4.86,73675.75
47074,"County 074, TN",TN,2023,22050,107800,6371308964,4791285997,1169.01,60788.36,3.23,7.16,1.1428,3.83,61129.67
47075,"County 075, TN",TN,2023,556,2233,126211905,84377133,1078.01,56056.54,-3.42,0.77,0.9938,4.24,57874.13
47076,"County 076, TN",TN,2023,14232,44052,2446689725,1945970066,1102.12,57310.49,4.88,0.24,1.0825,4.91,63013.11
47077,"County 077, TN",TN,2023,65614,313806,18199762909,14271622212,1090.57,56709.46,4.02,7.33,1.7204,5.3,52315.74
47078,"County 078, TN",TN,2023,32734,59916,3361699129,2062879197,1095.9,56986.98,5.6,0.46,1.1277,6.08,67113.42
47079,"County 079, TN",TN,2023,4931,17116,888726625,584812258,1039.87,54073.32,2.81,0.9,1.2916,4.68,67433.48
47080,"County 080, TN",TN,2023,22520,60883,3514893363,2366772917,1147.53,59671.77,4.06,4.88,1.7859,5.12,61683.04
47081,"County 081, TN",TN,2023,22156,42918,2470136223,1655861301,1148.04,59697.89,7.13,3.84,1.833,4.64,72706.93
47082,"County 082, TN",TN,2023,4055,9731,506524756,323640819,1042.18,54193.15,6.51,4.47,0.7087,4.8,61705.86
47083,"County 083, TN",TN,2023,2664,8867,533278051,369705702,1187.8,61765.49,1.78,5.37,1.0683,4.72,60966.59
47084,"County 084, TN",TN,2023,1628,7025,450661520,271307039,1209.57,62897.66,2.55,3.17,0.9946,4.95,63536.36
47085,"County 085, TN",TN,2023,20665,53470,3786797532,2868467498,1363.82,70918.42,1.49,1.64,0.7586,3.67,69272.73
47086,"County 086, TN",TN,2023,9278,19307,1356424257,903265517,1317.87,68529.04,-2.29,5.17,0.6039,4.7,78376.76
47087,"County 087, TN",TN,2023,23479,78170,3702088578,2913088829,957.56,49793.09,-1.2,3.86,1.3341,5.84,59174.75
47088,"County 088, TN",TN,2023,26310,85172,5270660421,3446633520,1160.38,60339.68,0.85,5.8,0.5853,4.07,65803.68
47089,"County 089, TN",TN,2023,17814,47950,2480136040,1868769627,1032.46,53687.74,4.06,1.88,0.9404,6.13,63890.78
47090,"County 090, TN",TN,2023,1443,9098,648731257,451587483,1396.41,72613.07,1.12,5.46,1.816,4.18,65078.38
47091,"County 091, TN",TN,2023,50639,222966,13498952931,8642374459,1179.92,61356.1,4.89,0.21,0.6277,3.65,70184.03
47092,"County 092, TN",TN,2023,7539,33485,2181409038,1474050980,1219.21,63399.11,3.57,4.19,0.9292,3.97,76763.85
47093,"County 093, TN",TN,2023,25054,107119,8204543313,6220984250,1417.34,73701.69,1.68,3.77,1.1192,3.73,69897.88
47094,"County 094, TN",TN,2023,2846,13583,943724613,725357845,1273.14,66203.11,3.62,3.28,0.5139,3.41,69666.25
47095,"County 095, TN",TN,2023,503,1928,114313179,81333412,1105.0,57459.8,5.63,7.71,2.4965,5.22,62389.7
48001,"County 001, TX",TX,2023,4896,23338,1230364402,785582098,1029.06,53511.34,7.6,2.77,0.6881,3.14,80658.81
48002,"County 002, TX",TX,2023,9070,23588,1201960380,891358940,999.59,51978.78,2.51,3.21,1.4451,4.66,77830.45
48003,"County 003, TX",TX,2023,3928,17609,892109990,605033415,1018.04,52938.12,6.97,3.59,0.8794,3.99,77113.24
48004,"County 004, TX",TX,2023,7387,13782,863619735,642753089,1264.19,65737.9,4.17,5.39,1.4026,1.53,83125.19
48005,"County 005, TX",TX,2023,31560,74040,5032587252,3364019798,1308.92,68063.71,2.88,5.95,0.6837,1.0,75209.46
48006,"County 006, TX",TX,2023,705,2530,128069891,96573985,953.41,49577.25,1.69,3.79,1.1508,3.64,80164.7
48007,"County 007, TX",TX,2023,1200,3854,202063542,136355604,1044.03,54289.56,0.34,4.69,1.4421,2.63,76771.06
48008,"County 008, TX",TX,2023,5947,19167,1549809749,1198061729,1550.51,80626.77,4.93,4.0,1.6732,1.0,91591.28
48009,"County 009, TX",TX,2023,2132,7145,312439965,187729665,817.72,42521.39,2.82,5.17,1.1714,3.31,87572.59
48010,"County 010, TX",TX,2023,122859,539500,24162296538,17654971358,881.46,45835.88,11.06,2.55,0.9214,2.19,76478.1
48011,"County 011, TX",TX,2023,9604,46671,1871335112,1455595537,787.99,40975.63,2.08,2.9,1.4048,5.35,73318.91
48012,"County 012, TX",TX,2023,4464,16337,970661235,716639320,1116.25,58044.92,5.99,6.49,0.8346,2.94,73379.67
48013,"County 013, TX",TX,2023,4382,15239,881018991,623109898,1124.63,58480.75,7.07,3.38,1.0476,1.5,82095.63
48014,"County 014, TX",TX,2023,11699,67020,2513206858,1643743308,736.26,38285.58,4.57,2.72,0.7173,3.4,71371.91
48015,"County 015, TX",TX,2023,5244,20633,1224794712,957676272,1123.16,58404.54,4.21,3.48,0.9026,3.47,88104.62
48016,"County 016, TX",TX,2023,25572,82055,5459894648,3537136712,1279.91,66555.17,6.78,2.56,0.6139,3.56,74351.21
48017,"County 017, TX",TX,2023,21415,62170,3480530841,2235812677,1031.19,53621.87,2.13,3.86,0.5834,3.4,64909.49
48018,"County 018, TX",TX,2023,6780,25695,1338713549,865026306,1009.17,52476.67,0.79,3.99,1.096,3.17,71864.89
48019,"County 019, TX",TX,2023,19273,50967,3472979809,2771109329,1324.68,68883.49,1.48,4.12,0.6046,1.87,86501.78
48020,"County 020, TX",TX,2023,1316,5883,316899767,238365172,1061.46,55196.14,3.49,6.31,1.5456,4.56,77968.74
48021,"County 021, TX",TX,2023,1002,5003,319596340,195215687,1205.58,62690.23,1.93,7.32,0.7474,3.58,83416.83
48022,"County 022, TX",TX,2023,703,3506,168963898,115379312,932.02,48465.01,5.32,4.92,1.7641,2.86,75523.01
48023,"County 023, TX",TX,2023,7383,15896,1133293931,897601699,1427.76,74243.39,4.71,1.17,0.7561,1.0,86673.42
48024,"County 024, TX",TX,2023,23813,105437,7449117805,5220132530,1311.86,68216.57,4.12,3.78,1.1913,2.24,86379.1
48025,"County 025, TX",TX,2023,580,2470,128652836,90033637,959.88,49913.83,6.43,5.52,1.0212,3.94,77422.66
48026,"County 026, TX",TX,2023,1536,4220,270830075,192754003,1176.32,61168.82,0.37,4.25,1.1321,4.49,80252.86
48027,"County 027, TX",TX,2023,6991,18309,1206278817,813034532,1241.13,64538.97,4.62,0.55,1.5827,1.91,77034.69
48028,"County 028, TX",TX,2023,4153,19078,1181907496,851371702,1197.42,62265.74,4.91,3.27,0.7244,2.51,72146.72
48029,"County 029, TX",TX,2023,2618,8513,473213352,339366865,1046.19,54401.9,2.62,3.41,0.6888,3.02,74044.83
48030,"County 030, TX",TX,2023,15085,39893,2167786837,1598066963,1056.07,54915.75,6.5,3.97,0.4665,3.82,82664.6
48031,"County 031, TX",TX,2023,95,320,19080980,14094408,1130.35,58778.03,3.92,5.97,1.0582,2.72,84095.52
48032,"County 032, TX",TX,2023,978,4024,253253828,158688498,1214.33,63144.93,3.14,2.73,1.0914,1.11,81712.36
48033,"County 033, TX",TX,2023,579,2203,90544607,69346294,797.29,41459.34,4.86,2.84,0.6067,4.34,75163.12
48034,"County 034, TX",TX,2023,1781,7097,419828168,264324547,1189.26,61841.47,3.5,4.01,1.0893,1.42,83454.23
48035,"County 035, TX",TX,2023,8561,51648,2903920596,1893839789,1067.65,55517.72,1.34,4.17,1.1095,3.77,79091.48
48036,"County 036, TX",TX,2023,435,2257,138359205,98755857,1193.99,62087.62,3.14,5.09,1.3541,1.0,86283.44
48037,"County 037, TX",TX,2023,1854,6484,325530056,238918266,994.46,51712.04,0.97,6.22,1.0198,4.84,78309.14
48038,"County 038, TX",TX,2023,961,3708,181593932,132653634,973.92,50644.04,4.67,1.39,1.1044,3.53,73021.78
48039,"County 039, TX",TX,2023,3892,25269,1670303473,1268666460,1323.41,68817.45,4.93,1.21,1.1998,2.92,78268.11
48040,"County 040, TX",TX,2023,6313,16319,884880777,575747352,1065.49,55405.3,6.19,3.99,0.8824,2.81,74112.6
48041,"County 041, TX",TX,2023,40000,97347,5920423970,4696844972,1161.52,60399.07,2.39,2.76,1.9451,3.89,75757.04
48042,"County 042, TX",TX,2023,15770,57833,2659230851,1642187772,909.03,47269.43,5.13,3.73,1.9449,3.63,72884.62
48043,"County 043, TX",TX,2023,2789,17267,1231579901,973374300,1317.92,68531.79,8.7,6.03,0.898,2.07,75434.97
48044,"County 044, TX",TX,2023,37626,106237,6501177019,4897295724,1126.17,58560.8,1.99,4.75,0.7654,3.09,86151.32
48045,"County 045, TX",TX,2023,9455,28617,1596758934,1190469547,1055.46,54883.76,5.25,0.2,0.7784,3.47,75880.17
48046,"County 046, TX",TX,2023,51255,263384,14418078854,11437235680,1016.4,52852.57,0.98,5.14,1.6254,3.63,79149.28
48047,"County 047, TX",TX,2023,56136,250071,13739962154,8741562695,1047.54,54472.15,3.18,3.54,0.7937,3.39,81381.26
48048,"County 048, TX",TX,2023,2133,9549,620635366,427777498,1283.95,66765.39,8.55,3.15,0.7008,1.14,77846.43
48049,"County 049, TX",TX,2023,2618,11686,562984779,357716033,904.87,47053.09,8.08,7.16,1.2719,2.89,71018.17
48050,"County 050, TX",TX,2023,3638,10835,597748499,432657853,1105.32,57476.66,4.69,4.36,0.7086,3.37,86701.89
48051,"County 051, TX",TX,2023,4565,27900,1662930002,1302599832,1186.11,61677.71,2.36,3.56,1.4278,3.62,74584.77
48052,"County 052, TX",TX,2023,852,2027,79590689,58317047,764.12,39734.0,1.68,5.67,1.4257,3.89,67855.38
48053,"County 053, TX",TX,2023,4208,17381,1084597015,804596638,1157.82,60206.68,3.49,6.62,1.3443,2.58,82287.89
48054,"County 054, TX",TX,2023,23360,63505,2803636890,1914734430,863.45,44899.32,4.81,8.12,0.5311,3.37,72998.43
48055,"County 055, TX",TX,2023,66836,211576,15056867327,9936817861,1307.93,68012.11,-0.47,3.53,1.1783,2.96,74936.55
48056,"County 056, TX",TX,2023,33133,73378,4873373777,3268076923,1248.66,64930.13,3.94,4.66,0.6521,2.91,76140.14
48057,"County 057, TX",TX,2023,2743,7109,365364453,269902639,994.48,51713.17,6.31,1.73,0.5913,2.26,71126.22
48058,"County 058, TX",TX,2023,21979,105592,7034743948,4529194552,1268.96,65986.02,-0.57,3.64,1.0061,2.29,72743.41
48059,"County 059, TX",TX,2023,7874,20874,979627890,722979234,874.86,45492.97,3.54,1.42,1.3378,1.75,72132.89
48060,"County 060, TX",TX,2023,9277,44083,2277388981,1374155104,1036.13,53878.86,3.37,3.05,1.4192,2.06,68906.89
48061,"County 061, TX",TX,2023,5229,22766,1045831616,666371509,898.68,46731.11,2.16,5.78,1.0968,2.88,79687.41
48062,"County 062, TX",TX,2023,256,2134,125363617,84031320,1163.49,60501.51,5.22,4.92,1.6295,3.33,87168.43
48063,"County 063, TX",TX,2023,7756,26261,1184691418,747661631,866.98,45082.78,7.09,2.94,1.4026,3.23,78405.89
48064,"County 064, TX",TX,2023,12189,39824,2162251932,1331118215,1048.38,54515.65,-0.14,4.52,0.5559,4.14,85406.19
48065,"County 065, TX",TX,2023,7363,14840,778493611,474056448,990.01,51480.28,3.08,0.57,1.0524,2.81,74088.47
48066,"County 066, TX",TX,2023,2042,6378,313917532,188948918,908.6,47247.21,4.51,3.74,0.778,3.63,77038.78
48067,"County 067, TX",TX,2023,714,2716,179292376,121878183,1226.59,63782.75,2.92,3.8,0.6472,1.85,81619.35
48068,"County 068, TX",TX,2023,3418,21314,1309916170,964705016,1191.28,61946.78,3.81,2.12,1.4729,1.48,81067.01
48069,"County 069, TX",TX,2023,4865,19244,1252174080,765122558,1259.85,65512.28,2.78,6.45,0.9691,3.29,81779.31
48070,"County 070, TX",TX,2023,9483,33278,1475408673,1020333673,828.25,43068.85,9.63,1.13,1.1853,2.68,68861.32
48071,"County 071, TX",TX,2023,6352,26383,1623329263,1201723745,1199.97,62398.3,4.7,3.55,0.8194,2.9,76008.03
48072,"County 072, TX",TX,2023,1825,8098,364774299,287879583,909.85,47312.35,1.58,3.64,0.4281,1.83,78492.46
48073,"County 073, TX",TX,2023,2208,5119,253241875,195417563,982.78,51104.48,4.16,4.15,1.1773,1.59,73210.32
48074,"County 074, TX",TX,2023,8746,12954,828337536,603592378,1217.07,63287.5,4.38,3.28,0.5013,2.7,83804.86
48075,"County 075, TX",TX,2023,6634,15503,1003104376,730165751,1297.87,67489.13,5.28,2.87,1.2997,1.92,84144.12
48076,"County 076, TX",TX,2023,3977,6389,244310968,147013550,720.25,37453.13,2.63,5.63,1.4102,3.54,61626.11
48077,"County 077, TX",TX,2023,2713,14915,979793532,637347069,1290.62,67112.45,0.97,4.13,0.9135,2.41,87019.43
48078,"County 078, TX",TX,2023,6339,17136,1162698729,876132131,1246.2,64802.58,6.66,2.93,0.6255,2.01,89303.18
48079,"County 079, TX",TX,2023,4331,18975,1046109254,707974209,1018.34,52953.68,6.1,6.11,1.0105,2.68,78898.42
48080,"County 080, TX",TX,2023,969,3284,171381161,130117129,1007.29,52379.24,6.71,3.14,1.4923,3.1,71090.43
48081,"County 081, TX",TX,2023,1032,3115,198574889,153125152,1203.53,62583.49,2.42,1.62,2.1284,2.1,74770.35
48082,"County 082, TX",TX,2023,1009,5452,302537256,216354563,1093.99,56887.56,2.36,3.9,1.5894,3.03,75966.91
48083,"County 083, TX",TX,2023,22074,49288,3270843012,2594319958,1243.36,64654.91,-0.98,6.2,1.6631,1.89,81217.33
48084,"County 084, TX",TX,2023,13080,46970,2817588869,1787866715,1103.46,57379.96,0.87,4.41,0.7957,1.0,83985.13
48085,"County 085, TX",TX,2023,2374,8029,487516628,332082710,1144.35,59505.95,2.68,4.57,0.8603,1.77,86059.72
48086,"County 086, TX",TX,2023,272,1306,54548194,40784339,831.37,43231.43,2.75,5.75,1.6907,2.76,73969.31
48087,"County 087, TX",TX,2023,17562,28478,1922180488,1264978488,1348.44,70118.81,5.17,3.6,0.9708,2.44,75698.13
48088,"County 088, TX",TX,2023,16809,40781,2280707608,1582371201,1114.4,57949.0,0.01,2.88,0.9743,2.86,68712.2
48089,"County 089, TX",TX,2023,6009,15257,751979571,476342617,969.36,50406.91,5.78,3.4,0.6768,4.24,82052.76
48090,"County 090, TX",TX,2023,7161,32189,1499802396,962384173,937.24,48736.52,1.2,3.92,1.5305,2.39,71770.64
48091,"County 091, TX",TX,2023,2259,11755,798700925,587926013,1340.65,69713.55,1.29,2.98,1.8789,2.75,91874.87
48092,"County 092, TX",TX,2023,538,2089,107152009,84766660,991.66,51566.23,5.17,4.04,1.5325,3.24,73006.76
48093,"County 093, TX",TX,2023,273,1900,117104108,86325463,1228.63,63888.51,0.22,5.9,1.1881,2.62,81909.05
48094,"County 094, TX",TX,2023,1030,3937,198364540,138462678,1006.74,52350.34,3.45,-0.62,0.8291,2.2,76044.9
48095,"County 095, TX",TX,2023,7622,33873,1857453459,1307804259,1094.98,56938.98,3.01,3.76,1.1276,2.93,84440.28
48096,"County 096, TX",TX,2023,13197,20514,1110254722,815101151,1081.33,56229.07,1.79,3.61,1.2053,3.31,80117.79
48097,"County 097, TX",TX,2023,1297,4259,233069354,182989774,1091.18,56741.19,0.54,4.38,1.1904,2.66,78642.81
48098,"County 098, TX",TX,2023,9349,28302,1830512642,1458380691,1205.21,62670.7,3.7,2.08,1.05,1.0,82370.88
48099,"County 099, TX",TX,2023,2740,11446,729875166,535162842,1249.8,64989.71,-1.38,4.65,0.6193,2.86,87558.42
48100,"County 100, TX",TX,2023,1487,4091,239291182,156315354,1086.3,56487.83,3.07,1.41,1.5984,4.19,83693.88
48101,"County 101, TX",TX,2023,39240,161126,7047093442,5490775310,869.06,45191.19,4.32,3.27,0.6998,3.39,73047.48
48102,"County 102, TX",TX,2023,2728,15838,1111509017,885627371,1315.31,68396.31,2.31,4.82,0.7706,1.95,82768.54
48103,"County 103, TX",TX,2023,922,6072,365474912,235152681,1138.5,59202.23,3.07,4.31,0.8847,2.43,81525.43
48104,"County 104, TX",TX,2023,15128,45771,1758488142,1121682538,710.77,36959.81,3.78,3.72,0.7197,3.48,65647.78
48105,"County 105, TX",TX,2023,66397,153267,7400347585,5436193887,969.13,50394.73,1.07,2.87,1.3581,2.53,81126.37
48106,"County 106, TX",TX,2023,9783,29377,1434048014,1079303957,986.09,51276.54,7.15,2.0,0.8287,2.99,73664.69
48107,"County 107, TX",TX,2023,2164,8778,436287747,268969400,915.0,47580.18,2.29,4.27,1.2233,3.58,75005.14
48108,"County 108, TX",TX,2023,10256,45962,2506758205,1813550467,1099.01,57148.58,1.73,3.89,0.5948,3.93,79119.45
48109,"County 109, TX",TX,2023,13359,47565,2427942866,1780022032,959.37,49887.31,5.53,2.58,0.7734,3.04,79632.42
48110,"County 110, TX",TX,2023,1867,6634,335191954,233227762,970.17,50449.08,1.16,6.59,1.6132,4.93,78138.29
48111,"County 111, TX",TX,2023,3289,10550,719199463,456218543,1281.5,66637.85,4.55,2.41,0.8926,3.55,77172.47
48112,"County 112, TX",TX,2023,8519,31501,1527627718,924038795,966.58,50262.32,2.75,2.12,0.9254,2.06,69442.31
48113,"County 113, TX",TX,2023,53215,197574,11075651654,7716480319,1073.69,55832.12,4.59,6.75,0.9871,3.29,81827.86
48114,"County 114, TX",TX,2023,2773,14633,818402007,495815051,1029.02,53509.09,4.85,2.21,1.9175,3.39,73247.6
48115,"County 115, TX",TX,2023,20416,75011,5566820485,4248937092,1416.16,73640.33,4.1,3.4,1.0023,1.0,86593.12
48116,"County 116, TX",TX,2023,3125,11550,637789331,438829221,1027.28,53418.66,1.95,1.54,0.7498,3.05,80419.06
48117,"County 117, TX",TX,2023,11002,46660,2680499559,2109809692,1098.82,57138.51,8.59,2.7,0.5615,2.86,83051.11
48118,"County 118, TX",TX,2023,13262,23240,1777463901,1067608833,1530.81,79601.93,4.3,3.23,1.0913,2.0,86983.46
48119,"County 119, TX",TX,2023,38653,126074,7157813571,5309688196,1098.27,57109.96,1.84,5.57,1.0053,3.06,74285.36
48120,"County 120, TX",TX,2023,2432,11801,736504923,473343918,1154.51,60034.65,6.34,3.21,0.8606,1.0,72460.56
48121,"County 121, TX",TX,2023,8988,34193,1806426347,1108769498,972.16,50552.06,3.81,5.58,0.4641,3.52,73512.81
48122,"County 122, TX",TX,2023,26837,98694,4817389570,3466777066,915.36,47598.47,3.43,4.49,1.4729,2.6,71957.83
48123,"County 123, TX",TX,2023,2382,11997,583108053,452949945,911.54,47400.33,4.95,5.32,0.8544,2.0,76529.59
48124,"County 124, TX",TX,2023,4559,9059,491315602,300060073,1090.87,56725.23,1.85,2.22,0.9213,1.83,78482.6
48125,"County 125, TX",TX,2023,3698,14680,931525713,653797476,1216.68,63267.32,7.01,2.75,0.7132,2.6,83723.16
48126,"County 126, TX",TX,2023,11610,42707,2250472822,1492757568,982.03,51065.49,-1.26,4.06,0.82,1.69,76535.07
48127,"County 127, TX",TX,2023,48707,135512,7763013167,4989478718,1069.31,55604.19,6.28,5.15,0.5939,1.83,72239.85
48128,"County 128, TX",TX,2023,509,1631,92501047,66457250,1094.55,56916.54,3.86,1.2,0.6544,1.44,84797.45
48129,"County 129, TX",TX,2023,19898,77414,3836540073,2790944211,909.81,47309.94,7.04,6.29,0.8429,1.48,68637.86
48130,"County 130, TX",TX,2023,5642,26701,1336871598,1056152751,956.45,49735.22,7.87,2.32,0.5413,3.28,74826.85
48131,"County 131, TX",TX,2023,10572,43379,2315895570,1454873328,1017.63,52916.73,5.88,-0.45,1.2949,2.31,77363.19
48132,"County 132, TX",TX,2023,1105,5854,297318700,216297101,1005.03,52261.47,3.97,4.63,0.7506,2.25,76108.02
48133,"County 133, TX",TX,2023,2676,11123,523511873,407329704,926.97,48202.19,3.49,5.93,0.6312,1.31,71903.37
48134,"County 134, TX",TX,2023,112,287,17794171,13043990,1174.6,61079.29,2.52,5.27,1.0684,2.51,80863.66
48135,"County 135, TX",TX,2023,4213,17485,1006500502,731656587,1147.2,59654.36,0.91,3.97,0.6537,2.41,76681.19
48136,"County 136, TX",TX,2023,28202,111369,5876908568,4141593041,1024.21,53259.16,2.6,3.97,0.9276,4.22,73181.73
48137,"County 137, TX",TX,2023,10568,33880,2371626876,1458413252,1282.47,66688.22,5.23,2.22,0.72,1.86,79264.82
48138,"County 138, TX",TX,2023,16534,53047,2340836621,1561201555,858.66,44650.55,6.02,6.39,0.8134,4.15,71142.21
48139,"County 139, TX",TX,2023,22416,118733,8633613125,6714466892,1356.2,70522.55,3.17,0.03,1.0758,1.61,85180.86
48140,"County 140, TX",TX,2023,46,129,7159608,5560044,1121.7,58328.19,4.01,4.29,1.1811,2.91,88679.67
48141,"County 141, TX",TX,2023,4462,10312,644502981,469219018,1215.29,63195.13,6.04,4.73,0.5846,2.56,76645.84
48142,"County 142, TX",TX,2023,92760,227099,12316957658,9377929617,1000.95,52049.49,9.44,5.95,1.1125,3.82,74146.99
48143,"County 143, TX",TX,2023,209,624,37382469,23298846,1151.85,59896.34,5.6,1.17,1.3554,2.27,82724.59
48144,"County 144, TX",TX,2023,19931,57911,3729593499,2745522683,1209.18,62877.33,2.88,1.4,0.9093,2.18,81913.67
48145,"County 145, TX",TX,2023,24089,81337,4264846595,2986631921,1020.69,53075.93,9.87,1.18,0.7231,2.1,78413.87
48146,"County 146, TX",TX,2023,2662,6165,378002007,261396667,1216.29,63246.83,5.29,1.48,1.0912,2.36,81493.35
48147,"County 147, TX",TX,2023,13044,74392,3212591515,2166013664,851.67,44286.91,9.48,0.89,0.7815,3.01,84387.72
48148,"County 148, TX",TX,2023,22359,72339,3038385143,2039351767,785.84,40863.61,4.22,5.7,0.6087,3.35,75466.19
48149,"County 149, TX",TX,2023,3187,14520,885089997,679204347,1133.27,58930.16,3.0,5.61,0.8135,3.15,69847.15
48150,"County 150, TX",TX,2023,139522,448336,21370222937,14499448663,945.21,49150.86,3.41,7.25,1.4285,3.26,75629.79
48151,"County 151, TX",TX,2023,402,2475,142065622,98940181,1083.04,56318.13,5.81,2.86,1.1504,2.58,78355.31
48152,"County 152, TX",TX,2023,4849,16482,879810426,651122685,1020.76,53079.44,0.73,3.75,0.8325,2.97,84238.92
48153,"County 153, TX",TX,2023,100346,379300,21639831811,15305101894,1068.93,55584.57,1.09,3.38,0.776,3.65,68568.06
48154,"County 154, TX",TX,2023,616,2309,92264353,69015691,792.46,41207.67,3.49,5.04,1.6191,2.31,69146.68
48155,"County 155, TX",TX,2023,33406,72784,4744681794,3114550216,1242.35,64602.25,2.71,0.24,0.969,1.0,79650.21
48156,"County 156, TX",TX,2023,6643,31427,1956439054,1434180706,1205.14,62667.3,1.13,5.87,1.0993,1.96,71813.45
48157,"County 157, TX",TX,2023,111815,288116,14392124499,11140765431,994.89,51734.45,1.1,6.43,0.9809,2.14,81227.18
48158,"County 158, TX",TX,2023,202,930,54902714,42500643,1105.8,57501.71,2.98,2.96,1.5461,3.51,77991.82
48159,"County 159, TX",TX,2023,1646,8339,425096208,316694995,988.59,51406.92,5.41,1.63,1.7991,4.49,79144.65
48160,"County 160, TX",TX,2023,3442,14094,791204259,525133813,1085.77,56459.99,7.39,3.04,0.7702,3.07,80723.1
48161,"County 161, TX",TX,2023,1206,6620,321422790,248093243,974.63,50680.88,2.2,6.15,2.0595,2.35,81086.02
48162,"County 162, TX",TX,2023,313,1505,83929551,59732641,1121.74,58330.56,10.0,6.67,0.7646,1.88,85897.0
48163,"County 163, TX",TX,2023,41311,73572,4972351558,3163617969,1254.12,65214.14,4.3,2.08,1.5706,1.45,86034.65
48164,"County 164, TX",TX,2023,1837,7318,356143041,230418290,934.66,48602.58,1.46,4.78,1.2413,2.97,66822.38
48165,"County 165, TX",TX,2023,4498,9267,548320893,426732931,1092.85,56828.25,12.26,3.17,1.5632,2.84,84625.02
48166,"County 166, TX",TX,2023,76550,213173,13626775316,10417563777,1210.93,62968.51,-2.48,7.09,0.925,1.94,78843.09
48167,"County 167, TX",TX,2023,2773,7896,348685210,214786799,878.91,45703.56,1.87,3.73,1.0345,3.71,83606.39
48168,"County 168, TX",TX,2023,2713,8987,386932748,236370936,807.01,41964.74,3.58,3.69,0.7301,3.76,72916.77
48169,"County 169, TX",TX,2023,8037,30617,1907152253,1328718351,1159.99,60319.61,6.21,3.26,1.0281,1.56,90776.53
48170,"County 170, TX",TX,2023,41417,107653,7399441419,4956100070,1385.25,72033.21,2.52,4.76,1.8215,1.62,72363.73
48171,"County 171, TX",TX,2023,4667,31572,1854765869,1147856477,1140.97,59330.56,2.05,3.21,1.1322,3.26,69142.94
48172,"County 172, TX",TX,2023,9456,34613,2289795854,1749070689,1290.39,67100.51,3.37,5.19,1.5666,1.56,78147.58
48173,"County 173, TX",TX,2023,525,3550,204007220,136577083,1136.14,59079.34,3.26,4.08,0.7969,2.06,81443.97
48174,"County 174, TX",TX,2023,1458,6292,278735051,177229335,838.85,43620.06,1.86,5.22,0.9745,4.8,72451.38
48175,"County 175, TX",TX,2023,13756,59552,3378646516,2249690593,1055.79,54901.02,3.96,1.19,0.7365,2.06,76617.68
48176,"County 176, TX",TX,2023,1768,5176,302743662,240385854,1072.7,55780.48,8.68,2.54,0.4784,3.09,74744.71
48177,"County 177, TX",TX,2023,4722,13853,772746220,480832451,1037.11,53929.61,0.26,2.31,0.5529,2.53,74561.27
48178,"County 178, TX",TX,2023,3763,13098,630729564,467350295,910.12,47326.06,0.54,6.72,0.7907,2.67,76844.04
48179,"County 179, TX",TX,2023,3703,13488,650774576,514630727,976.07,50755.64,0.23,2.97,1.4316,3.51,80493.47
48180,"County 180, TX",TX,2023,6532,28090,1748023362,1105389005,1196.48,62217.05,3.71,5.06,0.741,3.57,74557.38
48181,"County 181, TX",TX,2023,1450,4490,191862188,122330926,808.52,42043.27,2.87,1.2,1.0583,3.21,75838.42
48182,"County 182, TX",TX,2023,6024,16570,781195932,489241903,930.1,48365.21,1.13,4.34,0.9751,2.09,69442.44
48183,"County 183, TX",TX,2023,10457,23813,1129097824,805233154,948.63,49329.0,4.6,3.07,0.7577,4.06,74494.99
48184,"County 184, TX",TX,2023,1732,8318,351198613,226857721,854.05,44410.51,3.36,5.7,1.5987,4.15,70481.79
48185,"County 185, TX",TX,2023,6397,22600,1172139678,798593914,985.3,51235.52,6.24,2.24,1.8142,2.76,76504.21
48186,"County 186, TX",TX,2023,32330,63200,4160537053,2937126113,1252.7,65140.46,2.85,6.21,1.0911,3.06,88685.33
48187,"County 187, TX",TX,2023,3123,13316,906914687,723245515,1368.43,71158.61,7.65,4.5,1.3373,2.39,87303.51
48188,"County 188, TX",TX,2023,10872,80316,4679288459,3641489323,1087.28,56538.56,6.18,3.83,1.1033,3.1,88018.91
48189,"County 189, TX",TX,2023,606,2077,142427036,113435626,1265.77,65820.0,4.01,4.56,0.6447,3.18,80573.42
48190,"County 190, TX",TX,2023,4408,10598,510863221,362823431,935.18,48629.35,2.98,4.81,1.3255,1.0,81388.5
48191,"County 191, TX",TX,2023,4348,8970,558767049,419793339,1147.77,59684.27,5.39,5.56,1.6496,3.86,80579.77
48192,"County 192, TX",TX,2023,3299,11449,531828887,406460618,916.24,47644.26,4.67,0.98,1.0303,3.37,75199.46
48193,"County 193, TX",TX,2023,24183,52765,3065340971,1850806232,1114.94,57976.7,0.41,1.67,1.0023,1.44,77601.83
48194,"County 194, TX",TX,2023,4201,9318,595607307,410782417,1205.78,62700.42,4.74,3.31,0.7317,2.15,72515.36
48195,"County 195, TX",TX,2023,77,180,12954543,8670678,1318.34,68553.51,2.0,7.71,0.6584,1.0,93294.74
48196,"County 196, TX",TX,2023,218,1091,51424768,40922587,938.12,48782.31,8.94,4.06,0.9487,3.91,72327.35
48197,"County 197, TX",TX,2023,92,283,16575087,12623425,1074.42,55870.03,7.04,4.14,1.1014,2.78,77032.84
48198,"County 198, TX",TX,2023,20872,99809,5375747217,4174293676,988.64,51409.09,4.86,2.53,1.4379,2.76,68654.16
48199,"County 199, TX",TX,2023,7765,17444,866761824,532726878,926.41,48173.15,8.16,3.91,0.8029,4.57,71728.13
48200,"County 200, TX",TX,2023,2703,8880,446692190,296963027,1014.32,52744.74,3.98,5.38,0.749,2.81,80043.63
48201,"County 201, TX",TX,2023,659,2093,134846238,94210403,1211.85,63016.44,1.93,4.27,0.9987,3.18,81936.06
48202,"County 202, TX",TX,2023,761,4055,217305289,158003601,985.02,51221.25,1.95,1.98,0.782,2.61,72492.27
48203,"County 203, TX",TX,2023,21655,128191,7477990441,4639413722,1178.61,61287.92,3.15,4.52,1.0443,2.56,83057.9
48204,"County 204, TX",TX,2023,7130,37212,1833149563,1306234240,968.21,50347.16,2.42,4.97,1.0974,2.76,82385.48
48205,"County 205, TX",TX,2023,4441,15529,706436937,471060764,836.65,43505.73,-0.38,2.45,0.8716,5.8,76129.61
48206,"County 206, TX",TX,2023,1639,4964,265731793,210063893,1021.1,53097.11,4.56,4.66,0.8099,2.29,73500.83
48207,"County 207, TX",TX,2023,3394,11020,752159443,567230268,1318.44,68559.04,2.71,2.84,1.1172,2.53,83029.89
48208,"County 208, TX",TX,2023,7593,31842,1751720211,1074086294,1089.35,56646.35,3.56,2.77,0.7737,3.61,76713.17
48209,"County 209, TX",TX,2023,8532,41219,2086886465,1315374912,961.71,50009.07,4.93,3.86,1.0975,2.94,71058.38
48210,"County 210, TX",TX,2023,13334,82276,4892616229,3096127269,1164.44,60551.13,8.23,5.49,1.4904,2.36,83208.93
48211,"County 211, TX",TX,2023,3673,13958,959318700,621733079,1318.05,68538.76,7.68,6.78,1.1504,3.57,85663.86
48212,"County 212, TX",TX,2023,486,2892,147743273,96475876,1000.23,52012.07,5.72,2.82,0.7785,2.63,81193.4
48213,"County 213, TX",TX,2023,10703,21120,1097977172,728198818,1041.71,54169.15,4.93,1.67,1.1377,2.95,82020.7
48214,"County 214, TX",TX,2023,7209,20439,932516644,640658204,878.79,45697.03,5.39,3.02,1.2895,2.74,72715.91
48215,"County 215, TX",TX,2023,10319,35363,1887519591,1491055080,1057.53,54991.41,5.12,2.14,0.963,1.88,74336.24
48216,"County 216, TX",TX,2023,23185,58278,3466374456,2082404961,1119.15,58195.66,5.96,3.68,1.5849,3.36,80578.01
48217,"County 217, TX",TX,2023,1387,9010,592350735,424980953,1225.03,63701.51,3.74,0.97,0.7104,2.6,79255.53
48218,"County 218, TX",TX,2023,49623,178314,10010868636,6407466169,1091.66,56766.3,2.72,4.37,1.3913,1.71,75261.91
48219,"County 219, TX",TX,2023,2046,7709,420677011,269638296,1009.19,52477.83,4.72,5.71,0.9401,3.75,74342.95
48220,"County 220, TX",TX,2023,9170,33975,2168554580,1308738571,1176.05,61154.74,5.99,5.53,1.3399,3.35,78840.27
48221,"County 221, TX",TX,2023,3824,11746,581756418,433796603,991.0,51531.86,2.21,0.39,0.8315,3.08,75883.26
48222,"County 222, TX",TX,2023,1456,7359,429158141,289489648,1180.5,61385.87,5.1,3.2,1.1656,2.27,79135.31
48223,"County 223, TX",TX,2023,10836,64052,3598104306,2671876282,1051.0,54652.1,3.86,0.42,1.0454,3.46,82140.46
48224,"County 224, TX",TX,2023,41572,147071,7576781133,4925490069,958.69,49851.92,7.52,6.24,1.0944,3.46,74717.02
48225,"County 225, TX",TX,2023,12296,39137,2064179823,1623196290,1059.23,55079.8,5.39,1.07,0.6914,2.58,84963.31
48226,"County 226, TX",TX,2023,16575,73724,3383772533,2496516475,927.34,48221.8,7.18,2.55,0.5819,1.92,74455.99
48227,"County 227, TX",TX,2023,10490,34801,1786235296,1294197353,1012.67,52658.7,-0.19,2.32,0.6736,1.99,78948.02
48228,"County 228, TX",TX,2023,6485,16560,960292363,736618086,1159.64,60301.47,-1.16,4.98,0.5537,1.62,74681.1
48229,"County 229, TX",TX,2023,4633,13107,867004616,536298914,1220.54,63468.19,1.91,6.52,1.5366,3.07,86521.47
48230,"County 230, TX",TX,2023,7365,24382,1239848764,896823936,1000.48,52024.76,-0.0,7.07,1.2409,2.85,76986.11
48231,"County 231, TX",TX,2023,1609,8550,545940755,364871725,1176.63,61184.59,4.31,-0.66,1.9793,1.86,81526.93
48232,"County 232, TX",TX,2023,6452,25498,1122672287,878118055,868.63,45168.93,3.7,7.12,0.6872,4.08,70733.53
48233,"County 233, TX",TX,2023,4079,25849,1771337599,1412651318,1316.03,68433.54,6.85,3.4,0.8976,3.46,94493.54
48234,"County 234, TX",TX,2023,53262,131783,7665748576,5077402995,1087.52,56551.2,0.31,7.24,1.0038,1.86,83643.52
48235,"County 235, TX",TX,2023,3393,5454,320054186,230335157,1108.12,57622.41,-0.09,3.91,0.7365,3.19,78878.39
48236,"County 236, TX",TX,2023,2066,4388,211478093,130644628,967.14,50291.29,6.42,5.44,1.4424,3.02,79844.48
48237,"County 237, TX",TX,2023,3697,14576,866594927,675487433,1137.52,59151.22,2.85,3.41,1.3191,1.54,74275.12
48238,"County 238, TX",TX,2023,4052,16008,983129477,631375466,1211.81,63014.08,6.38,2.15,0.732,2.84,81347.66
48239,"County 239, TX",TX,2023,36507,97041,4935066939,3501653897,968.23,50348.02,6.12,2.75,1.0608,3.55,85816.99
48240,"County 240, TX",TX,2023,7199,23861,901644241,600205911,737.45,38347.31,7.86,2.14,0.6532,4.98,67612.5
48241,"County 241, TX",TX,2023,51624,108706,4677015530,3147615926,808.66,42050.26,4.37,2.4,0.8864,4.44,79744.01
48242,"County 242, TX",TX,2023,1597,5192,345149818,253675639,1275.58,66330.3,6.28,6.72,0.6013,2.07,88811.77
48243,"County 243, TX",TX,2023,2421,6490,310986457,244152890,898.6,46727.33,2.35,2.4,0.8284,2.52,78463.74
48244,"County 244, TX",TX,2023,5286,21895,1391848784,1021012228,1282.94,66712.65,1.66,4.41,1.3355,3.25,82365.75
48245,"County 245, TX",TX,2023,5733,18922,1276339263,946299670,1296.95,67441.33,4.63,4.53,0.7037,2.19,94935.66
48246,"County 246, TX",TX,2023,5066,20234,1035205278,651993602,995.45,51763.34,2.95,4.92,0.7046,3.25,75925.55
48247,"County 247, TX",TX,2023,59198,166607,9802860320,6710821791,1151.54,59880.04,6.89,4.43,1.0996,3.39,83185.75
48248,"County 248, TX",TX,2023,10146,48445,2770948164,2092746300,1057.05,54966.42,-0.89,0.34,0.9764,2.48,73368.35
48249,"County 249, TX",TX,2023,8091,19883,1256230548,834862980,1274.36,66266.85,6.95,3.52,1.0091,1.96,85965.96
48250,"County 250, TX",TX,2023,6929,29113,1655378648,1250384193,1064.51,55354.59,3.87,6.63,0.7837,1.58,72380.23
48251,"County 251, TX",TX,2023,13991,65217,3878753176,2599794970,1135.64,59053.28,-0.86,2.38,1.2587,2.76,76007.45
48252,"County 252, TX",TX,2023,5230,20051,967974116,705302856,953.42,49577.88,1.18,3.11,1.0426,3.86,78598.81
48253,"County 253, TX",TX,2023,34378,98713,5293694164,3363921572,1052.24,54716.44,-0.22,3.93,0.9892,2.42,74926.74
48254,"County 254, TX",TX,2023,18053,28306,1572927856,1080406315,1093.06,56839.11,6.97,3.97,0.6817,2.19,79474.58
49001,"County 001, UT",UT,2023,1321,2660,177174794,123748938,1270.97,66090.65,-2.61,6.73,1.0851,2.4,65972.61
49002,"County 002, UT",UT,2023,1864,5054,338679869,257599215,1346.94,70041.0,-2.07,3.54,0.8548,2.25,71613.62
49003,"County 003, UT",UT,2023,10720,57696,3673465575,2638184622,1237.05,64326.85,0.55,1.43,1.153,2.05,59390.75
49004,"County 004, UT",UT,2023,12583,25826,1878978821,1340354726,1438.35,74794.11,-2.48,4.89,1.0465,1.14,73733.74
49005,"County 005, UT",UT,2023,4837,18519,1552893114,1145458636,1576.99,82003.6,-0.79,2.57,0.865,1.86,74687.89
49006,"County 006, UT",UT,2023,6057,23893,1731204690,1082313182,1336.67,69507.02,-6.16,2.19,0.9844,1.0,61653.45
49007,"County 007, UT",UT,2023,10541,26246,1814495676,1171956880,1276.46,66376.13,3.51,3.47,0.9415,2.14,59856.52
49008,"County 008, UT",UT,2023,20610,76866,5181378395,3679103076,1266.63,65864.51,0.47,3.85,0.9866,2.72,78367.29
49009,"County 009, UT",UT,2023,6893,34410,2211267630,1363535288,1237.18,64333.26,5.92,5.58,0.6752,3.8,62095.15
49010,"County 010, UT",UT,2023,707,2227,164399271,107782258,1444.49,75113.39,-6.33,4.97,0.8248,2.83,71415.34
49011,"County 011, UT",UT,2023,1325,3783,300046488,209234230,1542.59,80214.8,-2.9,0.67,1.3367,1.0,72566.14
49012,"County 012, UT",UT,2023,1201,2787,173210103,120583018,1153.68,59991.53,0.28,5.61,0.7042,2.64,65592.18
49013,"County 013, UT",UT,2023,86221,292215,19933759916,12781757193,1319.81,68630.13,-0.57,3.11,0.7547,2.72,64841.91
49014,"County 014, UT",UT,2023,587,2699,192351871,118991942,1356.51,70538.48,-0.28,6.45,0.803,1.0,71397.63
49015,"County 015, UT",UT,2023,7519,19167,1337087008,806303748,1364.95,70977.56,1.79,1.25,3.6756,1.0,67030.49
49016,"County 016, UT",UT,2023,72518,317156,21179836324,13904862655,1230.21,63971.02,-1.24,4.17,1.2453,3.49,60263.32
49017,"County 017, UT",UT,2023,3884,12229,839333702,549107541,1290.12,67086.48,0.26,3.37,0.7776,1.0,78773.61
49018,"County 018, UT",UT,2023,6566,11415,823291898,546221361,1409.47,73292.41,-2.28,4.65,1.9811,1.54,59805.91
49019,"County 019, UT",UT,2023,11654,36818,3088414071,2460473255,1551.34,80669.71,-2.24,2.83,1.1815,1.0,69454.3
49020,"County 020, UT",UT,2023,2051,6368,472810376,366268420,1361.07,70775.53,2.94,2.55,0.9167,1.05,72358.61
49021,"County 021, UT",UT,2023,8222,29140,2111273905,1649153218,1380.95,71809.4,-1.95,4.28,0.9439,1.0,60875.68
49022,"County 022, UT",UT,2023,4260,20011,1205164162,951184038,1172.92,60991.98,-0.97,3.7,0.7564,1.0,52387.1
49023,"County 023, UT",UT,2023,511,2765,232201694,147016032,1554.51,80834.59,1.25,-0.36,1.3648,2.06,83346.8
49024,"County 024, UT",UT,2023,1392,3210,237502795,180216659,1451.35,75470.45,-2.08,3.79,0.8854,3.23,74492.09
49025,"County 025, UT",UT,2023,5058,19344,1181233887,815035121,1147.14,59651.07,1.99,1.92,0.8296,2.96,67076.09
49026,"County 026, UT",UT,2023,4473,14356,774757111,559959349,1083.45,56339.56,2.06,4.26,0.6551,3.08,65547.01
49027,"County 027, UT",UT,2023,31064,83850,4706194193,3720568474,1118.49,58161.33,-2.19,6.0,0.7025,2.27,55802.7
49028,"County 028, UT",UT,2023,34215,97369,6741914521,5109699647,1304.73,67846.17,-0.54,4.49,1.3634,1.0,63015.92
49029,"County 029, UT",UT,2023,566,2404,175703009,136994662,1469.4,76409.05,1.0,7.56,0.828,1.5,69226.37
50001,"County 001, VT",VT,2023,19277,107509,5137735515,3114506045,898.17,46704.59,5.74,6.75,1.2846,3.87,66104.95
50002,"County 002, VT",VT,2023,2228,10054,485213287,313312714,896.25,46605.0,3.21,2.18,1.2632,5.52,75919.52
50003,"County 003, VT",VT,2023,2538,8041,333405706,204542597,796.33,41409.42,9.66,2.2,0.7088,4.6,67554.18
50004,"County 004, VT",VT,2023,13852,79429,2536821464,1976171081,625.92,32547.65,2.26,4.19,0.6742,4.35,58075.92
50005,"County 005, VT",VT,2023,4120,16797,816203074,598608600,923.23,48007.87,4.47,3.79,0.6187,3.76,69163.23
50006,"County 006, VT",VT,2023,6071,11548,294572790,182892103,496.27,25806.29,2.77,3.01,0.8987,5.77,59995.53
50007,"County 007, VT",VT,2023,1738,5467,199507255,139832022,670.95,34889.39,1.24,3.63,1.1777,3.87,67162.08
50008,"County 008, VT",VT,2023,831,4239,108745625,78880714,496.72,25829.51,6.1,7.31,0.8627,5.73,61080.11
50009,"County 009, VT",VT,2023,4136,21373,939846701,591890202,829.94,43157.01,-1.14,3.97,1.5996,4.2,64459.35
50010,"County 010, VT",VT,2023,10359,23631,877954936,615564656,689.26,35841.42,1.46,2.66,1.7608,3.32,57719.43
50011,"County 011, VT",VT,2023,2265,9094,395896830,290266136,799.97,41598.22,3.31,4.1,1.1843,3.99,70384.03
50012,"County 012, VT",VT,2023,4699,20449,733743625,500043359,665.61,34611.84,4.31,2.2,0.974,4.68,74393.94
50013,"County 013, VT",VT,2023,16086,46052,2215661868,1552781213,972.4,50565.01,0.15,3.08,0.539,3.78,69802.33
50014,"County 014, VT",VT,2023,805,2805,150371138,90688909,1020.56,53069.18,5.74,4.27,0.8611,3.62,77005.31
51001,"County 001, VA",VA,2023,5019,12861,1240111876,816362383,1845.44,95962.98,2.8,4.36,1.3998,2.34,58896.62
51002,"County 002, VA",VA,2023,5042,10353,1082884934,821029491,2056.36,106930.68,0.97,3.98,0.8345,2.82,65529.59
51003,"County 003, VA",VA,2023,3942,13241,1240150652,860224437,1841.09,95736.87,6.22,3.61,0.5926,1.38,65099.34
51004,"County 004, VA",VA,2023,5893,20242,1970944104,1260282130,1897.39,98664.31,4.6,3.27,1.1589,2.05,65403.46
51005,"County 005, VA",VA,2023,1599,6253,597510119,359382555,1875.92,97547.97,2.01,4.57,1.6141,2.8,62491.33
51006,"County 006, VA",VA,2023,311,1414,166864574,107611457,2219.42,115409.66,2.08,1.42,0.9859,2.07,74760.91
51007,"County 007, VA",VA,2023,2433,8969,1054962205,789044726,2362.18,122833.5,3.78,5.28,1.067,2.08,74871.78
51008,"County 008, VA",VA,2023,11953,25574,2241122157,1403438223,1681.97,87462.43,3.05,2.91,1.5889,1.0,57776.28
51009,"County 009, VA",VA,2023,84882,293603,29703690795,20734997552,2020.29,105055.18,0.39,2.6,1.3021,2.11,63806.98
51010,"County 010, VA",VA,2023,18874,70689,7122890927,5133676413,2037.64,105957.29,2.36,1.63,1.2653,2.29,72705.57
51011,"County 011, VA",VA,2023,3838,15751,1498722600,982636334,1763.98,91726.92,1.92,2.31,1.6498,4.51,58943.26
51012,"County 012, VA",VA,2023,4229,34371,3621319259,2727246404,2064.7,107364.27,-0.54,3.9,1.4816,1.29,66165.14
51013,"County 013, VA",VA,2023,1245,6515,605362415,474190157,1783.6,92747.06,5.44,4.59,0.9749,2.1,64311.06
51014,"County 014, VA",VA,2023,2065,3899,407106795,246470618,2061.92,107219.93,-0.43,4.25,0.9936,1.1,60752.01
51015,"County 015, VA",VA,2023,649,2602,263033747,205332486,1982.73,103101.88,1.39,5.37,0.9261,3.41,61417.04
51016,"County 016, VA",VA,2023,16569,48533,5349534223,3357739577,2048.7,106532.23,5.78,2.85,1.1878,2.36,70050.61
51017,"County 017, VA",VA,2023,47,188,19038428,12680693,1942.92,101031.99,3.67,2.89,0.5982,3.34,60176.1
51018,"County 018, VA",VA,2023,75277,369155,41049501757,29546038131,2036.78,105912.51,1.96,3.0,1.0481,1.07,67778.83
51019,"County 019, VA",VA,2023,4583,16216,1673061180,1054570555,1976.02,102752.86,6.25,2.72,1.4082,2.93,55507.63
51020,"County 020, VA",VA,2023,735,4575,494638268,381874245,2073.88,107841.66,3.69,1.44,1.0274,1.22,71731.0
51021,"County 021, VA",VA,2023,6729,17756,1820731434,1204266496,2017.26,104897.73,4.17,5.35,1.1492,1.63,66024.29
51022,"County 022, VA",VA,2023,2691,12124,1420548106,1014502836,2298.83,119538.98,6.81,2.08,0.4698,2.34,71689.21
51023,"County 023, VA",VA,2023,4342,18409,1755717174,1393433269,1919.41,99809.42,6.39,5.77,0.8616,2.06,51990.21
51024,"County 024, VA",VA,2023,5937,14932,1573059550,1062201850,2110.49,109745.55,6.38,3.82,1.4906,2.29,69297.43
51025,"County 025, VA",VA,2023,23498,61858,6292221654,4086778147,2049.3,106563.41,1.98,4.64,0.7618,2.28,67158.27
51026,"County 026, VA",VA,2023,4363,18829,2020603564,1313194919,2055.64,106893.53,-1.1,4.47,0.8993,1.47,60414.61
51027,"County 027, VA",VA,2023,3198,8558,791058021,616387026,1852.76,96343.69,6.1,4.71,0.6817,2.02,57257.07
51028,"County 028, VA",VA,2023,1583,8966,1012175319,690678522,2195.41,114161.15,-0.6,0.09,0.5235,1.38,67781.1
51029,"County 029, VA",VA,2023,4629,12002,1193497871,771921161,1951.45,101475.4,6.75,2.1,0.5923,2.19,56174.52
51030,"County 030, VA",VA,2023,3739,8239,921428973,617612144,2170.8,112881.66,0.57,2.84,2.0097,1.28,69550.12
51031,"County 031, VA",VA,2023,5179,18454,1820309246,1375988914,1935.14,100627.27,1.93,4.14,1.7507,1.63,69815.03
51032,"County 032, VA",VA,2023,43774,243895,28613940645,18503209138,2233.1,116121.12,0.46,3.95,1.0004,1.0,73686.99
51033,"County 033, VA",VA,2023,458,2458,236092995,161126429,1922.52,99971.21,6.59,1.32,0.6561,1.91,62827.51
51034,"County 034, VA",VA,2023,2801,5511,553700460,433910293,1845.89,95986.43,0.25,5.15,0.7045,2.28,55994.44
51035,"County 035, VA",VA,2023,34563,71837,6926369385,4491055279,1774.7,92284.39,2.53,1.33,1.4605,2.64,62323.76
51036,"County 036, VA",VA,2023,3821,8213,934640489,680729479,2191.06,113935.08,7.28,1.73,1.0997,1.89,69676.1
51037,"County 037, VA",VA,2023,1411,4606,445502873,274021702,1780.09,92564.72,-0.36,2.73,0.7317,2.36,53390.16
51038,"County 038, VA",VA,2023,32395,116763,11604665549,8982605350,1860.56,96749.32,0.08,0.83,1.0412,4.07,55180.55
51039,"County 039, VA",VA,2023,1387,6589,768372633,584623536,2333.34,121333.83,3.32,3.53,1.1264,1.57,80865.22
51040,"County 040, VA",VA,2023,5283,19041,2461489148,1527952161,2370.3,123255.72,5.44,6.08,2.3281,1.0,76411.35
51041,"County 041, VA",VA,2023,20287,50158,3992768392,2719095904,1590.29,82694.83,3.01,2.68,0.7306,3.05,51151.59
51042,"County 042, VA",VA,2023,2423,16390,1799014335,1232501957,2064.78,107368.61,0.92,6.37,0.6156,1.8,70034.51
51043,"County 043, VA",VA,2023,93660,192611,21485436000,14240129061,2090.24,108692.45,2.88,7.04,1.2538,3.35,61447.41
51044,"County 044, VA",VA,2023,10143,24745,2697060482,2020910908,2124.21,110459.08,5.05,5.73,1.1092,1.0,66270.7
51045,"County 045, VA",VA,2023,1779,5032,509255943,332976761,2021.75,105130.97,3.16,1.49,0.8602,1.95,72350.25
51046,"County 046, VA",VA,2023,23395,108786,12571388091,7733204662,2320.11,120645.94,2.49,7.43,0.7905,1.51,74199.14
51047,"County 047, VA",VA,2023,3762,15890,1810519026,1377043232,2268.61,117967.64,9.46,2.52,0.625,2.31,70780.57
51048,"County 048, VA",VA,2023,67763,336426,32953581594,22555440032,1810.86,94164.93,0.23,5.12,1.0036,1.48,54370.7
51049,"County 049, VA",VA,2023,468,1837,197206568,146066157,2103.68,109391.56,0.04,4.05,0.8919,1.0,70293.08
51050,"County 050, VA",VA,2023,626,3424,403386765,293322328,2200.96,114449.78,3.31,3.78,1.6163,1.0,73308.49
51051,"County 051, VA",VA,2023,10690,27066,3028638652,1872575607,2244.7,116724.26,3.01,2.97,2.0377,1.84,68388.19
51052,"County 052, VA",VA,2023,3737,13964,1500115093,983247735,2047.92,106491.58,5.38,4.0,1.9973,1.83,72614.7
51053,"County 053, VA",VA,2023,69397,160427,16203612485,10148301483,2041.85,106176.39,2.17,2.82,0.6805,1.92,70397.75
51054,"County 054, VA",VA,2023,2324,9424,1002288923,663241364,1964.73,102165.93,0.19,3.75,1.5104,1.11,70258.05
51055,"County 055, VA",VA,2023,11510,40396,4915988367,3515295737,2248.6,116927.4,3.85,2.39,0.9503,1.1,63506.58
51056,"County 056, VA",VA,2023,14551,49724,5790141396,3947176482,2147.82,111686.48,5.26,4.5,0.9938,1.0,65553.63
51057,"County 057, VA",VA,2023,146,860,87317124,56486049,1918.99,99787.23,0.63,0.79,0.9078,1.63,62725.76
51058,"County 058, VA",VA,2023,7272,22047,2455055109,1867257103,2104.24,109420.67,-0.7,5.71,1.0078,1.0,65104.41
51059,"County 059, VA",VA,2023,1752,5772,576473625,378986585,2004.82,104250.58,-0.02,1.26,0.8428,1.06,64626.51
51060,"County 060, VA",VA,2023,7166,15127,1379109294,912279296,1809.45,94091.53,4.93,2.69,0.8434,2.55,51123.02
51061,"County 061, VA",VA,2023,18400,88904,10524583032,7585587863,2218.38,115355.99,-0.14,1.43,1.156,2.17,64212.3
51062,"County 062, VA",VA,2023,398,1692,177354769,118263782,2076.26,107965.52,2.74,6.13,1.277,2.43,76634.26
51063,"County 063, VA",VA,2023,4076,23142,2445699678,1667371104,2111.84,109815.83,0.15,3.93,0.7421,1.18,70724.09
51064,"County 064, VA",VA,2023,2842,8102,931300897,587259362,2156.29,112126.87,0.42,0.04,0.5785,1.7,63867.79
51065,"County 065, VA",VA,2023,2744,10680,1067898756,703213943,1996.62,103824.12,4.75,3.48,0.9736,2.8,68628.65
51066,"County 066, VA",VA,2023,2597,9096,1031552173,714187111,2169.81,112830.25,3.27,6.31,1.2036,2.22,65761.52
51067,"County 067, VA",VA,2023,3139,17728,1705148800,1209926760,1818.07,94539.61,4.49,3.51,1.1185,2.03,72624.43
51068,"County 068, VA",VA,2023,2583,8215,839346358,566479814,1881.95,97861.33,6.27,2.59,0.9812,1.0,59894.66
51069,"County 069, VA",VA,2023,8594,30631,3760920586,2556261564,2276.78,118392.46,0.74,2.58,0.6065,1.31,72881.72
51070,"County 070, VA",VA,2023,9054,26086,2513119075,1949516082,1842.89,95830.31,1.4,3.36,1.1112,2.29,61073.48
51071,"County 071, VA",VA,2023,10504,40388,3854693728,2595636724,1802.1,93709.26,3.75,3.15,1.4422,2.88,59063.93
51072,"County 072, VA",VA,2023,1187,4753,490471510,326529848,2018.63,104969.01,-0.71,3.87,1.9452,1.43,61610.61
51073,"County 073, VA",VA,2023,6230,22462,2151085124,1300603075,1841.51,95758.67,3.3,1.83,1.0274,1.74,51680.16
51074,"County 074, VA",VA,2023,6595,18045,1953308016,1263489028,2097.45,109067.41,5.2,4.49,0.617,1.6,59915.33
51075,"County 075, VA",VA,2023,51571,280333,29649966360,20309247746,2125.75,110538.85,5.09,1.69,0.8615,2.56,61080.68
51076,"County 076, VA",VA,2023,5500,26137,2848003261,2274934168,2003.47,104180.26,9.85,4.63,0.9621,2.3,63668.2
51077,"County 077, VA",VA,2023,5883,15984,1542733620,1208720095,1849.58,96178.36,9.11,2.34,1.0324,2.38,59722.33
51078,"County 078, VA",VA,2023,5392,7373,730675610,459739811,1930.88,100405.92,3.31,3.47,0.9162,1.17,54762.65
51079,"County 079, VA",VA,2023,4513,14366,1327665163,807267052,1832.14,95271.53,5.31,3.86,1.9293,3.03,62869.22
51080,"County 080, VA",VA,2023,1892,12043,1492736527,1106781715,2299.77,119587.79,-0.67,3.76,1.0282,1.72,72813.62
51081,"County 081, VA",VA,2023,21906,87373,9116814858,6519150430,1952.94,101552.83,6.45,3.26,0.4285,2.52,61476.99
51082,"County 082, VA",VA,2023,2957,11114,1358659296,887762386,2256.86,117356.72,5.99,4.24,1.3305,1.69,71400.55
51083,"County 083, VA",VA,2023,2565,10325,974584936,626317029,1868.14,97143.3,5.0,5.75,0.6799,2.67,61659.23
51084,"County 084, VA",VA,2023,1648,7222,683453769,440981067,1890.76,98319.72,4.21,0.77,0.8361,2.39,69232.39
51085,"County 085, VA",VA,2023,7617,25745,2610665211,1977917568,1866.05,97034.51,5.79,2.44,0.7271,2.5,61639.89
51086,"County 086, VA",VA,2023,4785,25401,2847347154,1817557627,2152.79,111945.08,6.23,5.32,0.6191,1.44,73527.74
51087,"County 087, VA",VA,2023,3591,18465,1905851034,1443749124,2011.72,104609.69,2.87,0.24,0.8201,1.69,64373.29
51088,"County 088, VA",VA,2023,6773,41691,4094498671,3041361640,1960.01,101920.54,7.49,7.01,0.8566,2.81,65940.69
51089,"County 089, VA",VA,2023,337,1392,131083337,89158630,1870.07,97243.4,6.37,3.82,0.8281,1.0,63999.7
51090,"County 090, VA",VA,2023,2983,7328,743377959,571935460,1895.69,98576.03,4.54,4.64,1.4446,2.65,61730.64
51091,"County 091, VA",VA,2023,8110,31002,3483066002,2612167125,2079.47,108132.54,0.96,4.36,0.7582,2.82,61074.58
51092,"County 092, VA",VA,2023,3181,8122,811157212,632465589,2000.74,104038.68,5.37,2.49,1.1523,1.21,64863.06
51093,"County 093, VA",VA,2023,12699,49550,4624547780,2930696580,1788.43,92998.38,4.51,2.87,1.0883,2.09,69163.27
51094,"County 094, VA",VA,2023,3023,15944,1474234209,1117916916,1785.51,92846.38,1.17,2.07,1.1124,2.57,59860.46
51095,"County 095, VA",VA,2023,6844,25241,2560478003,1978766296,1979.56,102937.21,4.6,4.12,1.1256,3.65,69954.37
51096,"County 096, VA",VA,2023,1427,5357,533991288,352555419,1944.4,101108.82,4.71,2.87,1.2127,2.77,52312.5
51097,"County 097, VA",VA,2023,76618,348636,32636243035,24140021156,1876.03,97553.81,0.11,5.48,1.3132,2.57,67978.67
51098,"County 098, VA",VA,2023,9719,19346,2068364976,1458880676,2090.72,108717.45,0.66,6.83,0.5796,2.44,69776.75
51099,"County 099, VA",VA,2023,20791,94262,9782876328,6875163986,2057.13,106970.94,1.9,2.22,0.6597,2.44,67709.6
51100,"County 100, VA",VA,2023,2768,8015,793646345,572638358,1885.17,98028.66,1.76,1.11,0.5514,1.77,62599.72
51101,"County 101, VA",VA,2023,6176,23044,2753680508,1872498358,2233.02,116117.09,1.53,4.36,2.0687,1.0,64623.02
51102,"County 102, VA",VA,2023,2435,10210,1071505702,681644725,1993.42,103657.78,2.93,4.42,1.2544,3.07,65794.5
51103,"County 103, VA",VA,2023,1414,3334,312529759,208897867,1866.37,97051.08,4.98,3.73,0.7092,3.54,61338.39
51104,"County 104, VA",VA,2023,8633,34579,3425484477,2633698784,1899.97,98798.33,0.07,5.55,1.2638,1.58,66849.56
51105,"County 105, VA",VA,2023,1997,12264,1496555088,1147985356,2288.04,118978.12,2.64,5.46,0.9488,1.0,67879.78
51106,"County 106, VA",VA,2023,19735,86882,8276061960,6366674428,1910.71,99356.93,1.48,1.07,0.5313,2.69,63335.02
51107,"County 107, VA",VA,2023,4591,23398,2403838210,1755145753,1942.24,100996.6,2.16,4.46,1.504,3.01,64194.92
51108,"County 108, VA",VA,2023,1204,7376,712972142,484612556,1870.13,97246.99,5.03,2.93,0.7894,2.8,63097.61
51109,"County 109, VA",VA,2023,5044,17131,1492936685,954045099,1666.16,86640.52,0.62,0.75,0.9526,3.3,54634.12
51110,"County 110, VA",VA,2023,33661,253897,21779003902,14843698421,1650.01,85800.35,1.47,2.94,1.4946,1.86,48660.64
51111,"County 111, VA",VA,2023,36708,81443,7797496372,5648475105,1804.87,93853.11,2.58,1.63,1.5443,1.59,58348.83
51112,"County 112, VA",VA,2023,2023,9180,854479536,645694713,1850.88,96245.93,3.48,4.74,0.9815,1.85,57198.83
51113,"County 113, VA",VA,2023,524,905,90970350,71817841,1949.15,101355.92,2.72,1.76,1.1403,2.03,64495.8
51114,"County 114, VA",VA,2023,1416,4415,485301887,366060590,2085.68,108455.33,3.21,3.52,0.8168,3.72,66944.28
51115,"County 115, VA",VA,2023,1200,2991,336231112,253468258,2069.65,107621.58,1.47,-0.39,0.8733,1.22,60662.74
51116,"County 116, VA",VA,2023,10378,50787,4715346031,3252812404,1875.33,97517.13,1.82,5.53,1.3321,3.51,60745.76
51117,"County 117, VA",VA,2023,21774,70551,6720377956,5080133698,1886.64,98105.07,0.95,3.25,2.7657,3.97,66059.03
51118,"County 118, VA",VA,2023,2046,5595,533159249,347167914,1922.35,99961.99,-0.31,1.35,0.6626,2.61,64291.17
51119,"County 119, VA",VA,2023,253,1628,157436666,97293486,1866.9,97078.84,1.78,3.02,0.9162,2.17,65058.45
51120,"County 120, VA",VA,2023,4943,12420,1138959627,801593131,1792.35,93201.97,2.92,2.38,1.3028,3.1,72503.56
51121,"County 121, VA",VA,2023,727,1338,132872253,88801981,1930.78,100400.69,4.11,3.66,1.4562,2.83,67830.27
51122,"County 122, VA",VA,2023,50996,159327,15878823755,10493839488,1876.56,97581.28,-0.16,4.08,0.7471,1.3,56401.55
51123,"County 123, VA",VA,2023,10797,44566,5733326640,4124298764,2486.34,129289.75,7.24,3.97,0.9538,1.69,82873.9
51124,"County 124, VA",VA,2023,10768,56666,6724453465,4691598443,2263.18,117685.6,1.84,6.57,1.1727,1.37,71966.62
51125,"County 125, VA",VA,2023,1696,8598,914548545,702109514,2037.6,105955.44,6.69,4.62,1.3341,1.99,60891.03
51126,"County 126, VA",VA,2023,12704,34565,3300739046,2317398018,1930.3,100375.71,7.23,4.48,1.1485,2.12,61992.02
51127,"County 127, VA",VA,2023,819,2669,282989982,184134113,2029.43,105530.46,2.3,3.42,1.0891,1.57,70758.97
51128,"County 128, VA",VA,2023,5053,25587,3054304816,2237669030,2222.44,115566.8,2.9,4.31,1.1714,1.0,73750.79
51129,"County 129, VA",VA,2023,18994,85837,8728150230,6668811754,1918.15,99743.75,0.46,4.4,0.565,1.4,60235.66
51130,"County 130, VA",VA,2023,242891,689610,65306245091,45538693578,1896.58,98622.28,5.91,4.29,0.9572,1.0,66930.26
51131,"County 131, VA",VA,2023,5369,17948,1897111801,1348480685,1965.57,102209.59,4.25,5.06,0.9936,1.34,60705.56
51132,"County 132, VA",VA,2023,232,1002,107470560,85161109,2012.78,104664.64,4.84,3.84,0.517,1.47,66357.13
51133,"County 133, VA",VA,2023,3021,8436,831558045,507620301,1848.4,96117.03,7.48,3.61,1.0484,2.58,59589.44
53001,"County 001, WA",WA,2023,16299,49770,1820885985,1206816808,698.02,36297.14,6.01,5.12,0.9432,7.24,80409.09
53002,"County 002, WA",WA,2023,9531,19029,607328725,461571657,629.28,32722.58,-4.95,5.56,0.6198,6.67,71035.31
53003,"County 003, WA",WA,2023,15545,38871,2451076816,1769062551,1260.07,65523.68,1.7,3.17,1.1043,3.75,98616.86
53004,"County 004, WA",WA,2023,37502,141269,7415779383,5232196661,984.76,51207.66,-2.7,3.95,1.2317,5.06,85425.73
53005,"County 005, WA",WA,2023,8645,32351,1120653624,800839894,668.57,34765.75,5.02,6.03,1.9599,6.4,85884.59
53006,"County 006, WA",WA,2023,10276,41387,2599181959,1625448917,1220.79,63480.87,2.95,3.53,1.0901,4.3,100579.96
53007,"County 007, WA",WA,2023,93508,304594,14218559426,9841611719,929.55,48336.71,-1.6,4.63,2.0108,6.35,94288.01
53008,"County 008, WA",WA,2023,1574,6186,240336411,171586091,716.41,37253.29,3.55,5.25,1.1082,6.3,72472.39
53009,"County 009, WA",WA,2023,2471,8598,357800277,255387315,781.46,40636.12,-1.16,1.72,0.7003,4.52,87223.79
53010,"County 010, WA",WA,2023,296,1192,70257624,45066472,1116.03,58033.59,3.88,3.95,0.9199,6.0,87531.16
53011,"County 011, WA",WA,2023,2544,9841,418674973,309709180,786.01,40872.33,3.33,4.01,0.592,6.18,91971.52
53012,"County 012, WA",WA,2023,2113,4451,193404392,127361449,870.64,45273.54,6.03,3.77,1.161,6.3,74427.6
53013,"County 013, WA",WA,2023,2600,9306,394301526,305915840,844.49,43913.73,-1.17,7.76,0.9852,6.81,84388.8
53014,"County 014, WA",WA,2023,12232,48271,2688820050,2031602139,1031.06,53615.34,5.25,6.32,1.7264,4.44,87523.98
53015,"County 015, WA",WA,2023,8668,49636,3113759964,2473465974,1178.21,61267.03,4.67,5.27,0.8449,4.41,81165.15
53016,"County 016, WA",WA,2023,22215,90338,5312104484,3319918378,1103.28,57370.73,6.32,9.0,0.9624,5.77,83765.81
53017,"County 017, WA",WA,2023,1904,5059,234562128,170378837,862.88,44869.71,0.85,2.14,0.7029,5.6,82883.39
53018,"County 018, WA",WA,2023,443,1087,46661670,28520063,855.96,44509.97,-1.16,3.92,0.6333,5.53,85028.87
53019,"County 019, WA",WA,2023,589,2366,130591289,95053860,1017.48,52909.0,4.22,4.71,0.8782,5.11,89441.78
53020,"County 020, WA",WA,2023,12760,60319,3159830430,2472594107,1038.88,54021.85,4.11,6.15,0.9407,5.02,93037.13
53021,"County 021, WA",WA,2023,42951,186948,12103666052,7316784943,1186.38,61691.93,0.81,3.8,0.6557,4.25,94178.91
53022,"County 022, WA",WA,2023,7921,54765,2371825708,1780121303,864.68,44963.39,0.38,1.02,1.0789,4.64,88540.89
53023,"County 023, WA",WA,2023,11778,43226,1833383464,1430238106,853.66,44390.17,5.41,1.04,0.797,6.31,90368.1
53024,"County 024, WA",WA,2023,2813,12997,553281964,348972174,845.6,43971.24,1.63,4.51,1.0097,5.14,81073.15
53025,"County 025, WA",WA,2023,14331,81238,4223688069,2560242304,994.17,51696.71,1.64,1.61,1.8628,4.8,92178.71
53026,"County 026, WA",WA,2023,71542,134680,6049894620,3726018088,866.24,45044.44,3.48,0.78,0.7589,5.68,83616.34
53027,"County 027, WA",WA,2023,661,1912,107144039,70975188,1128.59,58686.47,4.22,2.03,0.8175,4.34,90754.3
53028,"County 028, WA",WA,2023,7795,34978,1815422365,1328453498,1046.38,54411.75,5.06,5.0,0.7811,4.52,95781.46
53029,"County 029, WA",WA,2023,409,1691,62766866,45429413,710.88,36965.93,3.39,2.14,1.0637,6.69,83422.88
53030,"County 030, WA",WA,2023,1193,5022,214382114,151239281,782.01,40664.43,3.25,5.71,1.7789,5.73,87885.73
53031,"County 031, WA",WA,2023,7045,29087,1134052579,701455850,779.26,40521.54,3.89,4.38,1.1388,4.73,76137.62
53032,"County 032, WA",WA,2023,31698,104247,4426824449,3061584444,821.07,42695.77,1.68,5.93,0.5643,5.07,88236.33
53033,"County 033, WA",WA,2023,3396,13644,606000811,396752564,872.15,45351.79,2.82,2.79,2.2038,6.37,95542.58
53034,"County 034, WA",WA,2023,322,1125,49141479,37824345,842.04,43785.94,0.39,3.66,2.0926,6.38,75731.39
53035,"County 035, WA",WA,2023,740,2637,145756436,92239417,1106.7,57548.41,3.32,6.22,0.5761,6.23,88510.53
53036,"County 036, WA",WA,2023,1601,9212,434658935,327129465,927.95,48253.21,6.27,7.75,1.5504,5.48,79821.27
53037,"County 037, WA",WA,2023,14645,43269,2401802864,1894751589,1022.34,53161.44,4.17,2.34,0.9642,4.24,88462.74
53038,"County 038, WA",WA,2023,10560,34792,1469178719,980444627,791.25,41145.2,2.18,3.88,0.7241,6.09,84030.22
53039,"County 039, WA",WA,2023,22171,108788,6190960114,4668598095,1113.54,57903.95,0.03,2.52,0.5739,5.3,96090.86
54001,"County 001, WV",WV,2023,36652,47112,1852825392,1347561207,752.68,39139.55,0.67,3.49,0.9474,3.87,71421.55
54002,"County 002, WV",WV,2023,85564,172467,9860635251,7228691520,1081.68,56247.38,0.42,3.39,1.6638,3.66,77871.92
54003,"County 003, WV",WV,2023,14354,50621,2440262207,1649699380,887.0,46123.86,-0.13,5.16,1.5743,3.65,81130.1
54004,"County 004, WV",WV,2023,7940,40787,2300148530,1494483692,1094.03,56889.42,4.81,4.9,1.3138,3.42,76341.72
54005,"County 005, WV",WV,2023,239,1531,103881240,68058634,1248.58,64926.39,2.58,5.09,0.7597,3.3,79676.19
54006,"County 006, WV",WV,2023,35926,66353,3525242807,2694463295,1045.54,54368.19,-3.0,-1.58,1.3329,4.46,67485.34
54007,"County 007, WV",WV,2023,27984,108879,6405123752,4055337303,1162.93,60472.48,-3.6,3.5,0.7582,3.53,82326.42
54008,"County 008, WV",WV,2023,126508,362325,19499743377,13350382300,1027.14,53411.46,-0.61,4.73,0.7214,3.36,78136.6
54009,"County 009, WV",WV,2023,307,1266,84321821,58446038,1266.54,65860.22,2.63,4.5,0.5949,3.78,75177.35
54010,"County 010, WV",WV,2023,1165,6459,293570083,187264985,846.89,44038.16,-0.52,5.06,1.0205,5.04,73616.43
54011,"County 011, WV",WV,2023,10514,40449,3095492974,2284563749,1403.82,72998.59,3.07,3.04,1.2482,2.94,82003.91
54012,"County 012, WV",WV,2023,5600,14098,774787136,526163991,1056.74,54950.29,4.5,4.29,0.8434,2.21,75681.26
54013,"County 013, WV",WV,2023,2549,8087,341065540,236570137,825.95,42949.22,2.36,2.94,1.0309,4.27,70526.19
54014,"County 014, WV",WV,2023,8920,17604,1072313032,660374824,1122.81,58386.28,-1.94,5.87,0.5948,2.8,70067.84
54015,"County 015, WV",WV,2023,3080,7332,448057028,270435706,1166.55,60660.59,0.7,4.05,0.7271,2.49,81956.3
54016,"County 016, WV",WV,2023,13637,26505,1394454420,1047319310,992.46,51608.06,2.16,3.75,2.0699,4.17,79067.42
54017,"County 017, WV",WV,2023,17597,59108,3865787852,2969942268,1224.07,63651.54,3.08,4.05,0.9491,2.76,85891.27
54018,"County 018, WV",WV,2023,4605,14456,886608618,704888133,1240.74,64518.38,0.0,4.47,0.9377,4.82,79219.76
54019,"County 019, WV",WV,2023,4920,21506,1409026229,923221298,1273.87,66241.49,0.05,2.89,1.0344,3.06,87614.65
54020,"County 020, WV",WV,2023,33285,146866,6719164490,4619118052,920.96,47890.09,1.56,4.3,0.8923,2.38,84293.34
54021,"County 021, WV",WV,2023,5342,27640,1466636467,1049327968,1026.4,53372.89,-2.56,3.06,1.2733,4.94,71145.42
54022,"County 022, WV",WV,2023,4081,23133,1119141633,871694557,931.02,48412.81,0.75,2.07,1.8267,1.94,68115.4
54023,"County 023, WV",WV,2023,1731,4486,306208594,188915519,1324.39,68868.49,-4.63,3.41,0.7822,3.1,80677.63
54024,"County 024, WV",WV,2023,3274,11562,668651447,448262904,1119.89,58234.14,-0.11,3.87,1.3436,1.52,77636.2
54025,"County 025, WV",WV,2023,6026,29912,1514856829,955993365,971.28,50506.68,3.7,0.05,1.869,5.07,71843.35
54026,"County 026, WV",WV,2023,8942,21727,1560876334,942012162,1422.19,73953.94,-3.69,2.87,2.1976,3.02,90141.65
54027,"County 027, WV",WV,2023,7291,28516,1535603589,1194508673,1000.3,52015.52,1.22,2.69,0.9553,4.23,79770.67
54028,"County 028, WV",WV,2023,1870,4348,290899957,223753995,1291.61,67163.97,-0.11,6.64,0.7247,4.92,84436.95
54029,"County 029, WV",WV,2023,12086,53606,3021683770,2240697231,1102.58,57334.17,-1.75,6.57,0.9112,3.3,76920.84
54030,"County 030, WV",WV,2023,7968,28235,1575231693,1179835089,1043.58,54266.31,2.08,5.92,1.6786,3.96,67336.26
54031,"County 031, WV",WV,2023,14266,49467,2965640795,2235806871,1159.18,60277.58,2.85,4.37,1.0723,4.43,74907.47
54032,"County 032, WV",WV,2023,3000,14701,880746726,621220596,1212.33,63040.92,0.62,5.07,1.0187,2.69,77722.69
54033,"County 033, WV",WV,2023,1359,5023,257124567,198481290,937.96,48774.08,0.98,5.33,1.4295,3.92,75301.79
54034,"County 034, WV",WV,2023,38535,98510,5621601257,4085256202,1125.71,58536.77,5.74,2.97,0.635,5.09,81583.11
54035,"County 035, WV",WV,2023,2126,10317,586871567,437059506,1106.1,57517.16,4.86,3.04,1.5426,2.95,78596.61
54036,"County 036, WV",WV,2023,13470,43227,2708283507,1934050904,1188.78,61816.36,-0.94,3.12,1.0092,4.56,84294.45
54037,"County 037, WV",WV,2023,57990,194582,9450017522,7483476088,940.32,48896.89,-1.57,3.9,1.1792,3.16,65055.62
54038,"County 038, WV",WV,2023,286918,1013574,50543155634,33165886440,948.77,49336.21,3.53,4.89,1.2474,4.43,76948.14
54039,"County 039, WV",WV,2023,14181,56812,3926737552,2395336085,1310.64,68153.49,3.21,5.31,0.6345,3.53,83295.43
54040,"County 040, WV",WV,2023,5296,16397,800788712,640189736,947.1,49249.3,1.54,2.55,1.0485,3.24,80350.98
54041,"County 041, WV",WV,2023,18939,75113,3261891544,2068118261,835.0,43420.02,-0.05,4.45,1.1274,5.11,74586.32
54042,"County 042, WV",WV,2023,10361,63980,2841902864,2123792640,871.67,45326.71,4.09,4.43,0.8016,4.28,62959.59
54043,"County 043, WV",WV,2023,187,547,30163920,20043401,1064.43,55350.58,2.36,1.22,1.1936,2.98,68442.42
54044,"County 044, WV",WV,2023,24824,126288,6747030943,5111100880,1046.19,54401.79,1.75,7.53,0.8832,4.5,78184.94
54045,"County 045, WV",WV,2023,4193,14811,977275952,756510961,1316.35,68450.01,0.26,5.81,1.0357,3.81,88739.23
54046,"County 046, WV",WV,2023,1416,6031,401208964,246197098,1222.24,63556.47,-0.16,4.14,0.9071,2.98,90340.25
54047,"County 047, WV",WV,2023,9675,38049,1765826356,1144820337,890.78,46320.64,5.2,3.15,0.8563,5.09,72080.37
54048,"County 048, WV",WV,2023,2064,6351,312453150,202046636,952.2,49514.28,3.79,2.8,0.9705,3.87,69346.82
54049,"County 049, WV",WV,2023,11169,37291,2192839391,1603741894,1168.02,60737.29,-2.61,3.73,1.1363,3.3,76308.99
54050,"County 050, WV",WV,2023,21182,102944,7891927312,6089986637,1506.81,78353.92,-0.57,2.44,1.1424,2.65,84016.51
54051,"County 051, WV",WV,2023,4460,21215,1017122042,717475631,947.13,49250.66,-1.59,5.21,0.815,4.63,76559.81
54052,"County 052, WV",WV,2023,28969,64616,4200157701,3004580385,1214.94,63176.78,0.9,5.92,0.6363,2.41,77523.17
54053,"County 053, WV",WV,2023,3879,17946,891185579,628347069,983.97,51166.46,0.48,4.59,1.0601,5.29,79026.45
54054,"County 054, WV",WV,2023,8882,29909,1624931541,1214284348,1043.88,54281.84,0.45,1.4,1.2762,4.39,77139.12
54055,"County 055, WV",WV,2023,29459,83142,5462410932,3558984901,1267.56,65913.26,-0.73,6.49,1.0887,2.38,87291.81
55001,"County 001, WI",WI,2023,31436,71208,2041937821,1503500413,558.89,29062.05,0.92,4.22,1.3366,4.21,51339.06
55002,"County 002, WI",WI,2023,22714,112785,2430525889,1748198931,423.08,22000.0,-0.46,6.54,1.5799,4.25,37209.18
55003,"County 003, WI",WI,2023,3142,7414,163478922,117239719,423.08,22000.0,2.45,2.36,2.5618,3.33,59604.32
55004,"County 004, WI",WI,2023,7620,27095,883045419,609826219,609.86,31712.93,3.55,3.49,0.7897,3.41,53435.02
55005,"County 005, WI",WI,2023,3309,19625,628613165,404412838,618.19,32145.8,1.11,6.81,1.536,3.26,53401.68
55006,"County 006, WI",WI,2023,36131,96578,2180051069,1384886805,423.08,22000.0,-0.28,4.09,0.8652,3.93,47454.47
55007,"County 007, WI",WI,2023,51165,185162,5112201590,3546462913,518.22,26947.38,1.21,2.91,0.7154,3.21,48876.54
55008,"County 008, WI",WI,2023,2703,8540,226655975,146581059,523.66,27230.44,2.34,5.38,0.9433,3.4,46724.22
55009,"County 009, WI",WI,2023,14134,75386,1635779801,1192414661,438.63,22808.88,3.85,7.21,0.7374,3.28,51555.47
55010,"County 010, WI",WI,2023,647,2129,68336586,53039749,621.65,32325.92,3.73,2.62,1.3232,4.62,55102.11
55011,"County 011, WI",WI,2023,4695,10386,227064958,138734905,423.08,22000.0,3.57,0.44,1.0386,4.01,40119.31
55012,"County 012, WI",WI,2023,996,3377,72918262,44950169,423.08,22000.0,4.96,5.3,2.1556,3.66,47234.32
55013,"County 013, WI",WI,2023,2317,10509,322833988,241361000,598.47,31120.48,-1.0,3.52,1.1635,4.47,51890.14
55014,"County 014, WI",WI,2023,3870,21472,588279227,470360599,522.09,27148.75,3.82,2.17,0.5953,3.22,47774.98
55015,"County 015, WI",WI,2023,591,2589,59266242,41744918,423.08,22000.0,4.04,2.38,1.1033,4.16,56766.24
55016,"County 016, WI",WI,2023,4179,24918,555027953,434445235,423.08,22000.0,0.45,3.83,1.0879,4.29,56261.87
55017,"County 017, WI",WI,2023,864,2316,82525204,64382424,684.41,35589.13,5.21,4.12,0.5715,1.89,65273.64
55018,"County 018, WI",WI,2023,4681,11248,250332162,198360260,423.08,22000.0,7.55,2.48,1.2249,4.31,48550.68
55019,"County 019, WI",WI,2023,66582,391676,8614064433,6359774252,423.08,22000.0,0.06,2.38,0.5813,4.22,53509.03
55020,"County 020, WI",WI,2023,5711,13992,518925223,382833209,697.57,36273.73,3.14,1.55,0.6939,3.13,49667.85
55021,"County 021, WI",WI,2023,2825,10197,214395420,155068049,423.08,22000.0,3.08,4.5,1.1571,3.66,44630.33
55022,"County 022, WI",WI,2023,978,4381,93296104,56351901,423.08,22000.0,5.46,4.61,0.873,4.96,46700.46
55023,"County 023, WI",WI,2023,10192,28374,600892915,417267244,423.08,22000.0,2.58,3.04,0.7779,3.85,49587.52
55024,"County 024, WI",WI,2023,15388,28723,626399111,444150325,423.08,22000.0,5.02,6.21,0.7005,5.09,49724.54
55025,"County 025, WI",WI,2023,4907,11736,247967372,183950123,423.08,22000.0,0.68,3.94,0.6742,3.72,56964.83
55026,"County 026, WI",WI,2023,23219,165589,4346363575,3011731033,504.33,26225.19,4.27,0.44,0.8071,3.55,45204.65
55027,"County 027, WI",WI,2023,33924,123761,3184996425,2126954624,488.49,25401.35,-1.91,4.67,1.0042,3.31,48968.49
55028,"County 028, WI",WI,2023,672,2651,60051509,39113542,423.08,22000.0,3.54,3.66,0.731,4.42,49451.63
55029,"County 029, WI",WI,2023,10592,61623,1384193803,926764622,451.05,23454.58,7.14,3.81,0.8683,3.58,45423.74
55030,"County 030, WI",WI,2023,1234,3237,74483515,53745840,423.08,22000.0,2.3,4.22,0.4461,4.42,46605.71
55031,"County 031, WI",WI,2023,31057,96632,2417260113,1886002969,464.0,24127.94,0.3,2.92,0.6593,3.59,58951.69
55032,"County 032, WI",WI,2023,794,2832,87173715,60858019,576.59,29982.9,0.23,1.7,1.3884,2.04,52687.28
55033,"County 033, WI",WI,2023,214,827,17895659,12563862,423.08,22000.0,0.74,5.79,1.0293,3.67,43405.13
55034,"County 034, WI",WI,2023,65653,299100,6644204152,5280195273,423.08,22000.0,1.39,2.72,0.7187,3.83,55054.04
55035,"County 035, WI",WI,2023,22185,109039,5076131786,3369333828,891.04,46334.3,0.54,1.35,1.0557,1.17,59569.77
55036,"County 036, WI",WI,2023,9180,33891,988436916,783152651,547.97,28494.35,-0.32,7.27,0.8974,5.21,57995.32
55037,"County 037, WI",WI,2023,1107,3714,78721618,61006212,423.08,22000.0,-1.07,3.19,0.5604,4.51,46509.66
55038,"County 038, WI",WI,2023,1762,6239,179646377,129121726,550.38,28620.01,4.15,4.52,1.2319,4.27,57471.94
55039,"County 039, WI",WI,2023,1461,8207,319941775,209852176,740.99,38531.29,3.77,4.43,1.085,2.14,63969.41
55040,"County 040, WI",WI,2023,3622,9350,235434233,165286538,502.42,26126.03,2.8,4.19,1.0265,3.13,44061.15
55041,"County 041, WI",WI,2023,21657,62149,1314742417,929999461,423.08,22000.0,-2.24,4.13,1.5785,3.57,47161.17
55042,"County 042, WI",WI,2023,4781,19221,645969158,395848601,630.62,32792.21,2.23,3.58,0.8355,3.06,59601.92
55043,"County 043, WI",WI,2023,985,3107,68992823,54072947,436.35,22690.16,4.32,4.57,1.0931,4.34,48876.63
55044,"County 044, WI",WI,2023,613,2059,59910666,45075121,560.3,29135.77,2.7,6.1,1.3473,3.09,55688.51
55045,"County 045, WI",WI,2023,196,361,12496073,8089983,650.14,33807.32,1.14,4.25,1.0636,3.83,52786.1
55046,"County 046, WI",WI,2023,2166,6076,128323532,86393479,423.08,22000.0,4.42,2.26,1.3334,4.48,51323.37
55047,"County 047, WI",WI,2023,256,763,16752511,12726711,423.08,22000.0,-0.59,2.89,0.8501,3.42,53842.9
55048,"County 048, WI",WI,2023,250,843,20046148,15220881,463.74,24114.45,6.41,3.54,1.7334,3.7,48765.74
55049,"County 049, WI",WI,2023,29062,83667,2514342968,1668629685,588.18,30585.2,0.94,6.45,1.1578,4.16,43621.35
55050,"County 050, WI",WI,2023,2300,13511,307461056,214590206,423.08,22000.0,-1.97,3.75,0.9439,2.47,54537.17
55051,"County 051, WI",WI,2023,89853,239684,7313448623,5188019404,569.35,29606.3,4.64,-0.44,1.6758,4.3,40655.64
55052,"County 052, WI",WI,2023,234,874,20737649,14052882,469.3,24403.41,2.41,5.78,0.8886,3.92,51569.52
55053,"County 053, WI",WI,2023,18860,71729,1557588503,1238562948,423.08,22000.0,0.26,3.37,1.7251,3.95,52526.67
55054,"County 054, WI",WI,2023,31001,119940,2638020398,1999636912,423.08,22000.0,0.02,3.02,1.016,4.19,52176.43
55055,"County 055, WI",WI,2023,1884,6493,158740927,108995160,448.26,23309.64,5.89,2.72,0.6067,2.66,52063.74
55056,"County 056, WI",WI,2023,696,3132,77120243,55057591,489.83,25471.28,3.28,4.98,1.1878,3.9,46238.2
55057,"County 057, WI",WI,2023,4282,20552,555115207,412608837,546.6,28423.06,0.91,2.53,1.2162,5.8,53514.85
55058,"County 058, WI",WI,2023,3637,12758,461238407,320342987,681.32,35428.59,2.51,6.47,0.8855,3.39,54780.33
55059,"County 059, WI",WI,2023,32980,107141,3597493275,2236473455,644.34,33505.65,2.7,1.36,1.0093,2.73,49017.76
55060,"County 060, WI",WI,2023,12307,23958,524301389,404486328,423.08,22000.0,1.73,4.75,0.9569,3.67,42941.34
55061,"County 061, WI",WI,2023,3262,11511,404509343,274811629,658.11,34221.91,-0.26,2.82,1.1268,2.76,57033.44
55062,"County 062, WI",WI,2023,1640,7990,181940813,127549093,423.08,22000.0,0.69,2.79,0.6612,4.87,59140.63
55063,"County 063, WI",WI,2023,18167,61989,1314088706,871048161,423.08,22000.0,4.16,3.91,1.0078,3.98,57766.14
55064,"County 064, WI",WI,2023,18381,63836,1414142625,1033256529,423.08,22000.0,-0.47,3.42,2.2322,3.75,48116.4
55065,"County 065, WI",WI,2023,2220,9013,265339449,204083987,552.13,28710.7,2.62,3.4,1.4338,2.59,61433.08
55066,"County 066, WI",WI,2023,37308,102917,2187746177,1632976305,424.11,22053.91,0.01,3.6,0.8961,3.14,44753.89
55067,"County 067, WI",WI,2023,4213,19141,425788875,256148075,423.08,22000.0,5.25,0.75,1.1196,4.54,49265.23
55068,"County 068, WI",WI,2023,4572,15186,459518269,336186206,597.99,31095.53,1.96,3.91,1.787,3.86,49334.18
55069,"County 069, WI",WI,2023,518,3388,88000752,56378298,508.7,26452.23,-0.38,2.36,0.72,1.76,51119.94
55070,"County 070, WI",WI,2023,2179,10022,219436248,137880973,439.63,22860.84,4.1,3.65,1.0864,3.27,46912.8
55071,"County 071, WI",WI,2023,9657,44096,1239075062,750326045,564.25,29340.85,3.71,3.42,0.4765,5.24,52239.43
55072,"County 072, WI",WI,2023,1732,7858,192407767,138689349,471.81,24534.2,4.6,4.73,0.9516,3.32,56245.48
56001,"County 001, WY",WY,2023,4572,10155,644567277,507433008,1204.61,62639.48,4.25,3.7,1.236,3.11,33249.34
56002,"County 002, WY",WY,2023,171972,492822,36114490422,27418817134,1389.37,72247.49,0.18,3.77,0.9085,1.05,41615.3
56003,"County 003, WY",WY,2023,9279,40402,2601121510,1614829468,1294.14,67295.11,1.64,4.13,1.1824,2.73,42958.41
56004,"County 004, WY",WY,2023,5581,16532,847305894,577560739,1000.29,52014.98,1.9,8.25,0.9589,2.77,29274.69
56005,"County 005, WY",WY,2023,5549,24858,1512104144,1063371063,1136.72,59109.39,1.95,2.9,1.6638,3.28,33341.05
56006,"County 006, WY",WY,2023,4182,12225,691956696,536868030,1137.39,59144.12,0.72,3.33,1.0334,2.3,34865.57
56007,"County 007, WY",WY,2023,6059,29804,1722432371,1242304657,1061.7,55208.49,-2.63,4.71,1.562,3.01,30317.95
56008,"County 008, WY",WY,2023,3666,21739,1214890101,759151679,1075.61,55931.68,-1.54,3.16,0.9559,2.15,35381.78
56009,"County 009, WY",WY,2023,8525,22557,1493474287,1143986083,1234.9,64215.05,2.33,3.06,1.1394,2.39,29646.36
56010,"County 010, WY",WY,2023,5673,21806,1534759893,1108421142,1316.95,68481.46,5.33,4.01,0.9233,1.71,35703.01
56011,"County 011, WY",WY,2023,7928,44244,3037349504,2131105270,1342.24,69796.73,2.93,6.14,0.9798,1.8,49960.87
56012,"County 012, WY",WY,2023,1439,3150,172046116,108371306,1097.79,57084.98,1.45,1.56,0.9695,2.34,33265.79
56013,"County 013, WY",WY,2023,275,1175,82441156,61855308,1402.65,72937.75,1.71,-0.6,1.3724,1.98,42127.29
56014,"County 014, WY",WY,2023,114526,307269,22138423312,14587750827,1351.24,70264.28,-1.67,-0.29,0.6413,1.11,36290.73
56015,"County 015, WY",WY,2023,3139,9941,505683059,373938798,1003.06,52158.99,1.61,4.78,1.775,2.71,40427.88
56016,"County 016, WY",WY,2023,16346,46856,2569428877,1746062740,1075.28,55914.67,2.35,4.04,1.4925,2.84,26120.42
56017,"County 017, WY",WY,2023,12385,42329,2979996571,1823634357,1344.66,69922.48,4.27,2.63,0.7721,1.4,34410.33
56018,"County 018, WY",WY,2023,9509,31151,2060512612,1638054365,1327.85,69048.0,-2.12,6.62,0.8332,2.3,42353.52
56019,"County 019, WY",WY,2023,12388,41293,2374440724,1471975000,1095.51,56966.54,2.68,2.68,1.465,4.33,30372.84
56020,"County 020, WY",WY,2023,3614,8057,533823971,343693023,1337.93,69572.5,-3.88,4.48,0.9963,1.76,40624.21
56021,"County 021, WY",WY,2023,6971,20651,794507350,614486554,773.15,40203.68,-2.78,3.89,1.616,4.1,34362.32
56022,"County 022, WY",WY,2023,389,787,61029476,48709901,1424.21,74059.07,1.64,6.2,1.7578,1.0,39184.01
56023,"County 023, WY",WY,2023,2563,8053,549424451,420166169,1271.66,66126.4,0.67,2.82,0.899,2.4,47098.39
